{
    "num_conv_blocks": 2,
    "initial_channels": 16,
    "dropout_rate": 0.33,
    "learning_rate": 0.0001,
    "best_test_r2": 0.6405057907104492,
    "best_test_loss": 0.36740225553512573,
    "final_train_r2": 0.4504294991493225,
    "train_r2_history": [
        -0.53560471534729,
        0.016004085540771484,
        0.19201815128326416,
        -0.21416985988616943,
        -0.03314077854156494,
        0.013174474239349365,
        0.27550238370895386,
        0.18837010860443115,
        0.2485385537147522,
        0.25238239765167236,
        0.09713876247406006,
        0.1562005877494812,
        0.15385907888412476,
        0.22286957502365112,
        0.43244731426239014,
        0.17361503839492798,
        0.08406686782836914,
        0.057705700397491455,
        0.21360814571380615,
        0.2612602114677429,
        0.24666070938110352,
        0.3421732783317566,
        0.4731600880622864,
        0.3100583553314209,
        0.34480589628219604,
        0.3774802088737488,
        0.2157285213470459,
        0.5040684342384338,
        0.2510729432106018,
        0.35137003660202026,
        0.4021875858306885,
        0.3547760248184204,
        0.24546658992767334,
        0.3468286395072937,
        0.4784412980079651,
        0.33703088760375977,
        0.26873457431793213,
        0.3809710144996643,
        0.3070709705352783,
        0.4095309376716614,
        0.13423395156860352,
        0.20258504152297974,
        0.45038795471191406,
        0.4432426691055298,
        0.4413612484931946,
        0.6003983616828918,
        0.34515953063964844,
        0.5044851899147034,
        0.5332945585250854,
        0.5481247901916504,
        0.5631484985351562,
        0.4390086531639099,
        0.5543723702430725,
        0.43652552366256714,
        0.4730296730995178,
        0.3369443416595459,
        0.48349612951278687,
        0.5553015470504761,
        0.5638159513473511,
        0.46952641010284424,
        0.5909215211868286,
        0.4504294991493225
    ],
    "test_r2_history": [
        -1.1563189029693604,
        -0.9505834579467773,
        -0.5195620059967041,
        -0.3851196765899658,
        -0.42217135429382324,
        -0.12929248809814453,
        0.07038617134094238,
        0.1415020227432251,
        0.2671835422515869,
        0.32321470975875854,
        0.31989192962646484,
        0.18391656875610352,
        0.3918471932411194,
        0.48940610885620117,
        0.4080752730369568,
        0.23685747385025024,
        0.33586573600769043,
        0.3413078188896179,
        0.32767999172210693,
        0.4919010400772095,
        0.4236743450164795,
        0.4931362271308899,
        0.5034421682357788,
        0.545233964920044,
        0.343120276927948,
        0.3606354594230652,
        0.49733132123947144,
        0.46606677770614624,
        0.44264721870422363,
        0.5469828248023987,
        0.5827053785324097,
        0.22526127099990845,
        0.19396066665649414,
        0.3748161792755127,
        0.34507209062576294,
        0.413890540599823,
        0.4486615061759949,
        0.5097719430923462,
        0.47272831201553345,
        0.5618302822113037,
        0.4816962480545044,
        0.5092554092407227,
        0.6405057907104492,
        0.6290974020957947,
        0.5748149156570435,
        0.5488516092300415,
        0.48512524366378784,
        0.5494556427001953,
        0.6066187024116516,
        0.594563364982605,
        0.5832715630531311,
        0.534771203994751,
        0.5615973472595215,
        0.5570421814918518,
        0.531161904335022,
        0.5075720548629761,
        0.4800958037376404,
        0.42784398794174194,
        0.4232938289642334,
        0.4703015089035034,
        0.515892505645752,
        0.5331076383590698
    ],
    "train_loss_history": [
        1.5738576253255208,
        1.0205390089088016,
        0.8377133044931624,
        1.2554365429613326,
        1.0658497975932226,
        1.0159162282943726,
        0.7434685991870033,
        0.8359997835424211,
        0.7779580056667328,
        0.7772072288725111,
        0.9395551118585799,
        0.8825982047451867,
        0.8752476386725903,
        0.7996364831924438,
        0.5821188208129671,
        0.8487366868389977,
        0.9374426785442564,
        0.9732945221993659,
        0.81920551839802,
        0.7569010787540011,
        0.7713120033343633,
        0.6829410211907493,
        0.5508128288719389,
        0.7178250021404691,
        0.6740877909792794,
        0.6435055649942822,
        0.8049545014897982,
        0.515285407503446,
        0.7702928947077857,
        0.667242200838195,
        0.6130869405137168,
        0.6691279825237062,
        0.7923143166634772,
        0.6715907115075324,
        0.5418667081329558,
        0.6774811148643494,
        0.7634878241353564,
        0.6433304018444486,
        0.7242340478632185,
        0.6126990533537335,
        0.8979665835698446,
        0.8252419448561139,
        0.5688384821017584,
        0.5812793556186888,
        0.573623259862264,
        0.40850986954238677,
        0.6734043823348151,
        0.5128902312782075,
        0.4787958545817269,
        0.4761953829891152,
        0.4548759046528075,
        0.5786615295542611,
        0.46806416081057656,
        0.5721976682543755,
        0.5499119742049111,
        0.6748046163055632,
        0.5459200938542684,
        0.4621642082929611,
        0.44342320660750073,
        0.5391087929407755,
        0.42367277211613125,
        0.5644737134377161
    ],
    "test_loss_history": [
        2.2037529945373535,
        1.9934916496276855,
        1.5529887676239014,
        1.4155890941619873,
        1.4534558057785034,
        1.1541343927383423,
        0.9500631093978882,
        0.8773829936981201,
        0.7489367723464966,
        0.6916729807853699,
        0.6950688362121582,
        0.8340352773666382,
        0.6215306520462036,
        0.5218257904052734,
        0.604945719242096,
        0.7799298763275146,
        0.6787436604499817,
        0.6731818318367004,
        0.6871094107627869,
        0.519275963306427,
        0.5890034437179565,
        0.518013596534729,
        0.5074809789657593,
        0.4647698402404785,
        0.6713294982910156,
        0.6534290313720703,
        0.5137261748313904,
        0.545678436756134,
        0.5696132779121399,
        0.46298253536224365,
        0.4264741539955139,
        0.7917812466621399,
        0.82377028465271,
        0.6389364004135132,
        0.6693347096443176,
        0.599002480506897,
        0.5634666681289673,
        0.5010119080543518,
        0.5388703942298889,
        0.4478084444999695,
        0.529705286026001,
        0.5015398263931274,
        0.36740225553512573,
        0.37906157970428467,
        0.4345381557941437,
        0.46107253432273865,
        0.5262007713317871,
        0.4604552090167999,
        0.4020347595214844,
        0.41435524821281433,
        0.42589548230171204,
        0.47546276450157166,
        0.4480465352535248,
        0.4527018368244171,
        0.47915151715278625,
        0.5032602548599243,
        0.5313408970832825,
        0.5847421288490295,
        0.5893923044204712,
        0.5413506627082825,
        0.4947567880153656,
        0.4771628975868225
    ]
}