{
    "num_conv_blocks": 3,
    "initial_channels": 64,
    "dropout_rate": 0.33,
    "learning_rate": 0.0001,
    "best_test_r2": 0.6780717968940735,
    "best_test_loss": 3.3675992488861084,
    "final_train_r2": -0.8678420782089233,
    "train_r2_history": [
        -26.055747985839844,
        -6.55324649810791,
        -3.839263916015625,
        -2.0028676986694336,
        -1.960434913635254,
        -1.4475445747375488,
        -2.1149961948394775,
        -1.914064645767212,
        -1.4485726356506348,
        -1.0622224807739258,
        -1.0974147319793701,
        -1.1988329887390137,
        -1.3584556579589844,
        -0.9706979990005493,
        -1.351395845413208,
        -1.1589736938476562,
        -1.0986435413360596,
        -1.1921055316925049,
        -1.1211631298065186,
        -0.9202556610107422,
        -0.9682048559188843,
        -0.896623969078064,
        -0.784601092338562,
        -0.774348258972168,
        -1.342458963394165,
        -0.7146608829498291,
        -1.2585625648498535,
        -0.4828164577484131,
        -0.9667948484420776,
        -0.7565348148345947,
        -0.7462862730026245,
        -0.6757209300994873,
        -0.5941380262374878,
        -0.3707754611968994,
        -0.6973615884780884,
        -0.6283332109451294,
        -0.5208230018615723,
        -0.8665338754653931,
        -0.6147280931472778,
        -0.5659582614898682,
        -0.5044558048248291,
        -0.6790362596511841,
        -0.7439579963684082,
        -0.6063088178634644,
        -0.571391224861145,
        -0.8678420782089233
    ],
    "test_r2_history": [
        -30.712759017944336,
        -21.092411041259766,
        -11.429046630859375,
        -8.02117919921875,
        -2.711158275604248,
        0.016256272792816162,
        0.06078004837036133,
        -0.4286569356918335,
        -0.3265620470046997,
        -0.15812325477600098,
        -0.26170551776885986,
        -0.3504476547241211,
        0.15743887424468994,
        -0.06230509281158447,
        -0.6511142253875732,
        0.1291888952255249,
        0.28307288885116577,
        0.3663237690925598,
        -0.26115286350250244,
        0.2911587953567505,
        0.4349081516265869,
        0.6011884808540344,
        0.5124040842056274,
        0.45371001958847046,
        -0.20725691318511963,
        0.21208178997039795,
        0.6780717968940735,
        -0.010236144065856934,
        -0.06984174251556396,
        0.593191385269165,
        0.6023300886154175,
        0.6402108669281006,
        0.405877947807312,
        0.4357184171676636,
        0.517756462097168,
        0.4787634611129761,
        0.5369817018508911,
        0.2969346046447754,
        0.44636833667755127,
        0.5481984615325928,
        0.5049289464950562,
        0.31520551443099976,
        0.3829234838485718,
        0.432852566242218,
        0.4208303689956665,
        0.42856472730636597
    ],
    "train_loss_history": [
        268.1000671386719,
        74.68672063615587,
        49.24993536207411,
        30.029838773939346,
        29.205160564846462,
        25.38438579771254,
        31.21592860751682,
        29.63509962293837,
        24.55892324447632,
        20.9881657494439,
        21.257746590508354,
        21.93244769838121,
        23.562480820549858,
        19.529127226935493,
        23.885142008463543,
        21.478813860151504,
        20.93698247273763,
        21.843087196350098,
        21.08839766184489,
        19.04211499955919,
        19.630537350972492,
        18.770330323113335,
        18.359270678626167,
        17.640067683325874,
        23.215323236253525,
        17.370238727993435,
        22.580696529812283,
        14.75768910513984,
        20.08849663204617,
        17.58409701453315,
        17.52783351474338,
        16.650084601508247,
        16.10775719748603,
        13.796713299221462,
        16.83386908637153,
        16.12735186682807,
        15.18075180053711,
        18.863656255933975,
        16.300542725457085,
        15.768580383724636,
        14.947867419984606,
        16.738972398969864,
        17.820175488789875,
        16.06356970469157,
        15.704393121931288,
        18.819595601823593
    ],
    "test_loss_history": [
        331.7381591796875,
        231.10243225097656,
        130.0167236328125,
        94.36798095703125,
        38.82136917114258,
        10.290663719177246,
        9.824913024902344,
        14.94477367401123,
        13.876788139343262,
        12.114797592163086,
        13.198344230651855,
        14.126649856567383,
        8.813793182373047,
        11.112471580505371,
        17.27183723449707,
        9.109306335449219,
        7.499570369720459,
        6.628705978393555,
        13.192562103271484,
        7.414986610412598,
        5.9112653732299805,
        4.171853542327881,
        5.100602149963379,
        5.7145843505859375,
        12.62877082824707,
        8.242189407348633,
        3.3675992488861084,
        10.567793846130371,
        11.19131088256836,
        4.255509376525879,
        4.159911155700684,
        3.7636518478393555,
        6.214941501617432,
        5.902789115905762,
        5.044612884521484,
        5.452507495880127,
        4.843502521514893,
        7.354568004608154,
        5.791383266448975,
        4.726167678833008,
        5.178797245025635,
        7.163441181182861,
        6.455061435699463,
        5.932767391204834,
        6.058528900146484,
        5.977621555328369
    ]
}