{
    "num_conv_blocks": 2,
    "initial_channels": 32,
    "dropout_rate": 0.33,
    "learning_rate": 0.0001,
    "best_test_r2": 0.06497061252593994,
    "best_test_loss": 9.78107738494873,
    "final_train_r2": -0.44411635398864746,
    "train_r2_history": [
        -27.720205307006836,
        -11.034167289733887,
        -5.298107624053955,
        -2.557548999786377,
        -1.739680528640747,
        -2.540955066680908,
        -2.094487190246582,
        -1.7027087211608887,
        -1.8856875896453857,
        -2.005232810974121,
        -1.4707531929016113,
        -1.6834461688995361,
        -1.9334001541137695,
        -1.4821231365203857,
        -1.348090648651123,
        -1.4674804210662842,
        -1.6277439594268799,
        -1.6284756660461426,
        -1.9260003566741943,
        -0.8530175685882568,
        -1.2558257579803467,
        -2.0762617588043213,
        -1.2567529678344727,
        -1.6234633922576904,
        -1.4702224731445312,
        -1.882728099822998,
        -0.49437057971954346,
        -1.6667828559875488,
        -1.8330738544464111,
        -1.0865590572357178,
        -1.3415749073028564,
        -0.5771042108535767,
        -1.8452439308166504,
        -0.8815442323684692,
        -1.3694019317626953,
        -0.44411635398864746
    ],
    "test_r2_history": [
        -31.11093521118164,
        -23.298616409301758,
        -14.47957706451416,
        -10.076067924499512,
        -6.5972185134887695,
        -5.591827392578125,
        -3.038621425628662,
        -1.5006375312805176,
        -1.1499972343444824,
        -0.954572319984436,
        -0.3387340307235718,
        -0.3011993169784546,
        -0.9263914823532104,
        -2.202151298522949,
        -0.899511456489563,
        0.007885932922363281,
        0.06497061252593994,
        -0.566764235496521,
        -1.4197769165039062,
        -1.499830722808838,
        -0.33468472957611084,
        -0.6369503736495972,
        -0.3653888702392578,
        -0.2165231704711914,
        -0.2770540714263916,
        -0.3857020139694214,
        -0.21219444274902344,
        -0.062102556228637695,
        -1.2469513416290283,
        -1.0269155502319336,
        -0.7766563892364502,
        -0.2284926176071167,
        -0.10524368286132812,
        -0.0006945133209228516,
        0.035133540630340576,
        -0.0605999231338501
    ],
    "train_loss_history": [
        285.7632191975911,
        119.66301091512044,
        62.12688170539008,
        35.70828755696615,
        27.671966340806748,
        34.998762660556366,
        30.760173002878826,
        27.11523214975993,
        29.134504636128742,
        30.87167199452718,
        25.616038216484917,
        26.680235544840496,
        29.87363772922092,
        24.613402154710556,
        23.7080815633138,
        24.498247888353134,
        26.210986614227295,
        25.869801574283176,
        29.489169120788574,
        18.444777011871338,
        22.629452493455673,
        30.568220138549805,
        22.515756395128037,
        26.38737350040012,
        24.67165618472629,
        28.81801266140408,
        14.773090521494547,
        26.774618837568497,
        28.073513348897297,
        21.35083685980903,
        23.470540364583332,
        15.546141730414497,
        29.021734343634712,
        19.113812817467583,
        23.885664145151775,
        14.530866463979086
    ],
    "test_loss_history": [
        335.90338134765625,
        254.18089294433594,
        161.9274444580078,
        115.86358642578125,
        79.47234344482422,
        68.95523834228516,
        42.24686813354492,
        26.158458709716797,
        22.490509033203125,
        20.44622230529785,
        14.004115104675293,
        13.611478805541992,
        20.15143394470215,
        33.496795654296875,
        19.870248794555664,
        10.378223419189453,
        9.78107738494873,
        16.389474868774414,
        25.312597274780273,
        26.1500244140625,
        13.961759567260742,
        17.123674392700195,
        14.28294563293457,
        12.725703239440918,
        13.358898162841797,
        14.495436668395996,
        12.680421829223633,
        11.110352516174316,
        23.50472068786621,
        21.202987670898438,
        18.58509635925293,
        12.850912094116211,
        11.561638832092285,
        10.46798038482666,
        10.093194007873535,
        11.094633102416992
    ]
}