{
    "num_conv_blocks": 3,
    "initial_channels": 64,
    "dropout_rate": 0.33,
    "learning_rate": 0.001,
    "best_test_r2": 0.6924445033073425,
    "best_test_loss": 0.31432095170021057,
    "final_train_r2": 0.029712319374084473,
    "train_r2_history": [
        -5.620886325836182,
        -1.0780024528503418,
        -0.49518442153930664,
        -0.2638930082321167,
        -0.015816688537597656,
        -0.1932770013809204,
        -0.009341597557067871,
        -0.4498783349990845,
        -0.15839171409606934,
        0.06199443340301514,
        0.04049772024154663,
        -0.05345475673675537,
        0.2583770751953125,
        0.12789279222488403,
        0.17794615030288696,
        0.10753732919692993,
        0.010846316814422607,
        0.3763146996498108,
        0.1501256823539734,
        0.2513090968132019,
        0.029712319374084473
    ],
    "test_r2_history": [
        -1.6610853672027588,
        0.6924445033073425,
        0.07953500747680664,
        0.539986789226532,
        0.09987694025039673,
        -0.03411078453063965,
        0.4649890065193176,
        -0.02215135097503662,
        0.14825785160064697,
        0.5528056621551514,
        0.49827951192855835,
        0.6724785566329956,
        0.6645350456237793,
        0.5674015283584595,
        0.4220768213272095,
        0.42820489406585693,
        0.5749713182449341,
        0.5255794525146484,
        0.5993199348449707,
        0.655541181564331,
        0.5982650518417358
    ],
    "train_loss_history": [
        6.739338947667016,
        2.1664709779951306,
        1.534894307454427,
        1.2997603217760723,
        1.038553496201833,
        1.23755372232861,
        1.0391402029328876,
        1.4895615975062053,
        1.2120442257987127,
        0.9728439185354445,
        0.9923292580578063,
        1.0881312489509583,
        0.7634672191407945,
        0.9066765738858117,
        0.8523638215329912,
        0.9158781468868256,
        1.0197675161891513,
        0.649499151441786,
        0.8655300603972541,
        0.7733180407020781,
        1.0045929352442424
    ],
    "test_loss_history": [
        2.719623327255249,
        0.31432095170021057,
        0.9407130479812622,
        0.47013241052627563,
        0.919923722743988,
        1.056858777999878,
        0.5467799305915833,
        1.0446362495422363,
        0.8704785108566284,
        0.4570315182209015,
        0.5127571821212769,
        0.33472609519958496,
        0.3428443968296051,
        0.44211459159851074,
        0.5906361937522888,
        0.5843732953071594,
        0.43437832593917847,
        0.48485666513442993,
        0.4094940721988678,
        0.35203608870506287,
        0.4105721414089203
    ]
}