{
    "num_conv_blocks": 2,
    "initial_channels": 64,
    "dropout_rate": 0.33,
    "learning_rate": 0.001,
    "best_test_r2": 0.42980217933654785,
    "best_test_loss": 192.14857482910156,
    "final_train_r2": 0.7089184522628784,
    "train_r2_history": [
        -0.8429365158081055,
        -0.550213098526001,
        -0.1740405559539795,
        -0.20467257499694824,
        0.046507060527801514,
        -0.22928297519683838,
        0.035678863525390625,
        0.15661221742630005,
        0.25851941108703613,
        0.294924795627594,
        0.2443544864654541,
        0.20660275220870972,
        0.28508996963500977,
        0.33940935134887695,
        0.42592543363571167,
        0.3236653208732605,
        0.17908382415771484,
        0.4647432565689087,
        0.3159078359603882,
        0.574786901473999,
        0.4929927587509155,
        0.5866739749908447,
        0.5378494262695312,
        0.5351136922836304,
        0.5264248847961426,
        0.522646963596344,
        0.5153442621231079,
        0.5270991325378418,
        0.5131052732467651,
        0.5251028537750244,
        0.6423091888427734,
        0.5335472822189331,
        0.5484564304351807,
        0.5802921056747437,
        0.5451321601867676,
        0.541204571723938,
        0.5722372531890869,
        0.6687255501747131,
        0.6182016134262085,
        0.6379256248474121,
        0.6639747619628906,
        0.6027258634567261,
        0.6835983991622925,
        0.6251868009567261,
        0.5882688760757446,
        0.6945009231567383,
        0.6263132095336914,
        0.5960074663162231,
        0.7276986241340637,
        0.663469672203064,
        0.7414036989212036,
        0.6703372597694397,
        0.6219473481178284,
        0.773289144039154,
        0.7127894163131714,
        0.6287238597869873,
        0.5975577235221863,
        0.7479569911956787,
        0.7425699234008789,
        0.7673120498657227,
        0.7609328031539917,
        0.67475825548172,
        0.6292024850845337,
        0.6691111326217651,
        0.6886435747146606,
        0.7065051794052124,
        0.6927565336227417,
        0.6624525785446167,
        0.7279876470565796,
        0.7089184522628784
    ],
    "test_r2_history": [
        -1.8698246479034424,
        -0.1927107572555542,
        0.0393337607383728,
        -0.1105494499206543,
        0.030291438102722168,
        0.0007785558700561523,
        0.26473158597946167,
        0.206570565700531,
        0.07401978969573975,
        0.20015674829483032,
        0.08665722608566284,
        0.08683645725250244,
        0.21430760622024536,
        0.30402737855911255,
        0.19470340013504028,
        0.19034796953201294,
        0.25750213861465454,
        0.3356741666793823,
        0.1628437042236328,
        0.22392410039901733,
        0.3163374066352844,
        0.18306565284729004,
        0.2935764193534851,
        0.18089157342910767,
        0.2630089521408081,
        0.306814968585968,
        0.353889524936676,
        0.2201811671257019,
        0.284323513507843,
        0.3379058837890625,
        0.31578272581100464,
        0.20965206623077393,
        0.2672523260116577,
        0.3316003084182739,
        0.2936106324195862,
        0.30355650186538696,
        0.331418514251709,
        0.3607977628707886,
        0.4042784571647644,
        0.42720234394073486,
        0.407436728477478,
        0.3420169949531555,
        0.2928518056869507,
        0.2855892777442932,
        0.34038859605789185,
        0.358198881149292,
        0.3563481569290161,
        0.37378019094467163,
        0.39981257915496826,
        0.4178314208984375,
        0.42980217933654785,
        0.41536927223205566,
        0.40844786167144775,
        0.4057960510253906,
        0.4114299416542053,
        0.3978741765022278,
        0.363162100315094,
        0.3628707528114319,
        0.36229777336120605,
        0.3921774625778198,
        0.4052506685256958,
        0.3998527526855469,
        0.381026029586792,
        0.39460206031799316,
        0.3871159553527832,
        0.38114237785339355,
        0.37693023681640625,
        0.3703654408454895,
        0.3627170920372009,
        0.3707810044288635
    ],
    "train_loss_history": [
        633.0794406467014,
        530.3404405381945,
        405.42439948187933,
        417.7066006130642,
        336.0034366183811,
        423.62543402777777,
        336.66429138183594,
        291.29390292697485,
        256.6345859103733,
        248.42224544949002,
        259.1110831366645,
        271.5240003797743,
        247.9465823703342,
        228.7312003241645,
        202.53390757242838,
        236.129635281033,
        284.29086218939887,
        185.38388146294488,
        234.9742168850369,
        145.29086430867514,
        178.94478691948785,
        141.94904793633356,
        158.6501490275065,
        161.15846252441406,
        165.99371676974826,
        166.64771355523004,
        168.22937647501627,
        165.20310931735568,
        167.35929107666016,
        166.5822016398112,
        124.1606068081326,
        159.77558093600803,
        160.3218061659071,
        151.26365407307944,
        158.04798550075955,
        156.72372182210287,
        148.79819997151694,
        115.97173351711697,
        132.5316882663303,
        125.03063371446397,
        118.51641760932074,
        136.43770599365234,
        110.87349870469835,
        130.7743674384223,
        141.35462782118054,
        105.08652199639215,
        129.80041800604926,
        139.09612147013345,
        95.64349831475153,
        115.86246490478516,
        90.57566134134929,
        114.89063284132216,
        132.16607581244574,
        78.46592458089192,
        100.25675879584418,
        126.67246627807617,
        139.01406394110785,
        87.22576649983723,
        90.42011176215277,
        80.86455239189996,
        82.11467912462022,
        115.64823235405817,
        128.0681012471517,
        113.98412789238824,
        106.26204427083333,
        102.4046868218316,
        110.7452023824056,
        118.2137188381619,
        94.00849914550781,
        99.29067696465387
    ],