{
    "num_conv_blocks": 4,
    "initial_channels": 16,
    "dropout_rate": 0.33,
    "learning_rate": 0.001,
    "best_test_r2": 0.45245397090911865,
    "best_test_loss": 30.867721557617188,
    "final_train_r2": 0.25969213247299194,
    "train_r2_history": [
        -0.14553332328796387,
        -0.09768187999725342,
        -0.07331192493438721,
        0.0916183590888977,
        0.12039458751678467,
        -0.009052753448486328,
        0.012334585189819336,
        0.10949188470840454,
        0.1260303258895874,
        -0.027516722679138184,
        0.07060974836349487,
        0.01803642511367798,
        0.1865054965019226,
        0.16552305221557617,
        0.13362717628479004,
        0.20925170183181763,
        0.3000989556312561,
        0.26392680406570435,
        0.35882997512817383,
        0.17712068557739258,
        0.32684361934661865,
        0.192485511302948,
        0.29297971725463867,
        0.19662326574325562,
        0.31544578075408936,
        0.2693161368370056,
        0.26704275608062744,
        0.25969213247299194
    ],
    "test_r2_history": [
        -0.3149855136871338,
        -0.19032788276672363,
        0.008482396602630615,
        0.0922664999961853,
        0.38723254203796387,
        0.13838648796081543,
        0.09825485944747925,
        0.1685243844985962,
        0.45245397090911865,
        -0.005730628967285156,
        0.13607656955718994,
        0.12644565105438232,
        0.07275742292404175,
        0.3196312189102173,
        0.21259665489196777,
        0.2327481508255005,
        0.3909894824028015,
        0.403714120388031,
        0.37046438455581665,
        0.3156861662864685,
        0.2894873023033142,
        0.3112279176712036,
        0.342191219329834,
        0.33963078260421753,
        0.4115123152732849,
        0.35275912284851074,
        0.25871044397354126,
        0.3024256229400635
    ],
    "train_loss_history": [
        34.78895123799642,
        33.393078645070396,
        32.73361036512587,
        27.543135431077744,
        27.00414254930284,
        30.752778159247505,
        29.949975119696724,
        27.189039018419052,
        26.74660979376899,
        31.39700656467014,
        28.369027773539226,
        30.031751102871365,
        24.925163904825848,
        25.704665078057182,
        26.42241456773546,
        24.22624439663357,
        21.18802621629503,
        22.532102478875053,
        19.376963244544136,
        25.243733088175457,
        20.40857399834527,
        24.497799131605362,
        21.40028805202908,
        24.688621203104656,
        20.809238963656956,
        22.50435733795166,
        22.338663736979168,
        22.4181702931722
    ],
    "test_loss_history": [
        74.1318588256836,
        67.10432434082031,
        55.896453857421875,
        51.17316436767578,
        34.5445556640625,
        48.57316207885742,
        50.83557891845703,
        46.8741455078125,
        30.867721557617188,
        56.697715759277344,
        48.703392028808594,
        49.246334075927734,
        52.272972106933594,
        38.355560302734375,
        44.38959503173828,
        43.25355911254883,
        34.332759857177734,
        33.61541748046875,
        35.4898567199707,
        38.57796096801758,
        40.05491256713867,
        38.82928466796875,
        37.08374786376953,
        37.228084564208984,
        33.17578887939453,
        36.48798370361328,
        41.78995132446289,
        39.32551193237305
    ]
}