{
    "num_conv_blocks": 4,
    "initial_channels": 16,
    "dropout_rate": 0.33,
    "learning_rate": 0.0001,
    "best_test_r2": -0.04729568958282471,
    "best_test_loss": 352.9237365722656,
    "final_train_r2": 0.47334980964660645,
    "train_r2_history": [
        -3.2225379943847656,
        -3.0294971466064453,
        -2.7285408973693848,
        -2.3320956230163574,
        -1.8309803009033203,
        -1.349062442779541,
        -0.663031816482544,
        -0.17643141746520996,
        0.18287920951843262,
        0.2371177077293396,
        0.025414764881134033,
        0.08146333694458008,
        0.2852057218551636,
        0.19029712677001953,
        0.11971735954284668,
        0.14773154258728027,
        0.2550981044769287,
        0.3144403100013733,
        0.2405935525894165,
        0.07769036293029785,
        0.12169820070266724,
        0.19317913055419922,
        0.17789584398269653,
        0.38693493604660034,
        0.14774471521377563,
        0.256339967250824,
        0.20815545320510864,
        0.1549057960510254,
        0.20217597484588623,
        0.17023485898971558,
        0.3994371294975281,
        0.2096635103225708,
        0.33037734031677246,
        0.18038403987884521,
        0.35842573642730713,
        0.24907779693603516,
        0.30805808305740356,
        0.4063605070114136,
        0.2527458667755127,
        0.41644757986068726,
        0.4555424451828003,
        0.2866211533546448,
        0.28646934032440186,
        0.44514739513397217,
        0.48880720138549805,
        0.4554693102836609,
        0.32722175121307373,
        0.2575684189796448,
        0.40482038259506226,
        0.47334980964660645
    ],
    "test_r2_history": [
        -3.588435649871826,
        -3.5067853927612305,
        -3.3667845726013184,
        -3.1653833389282227,
        -2.72957181930542,
        -2.099334239959717,
        -1.4490842819213867,
        -0.8760180473327637,
        -0.6317105293273926,
        -0.41357624530792236,
        -0.7906734943389893,
        -0.8536109924316406,
        -0.5530005693435669,
        -0.3412480354309082,
        -0.546370267868042,
        -0.6829749345779419,
        -0.6076096296310425,
        -0.49038732051849365,
        -0.355180025100708,
        -0.324123740196228,
        -0.30498814582824707,
        -0.3527909517288208,
        -0.32571840286254883,
        -0.20352137088775635,
        -0.10874927043914795,
        -0.2693542242050171,
        -0.2985725402832031,
        -0.3199577331542969,
        -0.36117124557495117,
        -0.1204671859741211,
        -0.04729568958282471,
        -0.30443620681762695,
        -0.5522798299789429,
        -0.32454073429107666,
        -0.18862247467041016,
        -0.21001040935516357,
        -0.216636061668396,
        -0.21752715110778809,
        -0.1527482271194458,
        -0.1950751543045044,
        -0.1378864049911499,
        -0.21754205226898193,
        -0.14148318767547607,
        -0.17487728595733643,
        -0.1533946990966797,
        -0.18233096599578857,
        -0.19287025928497314,
        -0.17149853706359863,
        -0.22627222537994385,
        -0.17011487483978271
    ],
    "train_loss_history": [
        1463.4374321831597,
        1396.2111680772568,
        1290.9441935221355,
        1152.5819769965278,
        980.5442708333334,
        814.0934448242188,
        576.9513956705729,
        414.0081532796224,
        281.72967953152124,
        266.0902260674371,
        337.5381571451823,
        318.16064453125,
        253.49054972330728,
        285.012025197347,
        303.71206919352215,
        295.74755011664496,
        267.00731574164496,
        240.39581129286023,
        265.00931633843317,
        323.7743971082899,
        312.58003913031683,
        286.2384490966797,
        290.57131534152563,
        211.6323479546441,
        303.9433949788411,
        259.6635928683811,
        272.67494201660156,
        294.2015601264106,
        273.87623172336157,
        286.3748897976345,
        209.12694464789496,
        276.56839836968317,
        232.9240230984158,
        284.0578036838108,
        222.81299336751303,
        266.6113272772895,
        242.2443839179145,
        207.08460489908853,
        261.38277011447485,
        203.41048261854382,
        192.82577980889215,
        244.65272013346353,
        249.84819878472223,
        194.5358683268229,
        176.21110746595593,
        188.21716478135852,
        234.7844941880968,
        257.59308285183374,
        208.26448991563586,
        182.93599319458008
    ],
    "test_loss_history": [
        1546.2376708984375,
        1518.72265625,
        1471.5445556640625,
        1403.675048828125,
        1256.812744140625,
        1044.431884765625,
        825.306640625,
        632.1914672851562,
        549.8633422851562,
        476.3551330566406,
        603.4315795898438,
        624.6405639648438,
        523.3391723632812,
        451.98150634765625,
        521.1047973632812,
        567.1386108398438,
        541.74169921875,
        502.2393493652344,
        456.6764221191406,
        446.2109069824219,
        439.762451171875,
        455.871337890625,
        446.748291015625,
        405.569580078125,
        373.6327819824219,
        427.7543640136719,
        437.60052490234375,
        444.8070068359375,
        458.6954650878906,
        377.5815124511719,
        352.9237365722656,
        439.5765075683594,
        523.09619140625,
        446.3514404296875,
        400.54888916015625,
        407.7563171386719,
        409.9890441894531,
        410.2893981933594,
        388.4598083496094,
        402.723388671875,
        383.4515686035156,
        410.2943115234375,
        384.66363525390625,
        395.9169006347656,
        388.6776428222656,
        398.4287109375,
        401.9803771972656,
        394.7784118652344,
        413.2362976074219,
        394.31207275390625
    ]
}