{
    "num_conv_blocks": 3,
    "initial_channels": 16,
    "dropout_rate": 0.33,
    "learning_rate": 0.0001,
    "best_test_r2": 0.4508570432662964,
    "best_test_loss": 5.7444281578063965,
    "final_train_r2": -1.1636097431182861,
    "train_r2_history": [
        -32.755165100097656,
        -25.960052490234375,
        -16.460186004638672,
        -7.8613691329956055,
        -2.6383779048919678,
        -2.7395663261413574,
        -2.762404680252075,
        -2.017707586288452,
        -1.2871191501617432,
        -1.4296050071716309,
        -1.5101630687713623,
        -1.4571707248687744,
        -0.6858111619949341,
        -1.6419801712036133,
        -1.368830919265747,
        -1.068457841873169,
        -1.3637244701385498,
        -1.6660301685333252,
        -1.0130999088287354,
        -1.598728895187378,
        -1.2782912254333496,
        -0.9130522012710571,
        -1.4219334125518799,
        -1.1452279090881348,
        -1.4356305599212646,
        -1.2368836402893066,
        -1.6370651721954346,
        -0.6697812080383301,
        -1.058152198791504,
        -1.1353139877319336,
        -0.8626706600189209,
        -0.873548150062561,
        -1.4277684688568115,
        -0.8569581508636475,
        -0.776034951210022,
        -0.6132545471191406,
        -1.2099878787994385,
        -1.1306536197662354,
        -1.3151674270629883,
        -1.3601582050323486,
        -1.0462801456451416,
        -1.0386676788330078,
        -0.7362586259841919,
        -0.6501139402389526,
        -0.8065024614334106,
        -0.7755492925643921,
        -1.063197135925293,
        -1.379319429397583,
        -1.0265090465545654,
        -0.6568137407302856,
        -1.4974637031555176,
        -1.0755720138549805,
        -0.9772659540176392,
        -0.5866267681121826,
        -0.8874527215957642,
        -1.056732177734375,
        -1.1636097431182861
    ],
    "test_r2_history": [
        -33.090614318847656,
        -30.645662307739258,
        -25.663692474365234,
        -17.37224578857422,
        -8.943840026855469,
        -4.913935661315918,
        -3.052628993988037,
        -2.7507221698760986,
        -1.849686861038208,
        -1.5514616966247559,
        -1.0608816146850586,
        -0.9029823541641235,
        -0.7976676225662231,
        -0.3556617498397827,
        -0.27876996994018555,
        -0.3856191635131836,
        -0.1529172658920288,
        -0.610564112663269,
        -0.7143690586090088,
        -0.5820960998535156,
        -0.40636372566223145,
        0.161393940448761,
        -0.14531779289245605,
        -0.6500906944274902,
        -0.616052508354187,
        0.017919480800628662,
        -0.00041306018829345703,
        0.016148388385772705,
        0.11226397752761841,
        0.022497475147247314,
        0.20149725675582886,
        -0.04048299789428711,
        0.1807422637939453,
        0.19947892427444458,
        0.25724440813064575,
        0.31408780813217163,
        0.4128462076187134,
        0.4508570432662964,
        0.15425258874893188,
        0.21684622764587402,
        0.16313433647155762,
        0.2562727928161621,
        0.3265001177787781,
        0.3367597460746765,
        0.3864961266517639,
        0.3800063729286194,
        0.3654162287712097,
        0.2772248387336731,
        0.2819114923477173,
        0.152513325214386,
        0.21299242973327637,
        0.189691424369812,
        0.26082688570022583,
        0.24517470598220825,
        0.2575598359107971,
        0.26143014430999756,
        0.16880685091018677
    ],
    "train_loss_history": [
        337.86174858940973,
        269.44884914822046,
        173.7019543117947,
        87.9517428080241,
        36.586469650268555,
        38.157643212212456,
        37.67972882588705,
        29.94751230875651,
        22.735033247205948,
        24.152982208463882,
        25.398133171929253,
        24.842096911536323,
        17.003737608591717,
        26.564745055304634,
        24.27123196919759,
        20.91983922322591,
        23.541267500983345,
        26.85290061102973,
        19.97421905729506,
        25.972404797871906,
        23.42596615685357,
        19.37036106321547,
        25.00778653886583,
        21.252683109707302,
        24.42658805847168,
        22.77048937479655,
        26.059361033969456,
        16.79231023788452,
        20.427986992730034,
        21.3743839263916,
        18.768370628356934,
        18.453075302971733,
        24.2820217344496,
        19.15563858879937,
        17.774466514587402,
        16.351084815131294,
        22.2108629544576,
        21.398925569322373,
        23.320653703477646,
        23.35850281185574,
        20.109824154112076,
        20.396831936306423,
        17.449318567911785,
        16.92112175623576,
        18.350010871887207,
        17.572009298536514,
        21.117017163170708,
        23.91559844546848,
        20.225809733072918,
        16.504544258117676,
        24.91715579562717,
        20.647509468926323,
        19.667341020372177,
        15.952400737338596,
        18.978861808776855,
        20.882496515909832,
        22.018306096394856
    ],
    "test_loss_history": [
        356.6122131347656,
        331.0362548828125,
        278.92132568359375,
        192.1868438720703,
        104.01969146728516,
        61.86399459838867,
        42.393394470214844,
        39.23523712158203,
        29.809764862060547,
        26.690114974975586,
        21.558298110961914,
        19.90655517578125,
        18.80489158630371,
        14.181193351745605,
        13.376848220825195,
        14.49456787109375,
        12.060340881347656,
        16.847654342651367,
        17.933528900146484,
        16.549854278564453,
        14.711570739746094,
        8.772419929504395,
        11.980843544006348,
        17.26112937927246,
        16.905065536499023,
        10.27326488494873,
        10.465036392211914,
        10.291792869567871,
        9.286355018615723,
        10.225377082824707,
        8.352910995483398,
        10.884197235107422,
        8.570022583007812,
        8.3740234375,
        7.769754886627197,
        7.17513370513916,
        6.142048358917236,
        5.7444281578063965,
        8.847124099731445,
        8.192349433898926,
        8.754213333129883,
        7.7799201011657715,
        7.045290470123291,
        6.937966823577881,
        6.417690277099609,
        6.48557710647583,
        6.6382012367248535,
        7.5607452392578125,
        7.511720180511475,
        8.865317344665527,
        8.232662200927734,
        8.476407051086426,
        7.7322797775268555,
        7.896012783050537,
        7.766456127166748,
        7.725970268249512,
        8.69487476348877
    ]
}