{
    "num_conv_blocks": 2,
    "initial_channels": 16,
    "dropout_rate": 0.33,
    "learning_rate": 0.001,
    "best_test_r2": 0.6519714593887329,
    "best_test_loss": 0.355684369802475,
    "final_train_r2": 0.25016409158706665,
    "train_r2_history": [
        -0.514816403388977,
        -0.31132328510284424,
        -0.535651683807373,
        -0.1748727560043335,
        -0.23995256423950195,
        0.0029497146606445312,
        -0.06814718246459961,
        -0.13665151596069336,
        -0.01796722412109375,
        0.037611961364746094,
        -0.26431190967559814,
        -0.23719823360443115,
        -0.2141871452331543,
        0.06543987989425659,
        0.09505689144134521,
        0.3062937259674072,
        -0.001334547996520996,
        -0.2674475908279419,
        -0.010780096054077148,
        -0.02237558364868164,
        0.07175284624099731,
        -0.026279687881469727,
        -0.12699782848358154,
        -0.07956123352050781,
        0.12469285726547241,
        0.13093090057373047,
        0.21197986602783203,
        0.32997095584869385,
        0.08840876817703247,
        0.3754185438156128,
        0.17531156539916992,
        0.43893277645111084,
        0.0892290472984314,
        0.263077974319458,
        0.1801220178604126,
        0.1519526243209839,
        0.383672833442688,
        0.3463522791862488,
        0.3241207003593445,
        0.1894894242286682,
        0.3598366975784302,
        0.4031689167022705,
        0.25940167903900146,
        0.1924610137939453,
        0.33431529998779297,
        0.3059675097465515,
        0.14188838005065918,
        0.08283090591430664,
        0.3913601040840149,
        0.25016409158706665
    ],
    "test_r2_history": [
        -1.653881311416626,
        -0.8978536128997803,
        -0.3260505199432373,
        0.04280644655227661,
        -0.12908434867858887,
        0.25490128993988037,
        0.03690767288208008,
        0.3204806447029114,
        0.35090380907058716,
        0.1728762984275818,
        0.27022451162338257,
        -0.16583287715911865,
        0.5561633110046387,
        0.30366748571395874,
        0.5071114301681519,
        0.5255920886993408,
        0.2704698443412781,
        0.06962025165557861,
        0.545726478099823,
        0.10450416803359985,
        -0.10954856872558594,
        -0.12360763549804688,
        -0.17837834358215332,
        -0.0034418106079101562,
        0.162894606590271,
        0.6322551965713501,
        0.29717540740966797,
        0.1427973508834839,
        0.14424008131027222,
        0.39628106355667114,
        0.6519714593887329,
        0.44848501682281494,
        0.45424747467041016,
        0.1674100160598755,
        0.342293918132782,
        0.4185715913772583,
        0.4719422459602356,
        0.5955731272697449,
        0.5158201456069946,
        0.5371488332748413,
        0.45036035776138306,
        0.37686461210250854,
        0.5492222905158997,
        0.5679923892021179,
        0.43210428953170776,
        0.43615543842315674,
        0.49476003646850586,
        0.5441349744796753,
        0.47013068199157715,
        0.32677894830703735
    ],
    "train_loss_history": [
        1.5478687087694805,
        1.352695902188619,
        1.5815486792061064,
        1.22940589984258,
        1.3042510052522023,
        1.0260853932963476,
        1.1430182456970215,
        1.1803763806819916,
        1.0410618252224393,
        1.001835389269723,
        1.3042524655659993,
        1.2885808712906308,
        1.2636113829082913,
        0.9618662297725677,
        0.9289397067493863,
        0.7073900004227957,
        1.0410394536124334,
        1.333230197429657,
        1.0579944865571127,
        1.0467934476004706,
        0.9590194655789269,
        1.0641235344939761,
        1.1679251657591925,
        1.1271687969565392,
        0.899360199769338,
        0.9063861072063446,
        0.8140592409504784,
        0.6986678540706635,
        0.9449652896987067,
        0.6465266545613607,
        0.8587700658374362,
        0.5813426209820641,
        0.9454762207137214,
        0.7706125974655151,
        0.850046780374315,
        0.8699124058087667,
        0.6411788248353534,
        0.6739816218614578,
        0.6989609152078629,
        0.8378334045410156,
        0.6605625044968393,
        0.6296320077445772,
        0.7557471113072501,
        0.845547174413999,
        0.6919223351611031,
        0.7189056475957235,
        0.8854858577251434,
        0.9412999318705665,
        0.6430713484684626,
        0.7836259537272983
    ],
    "test_loss_history": [
        2.7122604846954346,
        1.9396018981933594,
        1.3552204370498657,
        0.9782495498657227,
        1.1539214849472046,
        0.7614890933036804,
        0.9842780232429504,
        0.6944672465324402,
        0.6633748412132263,
        0.8453184962272644,
        0.7458288073539734,
        1.1914784908294678,
        0.4536000192165375,
        0.7116501927375793,
        0.5037309527397156,
        0.4848437011241913,
        0.7455779910087585,
        0.9508458971977234,
        0.4642665386199951,
        0.9151946306228638,
        1.1339560747146606,
        1.1483243703842163,
        1.2042999267578125,
        1.0255151987075806,
        0.8555197715759277,
        0.37583431601524353,
        0.7182851433753967,
        0.8760590553283691,
        0.8745846748352051,
        0.6169992685317993,
        0.355684369802475,
        0.5636470913887024,
        0.5577578544616699,
        0.8509050011634827,
        0.6721740961074829,
        0.5942184329032898,
        0.5396738052368164,
        0.4133233428001404,
        0.49483075737953186,
        0.47303280234336853,
        0.5617303848266602,
        0.6368429064750671,
        0.46069371700286865,
        0.44151076674461365,
        0.580388069152832,
        0.5762477517127991,
        0.5163540840148926,
        0.465893030166626,
        0.5415251851081848,
        0.6880302429199219
    ]
}