{
    "num_conv_blocks": 3,
    "initial_channels": 32,
    "dropout_rate": 0.33,
    "learning_rate": 0.001,
    "best_test_r2": 0.8000537157058716,
    "best_test_loss": 0.20434458553791046,
    "final_train_r2": 0.3393586277961731,
    "train_r2_history": [
        -1.5242784023284912,
        -0.9864639043807983,
        -0.18494749069213867,
        -0.16676616668701172,
        -0.0883256196975708,
        0.05432015657424927,
        -0.1599806547164917,
        0.08613824844360352,
        0.009163260459899902,
        0.031275928020477295,
        0.11237722635269165,
        0.1266687512397766,
        0.21578055620193481,
        0.23194068670272827,
        0.014670014381408691,
        0.2979169487953186,
        0.1711413860321045,
        0.26343274116516113,
        0.2662654519081116,
        0.2885305881500244,
        0.10309892892837524,
        0.37071412801742554,
        0.3954054117202759,
        0.42782747745513916,
        0.4775036573410034,
        0.22950232028961182,
        0.3946044445037842,
        0.2146768569946289,
        0.35380977392196655,
        0.3283572793006897,
        0.05368053913116455,
        0.3644647002220154,
        0.32893842458724976,
        0.5281565189361572,
        0.46706074476242065,
        0.3988195061683655,
        0.3393586277961731
    ],
    "test_r2_history": [
        -0.6588090658187866,
        -0.3274354934692383,
        -0.044028401374816895,
        0.15648329257965088,
        0.7004586458206177,
        0.387165367603302,
        0.591373860836029,
        0.19195473194122314,
        0.30888962745666504,
        0.38632237911224365,
        0.0822073221206665,
        0.49631136655807495,
        0.6175453662872314,
        0.460030734539032,
        0.6337423920631409,
        0.652997612953186,
        0.759548008441925,
        0.8000537157058716,
        0.5651412606239319,
        0.7363882064819336,
        0.35318684577941895,
        0.44669318199157715,
        0.5122013092041016,
        0.5172375440597534,
        0.6563619375228882,
        0.5853933691978455,
        0.5512988567352295,
        0.661856472492218,
        0.7236487865447998,
        0.602752685546875,
        0.5326564311981201,
        0.5337809324264526,
        0.5991253852844238,
        0.6702365875244141,
        0.6944000720977783,
        0.6559677124023438,
        0.6459618806838989
    ],
    "train_loss_history": [
        2.5561051898532443,
        2.0375664631525674,
        1.2316493325763278,
        1.203401881787512,
        1.13556393649843,
        0.9868684146139357,
        1.192598866091834,
        0.9624691208203634,
        1.0297822323110368,
        1.0002524016631975,
        0.919999016655816,
        0.9103968739509583,
        0.8079926239119636,
        0.8017168740431467,
        1.0205567214224074,
        0.7360863851176368,
        0.8633053203423818,
        0.7553898228539361,
        0.7609550704558691,
        0.7485519167449739,
        0.9311772286891937,
        0.6617691102955077,
        0.6259165041976504,
        0.6074902067581812,
        0.542060481177436,
        0.7936450242996216,
        0.6284311397208108,
        0.8067363765504625,
        0.6770889676279492,
        0.6959017415841421,
        0.9736866801977158,
        0.6635562496052848,
        0.7044030908081267,
        0.5033044235573875,
        0.5615666227208244,
        0.6225746936268277,
        0.6874369647767808
    ],
    "test_loss_history": [
        1.6952989101409912,
        1.3566360473632812,
        1.0669944286346436,
        0.8620721101760864,
        0.3061305284500122,
        0.6263155937194824,
        0.41761502623558044,
        0.8258203268051147,
        0.7063131332397461,
        0.6271770596504211,
        0.9379819631576538,
        0.514768660068512,
        0.3908677101135254,
        0.5518472790718079,
        0.37431439757347107,
        0.3546355664730072,
        0.2457413524389267,
        0.20434458553791046,
        0.4444246292114258,
        0.2694106698036194,
        0.6610415577888489,
        0.5654783248901367,
        0.4985290467739105,
        0.493382066488266,
        0.3511973023414612,
        0.42372703552246094,
        0.45857149362564087,
        0.34558188915252686,
        0.2824302911758423,
        0.4059857428073883,
        0.4776240885257721,
        0.4764747619628906,
        0.4096929132938385,
        0.3370174169540405,
        0.31232237815856934,
        0.35160017013549805,
        0.36182618141174316
    ]
}