{
    "num_conv_blocks": 2,
    "initial_channels": 32,
    "dropout_rate": 0.33,
    "learning_rate": 0.0001,
    "best_test_r2": 0.4924079179763794,
    "best_test_loss": 171.0513458251953,
    "final_train_r2": 0.3573596477508545,
    "train_r2_history": [
        -2.7365543842315674,
        -1.4502508640289307,
        -0.3442126512527466,
        -0.003325223922729492,
        0.09839707612991333,
        0.2904454469680786,
        0.10586494207382202,
        0.24704229831695557,
        0.19237124919891357,
        0.18157130479812622,
        0.25639474391937256,
        0.172826886177063,
        0.3252827525138855,
        0.0891808271408081,
        0.19412153959274292,
        0.08516573905944824,
        0.4325539469718933,
        0.3744794726371765,
        0.3692318797111511,
        0.34216785430908203,
        0.41351306438446045,
        0.32066118717193604,
        0.3621082901954651,
        0.4388219118118286,
        0.32328248023986816,
        0.35885345935821533,
        0.3041621446609497,
        0.27042508125305176,
        0.32846564054489136,
        0.44007545709609985,
        0.422309935092926,
        0.3741583824157715,
        0.4150187373161316,
        0.26334649324417114,
        0.4104553461074829,
        0.489712655544281,
        0.5222481489181519,
        0.4942818284034729,
        0.4593868851661682,
        0.4452277421951294,
        0.3878890872001648,
        0.3573596477508545
    ],
    "test_r2_history": [
        -3.420651912689209,
        -2.7882988452911377,
        -1.590376853942871,
        -0.5237596035003662,
        -0.18588411808013916,
        -0.15590572357177734,
        -0.07089662551879883,
        0.12180674076080322,
        0.33686012029647827,
        0.33102452754974365,
        0.3448319435119629,
        0.22532767057418823,
        0.33140063285827637,
        0.35797178745269775,
        0.3820686936378479,
        0.3648638129234314,
        0.38024163246154785,
        0.4731253981590271,
        0.48467743396759033,
        0.4528425335884094,
        0.46305763721466064,
        0.44739842414855957,
        0.4924079179763794,
        0.4922923445701599,
        0.342324435710907,
        0.3794214129447937,
        0.3011416792869568,
        0.3928614854812622,
        0.3881831765174866,
        0.33054161071777344,
        0.3942354917526245,
        0.4102780222892761,
        0.4636814594268799,
        0.40676969289779663,
        0.39502596855163574,
        0.4145282506942749,
        0.42225152254104614,
        0.41618919372558594,
        0.42192769050598145,
        0.4103260040283203,
        0.4064367413520813,
        0.383742094039917
    ],
    "train_loss_history": [
        1291.3342827690972,
        844.8820054796007,
        465.7637719048394,
        357.082761976454,
        311.2751057942708,
        244.49243333604602,
        309.04128604465063,
        259.88421122233075,
        283.47954728868274,
        284.49624337090387,
        260.65555402967664,
        285.71997918023004,
        235.90564473470053,
        317.37923346625433,
        285.9788097805447,
        317.908448961046,
        193.84337192111545,
        220.7906697591146,
        219.77484046088324,
        232.37081654866537,
        206.06507195366754,
        237.78597429063586,
        222.06719504462347,
        201.92539808485242,
        235.6351064046224,
        224.05177773369684,
        243.7276323106554,
        254.653933207194,
        237.77330525716147,
        195.05575264824762,
        204.12107255723743,
        220.97629716661243,
        201.76122029622397,
        254.86840311686197,
        205.44758775499133,
        175.31274880303278,
        165.3051028781467,
        178.551025390625,
        189.76542875501843,
        192.77822621663412,
        213.60782368977866,
        225.51428646511502
    ],
    "test_loss_history": [
        1489.6968994140625,
        1276.6029052734375,
        872.9202270507812,
        513.4853515625,
        399.6261291503906,
        389.5238342285156,
        360.876953125,
        295.9386901855469,
        223.46875,
        225.43524169921875,
        220.7823486328125,
        261.0535888671875,
        225.30844116210938,
        216.35438537597656,
        208.23406982421875,
        214.03187561035156,
        208.84979248046875,
        177.5492706298828,
        173.65638732910156,
        184.38429260253906,
        180.94195556640625,
        186.21888732910156,
        171.0513458251953,
        171.09027099609375,
        221.6273651123047,
        209.12615966796875,
        235.50535583496094,
        204.5970458984375,
        206.17361450195312,
        225.5979766845703,
        204.13406372070312,
        198.7279510498047,
        180.7317352294922,
        199.91018676757812,
        203.8676300048828,
        197.295654296875,
        194.69300842285156,
        196.73597717285156,
        194.8021697998047,
        198.7117462158203,
        200.0224151611328,
        207.670166015625
    ]
}