{
    "num_conv_blocks": 2,
    "initial_channels": 32,
    "dropout_rate": 0.33,
    "learning_rate": 0.0001,
    "best_test_r2": 0.18266355991363525,
    "best_test_loss": 8.549922943115234,
    "final_train_r2": -0.7961533069610596,
    "train_r2_history": [
        -28.028974533081055,
        -9.911155700683594,
        -3.815159797668457,
        -3.510988235473633,
        -2.0939652919769287,
        -3.2281494140625,
        -2.850841760635376,
        -2.0392446517944336,
        -1.3848659992218018,
        -1.7417805194854736,
        -1.7960350513458252,
        -1.6606755256652832,
        -1.9525971412658691,
        -1.4964547157287598,
        -0.8901525735855103,
        -1.369394063949585,
        -1.4388508796691895,
        -1.1929380893707275,
        -1.4860825538635254,
        -1.9689593315124512,
        -1.0537176132202148,
        -1.5459835529327393,
        -2.1929969787597656,
        -1.4427447319030762,
        -1.4374675750732422,
        -0.7797095775604248,
        -0.6648275852203369,
        -1.3208351135253906,
        -1.073791742324829,
        -1.3781075477600098,
        -0.8747872114181519,
        -0.7630046606063843,
        -0.567447304725647,
        -1.3495800495147705,
        -0.8109399080276489,
        -2.0728373527526855,
        -1.1642162799835205,
        -0.9820362329483032,
        -1.0365638732910156,
        -1.195239543914795,
        -0.8042573928833008,
        -1.031686544418335,
        -0.9617030620574951,
        -0.9314795732498169,
        -0.721815824508667,
        -0.7961533069610596
    ],
    "test_r2_history": [
        -31.425262451171875,
        -22.370393753051758,
        -12.770236015319824,
        -8.486357688903809,
        -7.6265716552734375,
        -6.083325386047363,
        -3.8856959342956543,
        -2.258326292037964,
        -1.8861265182495117,
        -1.6199941635131836,
        -1.9647555351257324,
        -0.826858401298523,
        -0.4032750129699707,
        -1.2702641487121582,
        -1.863386631011963,
        -0.4895826578140259,
        -0.5230317115783691,
        -0.6824421882629395,
        -1.0752370357513428,
        -0.4432532787322998,
        -0.28995704650878906,
        -0.4325215816497803,
        -0.5859459638595581,
        -0.7905392646789551,
        -0.5488837957382202,
        0.09121692180633545,
        0.18266355991363525,
        -0.03906285762786865,
        -0.1409393548965454,
        -0.28404760360717773,
        -0.01543426513671875,
        -0.1890174150466919,
        -0.10198962688446045,
        0.053667545318603516,
        0.05299866199493408,
        0.07511448860168457,
        -0.1818981170654297,
        -0.06525087356567383,
        0.001345217227935791,
        -0.022897005081176758,
        0.027060270309448242,
        0.030405402183532715,
        -0.17108654975891113,
        -0.3827493190765381,
        -0.21841633319854736,
        -0.15738952159881592
    ],
    "train_loss_history": [
        288.7577836778429,
        107.54451582166884,
        47.969515800476074,
        44.80408763885498,
        31.068656391567654,
        42.058188332451714,
        38.225013944837784,
        30.477807150946724,
        23.82212808397081,
        27.294163174099392,
        27.678354263305664,
        26.618631256951225,
        29.394149780273438,
        25.17856831020779,
        18.943665822347004,
        23.922857602437336,
        24.308438142140705,
        21.772666295369465,
        24.99509620666504,
        31.10809506310357,
        20.74728234608968,
        25.526762114630806,
        32.651490953233505,
        24.621066093444824,
        24.301429589589436,
        17.835278087192112,
        16.540106932322185,
        23.665516959296333,
        20.636157777574326,
        23.874073664347332,
        18.540988074408638,
        17.81089030371772,
        15.721941312154135,
        23.36346901787652,
        18.157537778218586,
        31.094452116224502,
        21.797179857889812,
        19.908918062845867,
        20.13845666249593,
        21.805138376024033,
        18.032855139838325,
        20.04575104183621,
        19.337466610802544,
        19.213852458530003,
        17.33412265777588,
        17.760591242048477
    ],
    "test_loss_history": [
        339.19146728515625,
        244.4710235595703,
        144.04652404785156,
        99.23409271240234,
        90.2401123046875,
        74.09664916992188,
        51.107879638671875,
        34.08442306518555,
        30.190948486328125,
        27.407011032104492,
        31.01346206665039,
        19.110246658325195,
        14.67926025390625,
        23.748586654663086,
        29.95306968688965,
        15.582100868225098,
        15.932004928588867,
        17.59954833984375,
        21.708465576171875,
        15.09746265411377,
        13.493876457214355,
        14.985200881958008,
        16.590129852294922,
        18.730321884155273,
        16.20243263244629,
        9.506521224975586,
        8.549922943115234,
        10.869340896606445,
        11.935043334960938,
        13.432058334350586,
        10.622167587280273,
        12.437973022460938,
        11.52760124206543,
        9.899314880371094,
        9.906312942504883,
        9.67496395111084,
        12.363499641418457,
        11.143285751342773,
        10.446643829345703,
        10.700234413146973,
        10.177644729614258,
        10.142653465270996,
        12.250404357910156,
        14.464547157287598,
        12.74550724029541,
        12.107122421264648
    ]
}