{
    "num_conv_blocks": 3,
    "initial_channels": 32,
    "dropout_rate": 0.33,
    "learning_rate": 0.0001,
    "best_test_r2": 0.18919682502746582,
    "best_test_loss": 273.2291564941406,
    "final_train_r2": 0.4189062714576721,
    "train_r2_history": [
        -3.0969433784484863,
        -2.3799140453338623,
        -1.435680627822876,
        -0.5330213308334351,
        0.024546027183532715,
        0.25665074586868286,
        0.07995223999023438,
        0.16907662153244019,
        0.2268502116203308,
        0.21880733966827393,
        0.2885626554489136,
        0.13749366998672485,
        0.13994336128234863,
        0.22293031215667725,
        0.3220704197883606,
        0.36603111028671265,
        0.3070107698440552,
        0.23251354694366455,
        0.39094287157058716,
        0.373138964176178,
        0.21642351150512695,
        0.2826082706451416,
        0.27718567848205566,
        0.08906275033950806,
        0.2444324493408203,
        0.2455849051475525,
        0.3062296509742737,
        0.20465821027755737,
        0.35388123989105225,
        0.47925901412963867,
        0.4441463351249695,
        0.34107810258865356,
        0.31066298484802246,
        0.33286237716674805,
        0.40013784170150757,
        0.4250463843345642,
        0.30554693937301636,
        0.43697142601013184,
        0.4626671075820923,
        0.4101791977882385,
        0.4084542989730835,
        0.4016258120536804,
        0.4265894293785095,
        0.3459119200706482,
        0.41403865814208984,
        0.42980778217315674,
        0.4742240309715271,
        0.4649720788002014,
        0.4189062714576721
    ],
    "test_r2_history": [
        -3.561429023742676,
        -3.3290743827819824,
        -2.821012496948242,
        -2.084183692932129,
        -1.2127277851104736,
        -0.9474393129348755,
        -0.5978797674179077,
        -0.22706830501556396,
        -0.0575864315032959,
        -0.19731855392456055,
        -0.24678969383239746,
        -0.16159093379974365,
        0.10216522216796875,
        0.12272155284881592,
        -0.02809906005859375,
        -0.059760451316833496,
        -0.069144606590271,
        -0.026962995529174805,
        0.16161584854125977,
        0.16810649633407593,
        0.12114042043685913,
        0.026744067668914795,
        0.013509273529052734,
        -0.008284807205200195,
        -0.07235586643218994,
        0.031196177005767822,
        0.09819281101226807,
        0.13324540853500366,
        0.12175542116165161,
        0.18919682502746582,
        0.13608908653259277,
        0.10322284698486328,
        0.12508225440979004,
        0.0651898980140686,
        0.09023094177246094,
        0.12544357776641846,
        0.056256115436553955,
        0.11084860563278198,
        0.04751300811767578,
        0.038766324520111084,
        0.07046091556549072,
        0.03374183177947998,
        0.07309496402740479,
        0.09346824884414673,
        0.05504322052001953,
        0.10448801517486572,
        0.13197827339172363,
        0.11393857002258301,
        0.07817322015762329
    ],
    "train_loss_history": [
        1418.385247124566,
        1168.6318020290798,
        840.4449869791666,
        531.4921518961588,
        337.9156036376953,
        260.0970645480686,
        318.6627909342448,
        289.982543097602,
        268.69524722629126,
        270.37511783176,
        247.99893188476562,
        300.9969876607259,
        299.9837883843316,
        273.57560560438367,
        234.48340691460504,
        221.9604780409071,
        242.70773315429688,
        266.127074347602,
        210.8575685289171,
        216.37942674424914,
        275.4000261094835,
        249.79339175754123,
        253.91117011176215,
        322.26025051540796,
        264.0232984754774,
        263.6394331190321,
        240.94550577799478,
        280.4019775390625,
        224.69131215413412,
        180.71656884087457,
        193.17950269911023,
        231.08658515082465,
        237.64417436387805,
        230.63433498806424,
        209.22711096869574,
        205.59959496392145,
        240.68559985690646,
        195.35603035820856,
        186.94660758972168,
        204.68197843763562,
        209.8531977335612,
        209.12672848171658,
        197.4164555867513,
        229.92361195882162,
        202.47468058268228,
        199.76388888888889,
        186.11268191867404,
        184.69575373331705,
        202.0581546359592
    ],
    "test_loss_history": [
        1537.13671875,
        1458.8365478515625,
        1287.626953125,
        1039.326171875,
        745.6578979492188,
        656.2594604492188,
        538.4627685546875,
        413.5045471191406,
        356.3916015625,
        403.4793701171875,
        420.1504821777344,
        391.43963623046875,
        302.5575866699219,
        295.63037109375,
        346.4548034667969,
        357.1241760253906,
        360.2865905761719,
        346.07196044921875,
        282.5235595703125,
        280.3363037109375,
        296.1632385253906,
        327.97344970703125,
        332.4333801269531,
        339.7776794433594,
        361.3686828613281,
        326.4731140136719,
        303.896240234375,
        292.083984375,
        295.9559631347656,
        273.2291564941406,
        291.125732421875,
        302.201171875,
        294.8348388671875,
        315.01776123046875,
        306.5792541503906,
        294.71307373046875,
        318.0282897949219,
        299.63140869140625,
        320.974609375,
        323.922119140625,
        313.2414855957031,
        325.61529541015625,
        312.3537902832031,
        305.48834228515625,
        318.43701171875,
        301.7748107910156,
        292.510986328125,
        298.5901184082031,
        310.6424865722656
    ]
}