{
    "num_conv_blocks": 2,
    "initial_channels": 16,
    "dropout_rate": 0.33,
    "learning_rate": 0.001,
    "best_test_r2": 0.6167239546775818,
    "best_test_loss": 21.6070556640625,
    "final_train_r2": 0.6832165718078613,
    "train_r2_history": [
        -0.21194040775299072,
        -0.05683577060699463,
        0.08239680528640747,
        0.13098537921905518,
        0.21067595481872559,
        0.16142642498016357,
        0.30094820261001587,
        0.20297765731811523,
        0.2531445622444153,
        0.18359732627868652,
        -0.07610917091369629,
        0.1742497682571411,
        0.06556981801986694,
        0.18621301651000977,
        0.21734338998794556,
        0.27444809675216675,
        0.29054683446884155,
        0.2736048102378845,
        0.45580267906188965,
        0.3800749182701111,
        0.2978101372718811,
        0.3758087158203125,
        0.3144351840019226,
        0.19933480024337769,
        0.2811239957809448,
        0.40885215997695923,
        0.5142632126808167,
        0.4415314793586731,
        0.499850869178772,
        0.45320409536361694,
        0.46654075384140015,
        0.45576906204223633,
        0.4366030693054199,
        0.5219840407371521,
        0.4824596047401428,
        0.39957940578460693,
        0.36219167709350586,
        0.5492476224899292,
        0.5192384123802185,
        0.4842075705528259,
        0.7737118005752563,
        0.5622774362564087,
        0.5014206171035767,
        0.451321542263031,
        0.4988158345222473,
        0.5747240781784058,
        0.5920050144195557,
        0.4815351963043213,
        0.5686825513839722,
        0.4576566219329834,
        0.689607560634613,
        0.46073102951049805,
        0.5597264766693115,
        0.614330530166626,
        0.4636980891227722,
        0.4606230854988098,
        0.5914894342422485,
        0.6295048594474792,
        0.5836725234985352,
        0.6832165718078613
    ],
    "test_r2_history": [
        -0.35381174087524414,
        -0.21010959148406982,
        -0.20589888095855713,
        0.07384461164474487,
        0.0009522438049316406,
        0.16500544548034668,
        0.4147213101387024,
        0.2872815728187561,
        0.2066362500190735,
        0.4691872000694275,
        0.206867516040802,
        0.2541736364364624,
        0.2728491425514221,
        0.26577228307724,
        0.5938290357589722,
        0.3809806704521179,
        0.3541756272315979,
        0.34128880500793457,
        0.41766417026519775,
        0.48519498109817505,
        0.39000827074050903,
        0.27663904428482056,
        0.38708579540252686,
        0.30949169397354126,
        0.6091747283935547,
        0.5831232666969299,
        0.5537789463996887,
        0.5594310164451599,
        0.3590746521949768,
        0.35200661420822144,
        0.24149221181869507,
        0.31174159049987793,
        0.4348514676094055,
        0.5403966307640076,
        0.5073981881141663,
        0.5229142904281616,
        0.5568420886993408,
        0.5375505685806274,
        0.5738985538482666,
        0.6135733723640442,
        0.6167239546775818,
        0.5007801055908203,
        0.44845765829086304,
        0.4292886257171631,
        0.39238429069519043,
        0.3710970878601074,
        0.3621748089790344,
        0.37604737281799316,
        0.4380786418914795,
        0.4210347533226013,
        0.4096870422363281,
        0.45435667037963867,
        0.5351095795631409,
        0.5384759902954102,
        0.5197581052780151,
        0.510475218296051,
        0.5262807607650757,
        0.5066515803337097,
        0.5017110109329224,
        0.5051490068435669
    ],
    "train_loss_history": [
        36.965513971116806,
        32.0262697007921,
        28.04067897796631,
        26.282299518585205,
        24.03865623474121,
        25.487957106696236,
        21.15545548333062,
        24.190278583102756,
        22.783672332763672,
        24.907932705349392,
        32.60105037689209,
        25.012139002482098,
        28.465990278455948,
        24.74049112531874,
        23.68586513731215,
        21.923526763916016,
        21.592093573676216,
        22.14529249403212,
        16.46301836437649,
        18.759537325965034,
        21.32321876949734,
        18.903537803226047,
        20.92820644378662,
        24.306059307522244,
        21.68719204266866,
        17.912557548946804,
        14.643148170577156,
        17.150183730655247,
        15.170828580856323,
        16.56878556145562,
        16.168929947747124,
        16.44756383366055,
        16.996317704518635,
        14.469159338209364,
        15.908120155334473,
        18.323096805148655,
        19.321729077233208,
        13.873570866054958,
        14.766207774480185,
        15.550923983256022,
        6.891299247741699,
        13.33923758400811,
        15.076254182391697,
        16.55395680003696,
        15.209092590543959,
        12.882289396391975,
        12.446829107072618,
        15.931742191314697,
        13.22939403851827,
        16.43088722229004,
        9.471792750888401,
        16.238479163911606,
        13.282302035225761,
        11.713148223029243,
        16.486522038777668,
        16.346132649315727,
        12.405991713205973,
        11.21873664855957,
        12.60756148232354,
        9.564231276512146
    ],
    "test_loss_history": [
        76.3206787109375,
        68.21952056884766,
        67.98213195800781,
        52.211700439453125,
        56.32096862792969,
        47.072532653808594,
        32.9948844909668,
        40.17925262451172,
        44.725608825683594,
        29.924388885498047,
        44.71257400512695,
        42.04570388793945,
        40.99287796020508,
        41.3918342590332,
        22.897748947143555,
        34.897003173828125,
        36.40812683105469,
        37.134620666503906,
        32.8289794921875,
        29.021957397460938,
        34.3880729675293,
        40.77922439575195,
        34.55282974243164,
        38.92716979980469,
        22.03264045715332,
        23.50128173828125,
        25.15555763244629,
        24.836925506591797,
        36.1319465637207,
        36.5304069519043,
        42.760616302490234,
        38.800331115722656,
        31.86005210876465,
        25.909982681274414,
        27.770259857177734,
        26.89554214477539,
        24.982877731323242,
        26.0704288482666,
        24.021324157714844,
        21.78466796875,
        21.6070556640625,
        28.14335060119629,
        31.093013763427734,
        32.17365646362305,
        34.254127502441406,
        35.45418930053711,
        35.957176208496094,
        35.17511749267578,
        31.678123474121094,
        32.63896179199219,
        33.27869415283203,
        30.760454177856445,
        26.208038330078125,
        26.018260955810547,
        27.073467254638672,
        27.59678840637207,
        26.705760955810547,
        27.812347412109375,
        28.090871810913086,
        27.89705467224121
    ]
}