{
    "num_conv_blocks": 3,
    "initial_channels": 16,
    "dropout_rate": 0.33,
    "learning_rate": 0.0001,
    "best_test_r2": 0.1647210717201233,
    "best_test_loss": 281.4771423339844,
    "final_train_r2": 0.2225247025489807,
    "train_r2_history": [
        -3.1233949661254883,
        -2.61269211769104,
        -1.9512989521026611,
        -1.24078369140625,
        -0.6484532356262207,
        -0.08388543128967285,
        0.12135517597198486,
        0.06131112575531006,
        0.2220504879951477,
        0.1158953309059143,
        0.2526479959487915,
        0.2791534662246704,
        0.30786818265914917,
        0.2497662901878357,
        0.3021077513694763,
        0.18923258781433105,
        0.142608642578125,
        0.2603297233581543,
        0.20771151781082153,
        0.20554566383361816,
        0.24215739965438843,
        0.3705075979232788,
        0.28088927268981934,
        0.07921499013900757,
        0.14443755149841309,
        0.13139522075653076,
        0.3448832035064697,
        0.2770254611968994,
        0.3951846957206726,
        0.29490530490875244,
        0.2070615291595459,
        0.32029592990875244,
        0.2225247025489807
    ],
    "test_r2_history": [
        -3.5529370307922363,
        -3.347278594970703,
        -2.9144349098205566,
        -2.3612022399902344,
        -1.8088536262512207,
        -1.353696346282959,
        -0.8006327152252197,
        -0.4435725212097168,
        -0.1234062910079956,
        -0.2862297296524048,
        -0.21623694896697998,
        -0.06789743900299072,
        0.15033608675003052,
        0.1647210717201233,
        0.08603215217590332,
        0.03174394369125366,
        -0.055089712142944336,
        -0.2796618938446045,
        -0.03252363204956055,
        0.053191304206848145,
        0.03639143705368042,
        0.031977057456970215,
        0.027895331382751465,
        -0.019588470458984375,
        0.061544597148895264,
        0.12413114309310913,
        0.10100013017654419,
        0.08272498846054077,
        0.11214357614517212,
        0.12980115413665771,
        0.12466263771057129,
        0.09824931621551514,
        0.11333918571472168
    ],
    "train_loss_history": [
        1427.8589952256943,
        1250.4266357421875,
        1021.5920138888889,
        775.0492282443577,
        572.6136711968315,
        376.23597039116754,
        306.784679836697,
        328.61009216308594,
        276.017820570204,
        310.2165001763238,
        257.6170357598199,
        253.1731211344401,
        238.9930894639757,
        262.2995317247179,
        240.43148803710938,
        278.24509302775067,
        305.1036156548394,
        260.6638420952691,
        278.59082921346027,
        280.8118209838867,
        264.939998626709,
        218.17057630750867,
        252.04256693522134,
        323.39190165201825,
        299.5154321458605,
        304.6434275309245,
        225.80557420518664,
        252.45246039496527,
        211.96946122911243,
        246.5327885945638,
        278.3404261271159,
        238.33788892957898,
        276.47915988498266
    ],
    "test_loss_history": [
        1534.2752685546875,
        1464.9710693359375,
        1319.10888671875,
        1132.677490234375,
        946.5438232421875,
        793.1622314453125,
        606.7877197265625,
        486.46343994140625,
        378.57196044921875,
        433.4411926269531,
        409.8545837402344,
        359.86627197265625,
        286.32464599609375,
        281.4771423339844,
        307.99420166015625,
        326.2885437011719,
        355.5502014160156,
        431.2279052734375,
        347.94580078125,
        319.06109619140625,
        324.7223815917969,
        326.2099914550781,
        327.58544921875,
        343.5868835449219,
        316.2461242675781,
        295.1553649902344,
        302.9501953125,
        309.1086730957031,
        299.195068359375,
        293.2446594238281,
        294.97625732421875,
        303.877197265625,
        298.7921447753906
    ]
}