{
    "num_conv_blocks": 4,
    "initial_channels": 16,
    "dropout_rate": 0.33,
    "learning_rate": 0.0001,
    "best_test_r2": 0.10731333494186401,
    "best_test_loss": 300.8227233886719,
    "final_train_r2": 0.536020040512085,
    "train_r2_history": [
        -3.183828830718994,
        -2.9283130168914795,
        -2.5189919471740723,
        -1.9240572452545166,
        -1.3152351379394531,
        -0.6686681509017944,
        -0.24530816078186035,
        0.21912479400634766,
        0.18100738525390625,
        0.05226320028305054,
        0.15765798091888428,
        0.13569223880767822,
        0.3422604203224182,
        0.15940797328948975,
        0.4154219627380371,
        0.22687900066375732,
        0.15867286920547485,
        0.19975095987319946,
        0.3527381420135498,
        0.0556943416595459,
        0.1624826192855835,
        0.17890608310699463,
        0.2921847105026245,
        0.12702804803848267,
        0.22349131107330322,
        0.18114018440246582,
        0.21940481662750244,
        0.26365917921066284,
        0.16666948795318604,
        0.3161178231239319,
        0.3618130087852478,
        0.22984302043914795,
        0.29649287462234497,
        0.3824272155761719,
        0.3220750689506531,
        0.42306941747665405,
        0.21968060731887817,
        0.33048808574676514,
        0.24946129322052002,
        0.2908257246017456,
        0.1959475874900818,
        0.39198994636535645,
        0.34496641159057617,
        0.3431442379951477,
        0.12594419717788696,
        0.23526698350906372,
        0.2872963547706604,
        0.3625357151031494,
        0.40892207622528076,
        0.536020040512085
    ],
    "test_r2_history": [
        -3.5872082710266113,
        -3.505117893218994,
        -3.3508801460266113,
        -3.1255569458007812,
        -2.752009153366089,
        -2.1478464603424072,
        -1.515014886856079,
        -0.771459698677063,
        -0.36469924449920654,
        -0.5652297735214233,
        -0.4998040199279785,
        -0.3634294271469116,
        -0.5029916763305664,
        -0.7041109800338745,
        -0.5239561796188354,
        -0.2532881498336792,
        -0.09763097763061523,
        -0.11155784130096436,
        0.08186548948287964,
        -0.32654011249542236,
        -0.18901944160461426,
        -0.12465238571166992,
        -0.0530850887298584,
        -0.14870142936706543,
        -0.08487725257873535,
        0.07706421613693237,
        0.0008098483085632324,
        -0.0871727466583252,
        -0.009698271751403809,
        -0.038095712661743164,
        0.10731333494186401,
        0.07907170057296753,
        -0.11272585391998291,
        -0.12454557418823242,
        0.022166013717651367,
        0.07697254419326782,
        0.029371261596679688,
        0.07646912336349487,
        -0.011135458946228027,
        0.0038573741912841797,
        -0.04280745983123779,
        -0.054768919944763184,
        -0.004355430603027344,
        -0.009355783462524414,
        -0.01438760757446289,
        -0.036078572273254395,
        -0.011996150016784668,
        -0.0103607177734375,
        0.0034069418907165527,
        0.04408717155456543
    ],
    "train_loss_history": [
        1449.8799574110244,
        1360.9031439887153,
        1218.1967230902778,
        1010.8162299262153,
        800.3234388563368,
        575.3710734049479,
        431.02685885959204,
        273.0469275580512,
        286.9549102783203,
        330.20371500651044,
        290.2827631632487,
        300.38280232747394,
        231.10340372721353,
        292.17758009168836,
        204.57188373141818,
        269.5764117770725,
        294.98877207438153,
        277.80926428900824,
        223.2136722140842,
        327.942150539822,
        294.1992594401042,
        285.65341016981336,
        245.6140077379015,
        301.3320482042101,
        269.77098253038196,
        286.1556209988064,
        272.9877471923828,
        254.834228515625,
        287.0067439609104,
        234.88790893554688,
        222.9692153930664,
        265.78702460394965,
        246.68081749810113,
        212.43649843004016,
        233.7318606906467,
        199.2115715874566,
        275.86919487847223,
        232.1060528225369,
        260.0874498155382,
        251.37404293484158,
        280.18711344401044,
        213.23984018961588,
        229.49877166748047,
        231.6216523912218,
        301.161853366428,
        266.17037116156683,
        250.20363277859158,
        221.30761930677625,
        202.59377119276257,
        162.42822562323676
    ],
    "test_loss_history": [
        1545.8238525390625,
        1518.160888671875,
        1466.1849365234375,
        1390.2540283203125,
        1264.373779296875,
        1060.779541015625,
        847.5243530273438,
        596.956787109375,
        459.88433837890625,
        527.4602661132812,
        505.4125671386719,
        459.4564208984375,
        506.48687744140625,
        574.26123046875,
        513.5515747070312,
        422.3403015136719,
        369.8861083984375,
        374.5791931152344,
        309.3982849121094,
        447.025146484375,
        400.6826171875,
        378.991943359375,
        354.874755859375,
        387.0960693359375,
        365.5882568359375,
        311.0162658691406,
        336.712890625,
        366.3617858886719,
        340.2539978027344,
        349.823486328125,
        300.8227233886719,
        310.3397521972656,
        374.97283935546875,
        378.9559020996094,
        329.51617431640625,
        311.0471496582031,
        327.0881042480469,
        311.216796875,
        340.7383117675781,
        335.6859130859375,
        351.4112854003906,
        355.442138671875,
        338.4534912109375,
        340.1385803222656,
        341.834228515625,
        349.1437683105469,
        341.0283203125,
        340.477294921875,
        335.83770751953125,
        322.1290588378906
    ]
}