{
    "num_conv_blocks": 3,
    "initial_channels": 32,
    "dropout_rate": 0.33,
    "learning_rate": 0.0001,
    "best_test_r2": 0.7428971529006958,
    "best_test_loss": 0.2627584934234619,
    "final_train_r2": 0.5460934042930603,
    "train_r2_history": [
        -0.6200939416885376,
        0.1115691065788269,
        0.10967355966567993,
        0.032314956188201904,
        0.05827218294143677,
        0.09521216154098511,
        0.20085853338241577,
        0.14205247163772583,
        0.061673521995544434,
        0.37641745805740356,
        0.2010895013809204,
        0.1370498538017273,
        0.04406923055648804,
        0.19853073358535767,
        0.22613650560379028,
        0.1818026304244995,
        0.2144750952720642,
        0.16634869575500488,
        0.33516258001327515,
        0.2966632843017578,
        0.3969467282295227,
        0.13452517986297607,
        0.2098488211631775,
        0.27793991565704346,
        0.08301591873168945,
        0.42871105670928955,
        0.19847631454467773,
        0.3820159435272217,
        0.4953056573867798,
        0.37645280361175537,
        0.3178192377090454,
        0.5397040843963623,
        0.4258538484573364,
        0.20606034994125366,
        0.31236743927001953,
        0.33906519412994385,
        0.39479267597198486,
        0.41411495208740234,
        0.469404935836792,
        0.4526018500328064,
        0.5460934042930603
    ],
    "test_r2_history": [
        -1.4193072319030762,
        -1.0506749153137207,
        -0.6064701080322266,
        -0.4512852430343628,
        -0.5055849552154541,
        -0.09945917129516602,
        0.08842182159423828,
        0.04289126396179199,
        0.20708554983139038,
        0.3196004033088684,
        0.21505755186080933,
        0.5260872840881348,
        0.4105389714241028,
        0.2885211110115051,
        0.22763514518737793,
        0.2975134253501892,
        0.4720526337623596,
        0.6718629002571106,
        0.41361862421035767,
        0.2025923728942871,
        0.32532984018325806,
        0.7428971529006958,
        0.5762994289398193,
        0.4080684185028076,
        0.5274595618247986,
        0.2781607508659363,
        0.36937105655670166,
        0.5499560832977295,
        0.5104181170463562,
        0.5730346441268921,
        0.5304751396179199,
        0.40588265657424927,
        0.3440631628036499,
        0.25521570444107056,
        0.37389475107192993,
        0.41345924139022827,
        0.46592289209365845,
        0.4005715847015381,
        0.3407050371170044,
        0.3932532072067261,
        0.42666512727737427
    ],
    "train_loss_history": [
        1.657241337829166,
        0.9287836518552568,
        0.9333537237511741,
        0.9860737025737762,
        0.9796623604165183,
        0.932863454023997,
        0.8185534725586573,
        0.8959929744402567,
        0.9648806088500552,
        0.6471205552419027,
        0.8347696198357476,
        0.8838737607002258,
        0.9974795877933502,
        0.8355804350641038,
        0.7912251849969228,
        0.8475375903977288,
        0.8320117592811584,
        0.8715388857656055,
        0.6905131356583701,
        0.7254721025625864,
        0.6263032969501283,
        0.8869807720184326,
        0.8236917919582791,
        0.7406360838148329,
        0.9472275442547269,
        0.6073382604453299,
        0.8230551150110033,
        0.6438422583871417,
        0.5168879330158234,
        0.6470519122150209,
        0.7022153205341763,
        0.47669114503595567,
        0.5991138584083981,
        0.8088464157448875,
        0.719924176732699,
        0.699811172982057,
        0.6299764381514655,
        0.6070839671625031,
        0.5507539742522769,
        0.5671743659509553,
        0.47134318616655135
    ],
    "test_loss_history": [
        2.4725263118743896,
        2.095785140991211,
        1.6418085098266602,
        1.4832102060317993,
        1.5387042760849,
        1.1236445903778076,
        0.9316307902336121,
        0.9781627655029297,
        0.8103567957878113,
        0.6953667402267456,
        0.8022092580795288,
        0.4843376874923706,
        0.6024277210235596,
        0.7271297574043274,
        0.7893550395965576,
        0.7179396152496338,
        0.5395609140396118,
        0.33535534143447876,
        0.5992803573608398,
        0.8149487376213074,
        0.6895112991333008,
        0.2627584934234619,
        0.43302100896835327,
        0.6049526929855347,
        0.48293522000312805,
        0.7377179265022278,
        0.644501268863678,
        0.4599437713623047,
        0.5003514885902405,
        0.4363575577735901,
        0.4798533320426941,
        0.6071865558624268,
        0.6703658699989319,
        0.7611678242683411,
        0.6398780941963196,
        0.599443256855011,
        0.5458255410194397,
        0.6126144528388977,
        0.6737979650497437,
        0.620093822479248,
        0.5859468579292297
    ]
}