{
    "num_conv_blocks": 2,
    "initial_channels": 32,
    "dropout_rate": 0.33,
    "learning_rate": 0.001,
    "best_test_r2": 0.4311342239379883,
    "best_test_loss": 32.069610595703125,
    "final_train_r2": 0.5607328414916992,
    "train_r2_history": [
        -0.16294920444488525,
        0.10193634033203125,
        0.16995680332183838,
        0.03528875112533569,
        0.25113892555236816,
        0.3332323431968689,
        -0.1091163158416748,
        0.3309522271156311,
        0.37199652194976807,
        0.3061942458152771,
        0.10697519779205322,
        0.22645461559295654,
        0.3633221983909607,
        0.30346381664276123,
        0.18259257078170776,
        0.2754679322242737,
        0.2488536834716797,
        0.2562023997306824,
        0.2759057879447937,
        0.2411719560623169,
        0.41702550649642944,
        0.44573140144348145,
        0.4012300372123718,
        0.4626544117927551,
        0.27683430910110474,
        0.39966243505477905,
        0.44133591651916504,
        0.4881100654602051,
        0.5142736434936523,
        0.32669317722320557,
        0.5607328414916992
    ],
    "test_r2_history": [
        -0.33864009380340576,
        -0.19214701652526855,
        -0.13132739067077637,
        0.12744957208633423,
        0.3326212763786316,
        0.2881351709365845,
        0.3694304823875427,
        0.2923825979232788,
        0.31617170572280884,
        0.3336741328239441,
        0.4198593497276306,
        0.4311342239379883,
        0.05025428533554077,
        0.4121937155723572,
        0.3744296431541443,
        0.4112498164176941,
        0.41715192794799805,
        0.18844974040985107,
        0.278677761554718,
        0.38901132345199585,
        0.40939146280288696,
        0.4248952865600586,
        0.3806025981903076,
        0.31572383642196655,
        0.2981681227684021,
        0.28934383392333984,
        0.3221529722213745,
        0.33849573135375977,
        0.35065585374832153,
        0.3641730546951294,
        0.3783336877822876
    ],
    "train_loss_history": [
        35.15974834230211,
        27.314112027486164,
        25.132862091064453,
        29.359785503811306,
        23.02111350165473,
        20.2194987932841,
        33.738682217068146,
        20.59391583336724,
        19.194368680318195,
        21.05930190616184,
        27.65043608347575,
        23.57912317911784,
        19.32057327694363,
        21.32792176140679,
        24.771141688028973,
        21.992375002966988,
        22.942547692192925,
        22.5399718814426,
        21.896022001902264,
        22.990165180630154,
        17.839542812771267,
        16.78341023127238,
        18.567106617821587,
        16.358148998684353,
        21.962879816691082,
        18.11522446738349,
        17.096522119310166,
        15.616773923238119,
        14.756698502434624,
        20.39633532365163,
        13.283081001705593
    ],
    "test_loss_history": [
        75.46537780761719,
        67.20687866210938,
        63.778194427490234,
        49.18973922729492,
        37.623252868652344,
        40.131134033203125,
        35.54814147949219,
        39.891685485839844,
        38.55058288574219,
        37.563899993896484,
        32.705230712890625,
        32.069610595703125,
        53.541595458984375,
        33.13737487792969,
        35.26631546020508,
        33.190589904785156,
        32.85786056518555,
        45.75086975097656,
        40.66429138183594,
        34.444271087646484,
        33.29535675048828,
        32.42133331298828,
        34.91831588745117,
        38.57583236694336,
        39.56553268432617,
        40.0629997253418,
        38.2133903503418,
        37.292076110839844,
        36.6065559387207,
        35.844520568847656,
        35.04622268676758
    ]
}