{
    "num_conv_blocks": 3,
    "initial_channels": 64,
    "dropout_rate": 0.33,
    "learning_rate": 0.0001,
    "best_test_r2": 0.8226792812347412,
    "best_test_loss": 0.1812213659286499,
    "final_train_r2": 0.673267662525177,
    "train_r2_history": [
        -0.5774215459823608,
        0.11384773254394531,
        -0.28467559814453125,
        0.017762839794158936,
        0.22650039196014404,
        0.04803192615509033,
        0.22862142324447632,
        0.08420270681381226,
        0.30275774002075195,
        0.2728712558746338,
        0.2873079180717468,
        0.362429141998291,
        0.3447280526161194,
        0.2638022303581238,
        0.35898542404174805,
        0.40826892852783203,
        0.3079417943954468,
        0.3985064625740051,
        0.5088342428207397,
        0.43518203496932983,
        0.4901268482208252,
        0.3992948532104492,
        0.5304922461509705,
        0.3892802596092224,
        0.5307518839836121,
        0.42898547649383545,
        0.5840008854866028,
        0.5465487241744995,
        0.4399030804634094,
        0.5772270560264587,
        0.6473910212516785,
        0.47546058893203735,
        0.46837741136550903,
        0.6084507703781128,
        0.5594127774238586,
        0.47308993339538574,
        0.6032764315605164,
        0.5782270431518555,
        0.5027222633361816,
        0.6376621723175049,
        0.6358134150505066,
        0.6115618944168091,
        0.6702876091003418,
        0.6605046987533569,
        0.7127912044525146,
        0.6656675338745117,
        0.6870747804641724,
        0.5855028033256531,
        0.5590780377388,
        0.6285154819488525,
        0.673267662525177
    ],
    "test_r2_history": [
        -1.3727576732635498,
        -0.759870171546936,
        -0.7334921360015869,
        -0.5159927606582642,
        -0.21521782875061035,
        -0.054524898529052734,
        0.05974847078323364,
        0.06357669830322266,
        0.22336304187774658,
        0.3117867708206177,
        0.4903801679611206,
        0.6815636157989502,
        0.5781773328781128,
        0.5174790620803833,
        0.6488850116729736,
        0.7582216262817383,
        0.6786844730377197,
        0.5658103227615356,
        0.48401427268981934,
        0.6121648550033569,
        0.6938520669937134,
        0.6388709545135498,
        0.6893151998519897,
        0.7656376361846924,
        0.7778100371360779,
        0.6537853479385376,
        0.6154231429100037,
        0.6008641719818115,
        0.592316746711731,
        0.623873233795166,
        0.7946338653564453,
        0.8226792812347412,
        0.6231197118759155,
        0.6169859170913696,
        0.6033954620361328,
        0.7465518712997437,
        0.7231489419937134,
        0.7840451002120972,
        0.6600931882858276,
        0.6711548566818237,
        0.6615688800811768,
        0.6709330081939697,
        0.7569603323936462,
        0.7633750438690186,
        0.7288408279418945,
        0.6921632885932922,
        0.7275059223175049,
        0.7038476467132568,
        0.6865713596343994,
        0.710884690284729,
        0.723441481590271
    ],
    "train_loss_history": [
        1.6205902794996898,
        0.9169889605707593,
        1.3247022728125255,
        1.0079524219036102,
        0.8081115782260895,
        1.0036059021949768,
        0.809419122007158,
        0.9511798719565073,
        0.7292333410845863,
        0.7490028887987137,
        0.7467016494936414,
        0.6607325474421183,
        0.67186981274022,
        0.763897599445449,
        0.6649953077236811,
        0.6194785700903999,
        0.7095281142327521,
        0.6228734453519186,
        0.5149500634935167,
        0.5851784663067924,
        0.5350631011856927,
        0.6247399962610669,
        0.4867815201481183,
        0.6394633766677644,
        0.4917204760842853,
        0.5890231182177862,
        0.434245759414302,
        0.47117636766698623,
        0.5816454490025839,
        0.43813318345281815,
        0.36412560443083447,
        0.5407398417592049,
        0.5420898728900485,
        0.4069628053241306,
        0.45915987839301425,
        0.5440885672966639,
        0.4125923108723428,
        0.44333694378534955,
        0.5038562996519936,
        0.3735668841335509,
        0.3766094297170639,
        0.40150534858306247,
        0.34152139723300934,
        0.352490122947428,
        0.2976252395245764,
        0.3423193660047319,
        0.32441845619016224,
        0.42424261487192577,
        0.4547465129031075,
        0.38961630190412205,
        0.3332032962805695
    ],
    "test_loss_history": [
        2.424952745437622,
        1.7985833883285522,
        1.7716249227523804,
        1.549341082572937,
        1.2419497966766357,
        1.0777218341827393,
        0.9609347581863403,
        0.9570224285125732,
        0.7937210202217102,
        0.7033523321151733,
        0.5208303332328796,
        0.32544127106666565,
        0.4311017692089081,
        0.4931353032588959,
        0.35883867740631104,
        0.2470969557762146,
        0.32838374376296997,
        0.4437408447265625,
        0.5273361802101135,
        0.39636656641960144,
        0.3128824830055237,
        0.3690730631351471,
        0.3175191879272461,
        0.23951776325702667,
        0.22707761824131012,
        0.35383060574531555,
        0.39303669333457947,
        0.4079158306121826,
        0.41665133833885193,
        0.3844006359577179,
        0.2098836898803711,
        0.1812213659286499,
        0.3851707875728607,
        0.3914395272731781,
        0.4053289294242859,
        0.25902342796325684,
        0.28294113278388977,
        0.22070543467998505,
        0.34738394618034363,
        0.3360790014266968,
        0.3458758294582367,
        0.33630573749542236,
        0.24838599562644958,
        0.24183014035224915,
        0.2771240770816803,
        0.3146084249019623,
        0.27848830819129944,
        0.3026670217514038,
        0.32032331824302673,
        0.2954752445220947,
        0.282642126083374
    ]
}