{
    "num_conv_blocks": 2,
    "initial_channels": 16,
    "dropout_rate": 0.33,
    "learning_rate": 0.001,
    "best_test_r2": 0.5537024140357971,
    "best_test_loss": 25.159873962402344,
    "final_train_r2": 0.6758493185043335,
    "train_r2_history": [
        -0.19902491569519043,
        0.03708761930465698,
        -0.06212019920349121,
        0.1804751753807068,
        0.29104310274124146,
        0.12063992023468018,
        0.03351861238479614,
        0.1675107479095459,
        0.2170613408088684,
        0.2456951141357422,
        0.31713706254959106,
        0.3339504599571228,
        0.2991642355918884,
        0.3419877290725708,
        0.3383599519729614,
        0.11879420280456543,
        0.3192254304885864,
        0.17046046257019043,
        0.33163756132125854,
        0.522253155708313,
        0.42028874158859253,
        0.3866594433784485,
        0.4088165760040283,
        0.3786119222640991,
        0.5067945122718811,
        0.45605170726776123,
        0.4656224250793457,
        0.4285541772842407,
        0.4793750047683716,
        0.5806483030319214,
        0.5004773139953613,
        0.41789424419403076,
        0.5153098106384277,
        0.41434985399246216,
        0.3989964723587036,
        0.49688607454299927,
        0.49509286880493164,
        0.3966793417930603,
        0.5910075902938843,
        0.6039992570877075,
        0.46657687425613403,
        0.4518674612045288,
        0.4609804153442383,
        0.5942180156707764,
        0.6052399277687073,
        0.7288511395454407,
        0.5897136926651001,
        0.5981749296188354,
        0.7233759164810181,
        0.594194769859314,
        0.49074816703796387,
        0.6186362504959106,
        0.5756068229675293,
        0.6910005807876587,
        0.5947457551956177,
        0.6153992414474487,
        0.3147994875907898,
        0.6500061750411987,
        0.5649104118347168,
        0.6758493185043335
    ],
    "test_r2_history": [
        -0.2625386714935303,
        -0.1847240924835205,
        -0.139043927192688,
        0.16582077741622925,
        0.163432776927948,
        0.23876023292541504,
        0.19183647632598877,
        0.22257304191589355,
        0.46457087993621826,
        0.4255813956260681,
        0.43263059854507446,
        0.4930644631385803,
        0.3933332562446594,
        0.42942917346954346,
        0.4114375710487366,
        0.18152999877929688,
        0.2461453080177307,
        0.35441499948501587,
        0.375341534614563,
        0.3745576739311218,
        0.3215618133544922,
        0.34990960359573364,
        0.3949839472770691,
        0.4044989347457886,
        0.41035211086273193,
        0.4296613931655884,
        0.4553535580635071,
        0.48306870460510254,
        0.5078094601631165,
        0.49682509899139404,
        0.486510694026947,
        0.5127686262130737,
        0.4757675528526306,
        0.48172706365585327,
        0.45702213048934937,
        0.5150216817855835,
        0.3594377040863037,
        0.32752788066864014,
        0.411559522151947,
        0.516913652420044,
        0.5537024140357971,
        0.38002586364746094,
        0.48321032524108887,
        0.3328690528869629,
        0.5008924007415771,
        0.4940134286880493,
        0.5083225965499878,
        0.5462989211082458,
        0.48500698804855347,
        0.4151892066001892,
        0.38586294651031494,
        0.46013104915618896,
        0.5221045017242432,
        0.5351657271385193,
        0.5018018484115601,
        0.44029104709625244,
        0.41927921772003174,
        0.41504132747650146,
        0.43743896484375,
        0.44599467515945435
    ],
    "train_loss_history": [
        36.527542008294,
        29.25458749135335,
        32.400431632995605,
        25.188065105014378,
        21.61053768793742,
        26.955032030741375,
        29.29061328040229,
        25.11385891172621,
        24.202536159091526,
        22.81755616929796,
        21.018911255730522,
        20.445424609714085,
        21.214600880940754,
        20.150175041622585,
        20.16320620642768,
        26.77459165785048,
        20.821526527404785,
        25.334648662143284,
        20.159636550479465,
        14.381124986542595,
        17.83139483133952,
        18.686052004496258,
        18.056432088216145,
        18.907909022437202,
        14.953349325391981,
        16.53875912560357,
        16.224655363294815,
        17.27639208899604,
        15.794996552997166,
        12.738647593392265,
        15.040088997946846,
        17.619423283471,
        14.735886229409111,
        17.725487391153973,
        18.249634318881565,
        15.232782151963976,
        15.44899394777086,
        18.203272342681885,
        12.357183085547554,
        12.008838944964939,
        16.306780020395916,
        16.920667701297337,
        16.228836192025078,
        12.286028835508558,
        11.967501004536947,
        8.210406409369575,
        12.36177126566569,
        12.255329767862955,
        8.487711058722603,
        12.400497436523438,
        15.48994673622979,
        11.711910724639893,
        12.804770151774088,
        9.397565894656712,
        12.3889496061537,
        11.829306284586588,
        20.827521125475567,
        10.536802834934658,
        13.390291134516398,
        9.869952811135185
    ],
    "test_loss_history": [
        71.17517852783203,
        66.78841400146484,
        64.21321105957031,
        47.02656936645508,
        47.16119384765625,
        42.91462707519531,
        45.55994415283203,
        43.827178955078125,
        30.18463134765625,
        32.38264846801758,
        31.98525619506836,
        28.57831382751465,
        34.20063018798828,
        32.165740966796875,
        33.18000411987305,
        46.140968322753906,
        42.49829864501953,
        36.39463806152344,
        35.21490478515625,
        35.25910186767578,
        38.24671936035156,
        36.64862060546875,
        34.107574462890625,
        33.5711669921875,
        33.24119567871094,
        32.152645111083984,
        30.70425796508789,
        29.14182472229004,
        27.7470760345459,
        28.366313934326172,
        28.947784423828125,
        27.467504501342773,
        29.55342674255371,
        29.217464447021484,
        30.610191345214844,
        27.340482711791992,
        36.111480712890625,
        37.91038513183594,
        33.173126220703125,
        27.233821868896484,
        25.159873962402344,
        34.95082473754883,
        29.133846282958984,
        37.609283447265625,
        28.137020111083984,
        28.52482032775879,
        27.718143463134766,
        25.577239990234375,
        29.032554626464844,
        32.968505859375,
        34.621761322021484,
        30.43492317199707,
        26.941192626953125,
        26.20487403869629,
        28.085750579833984,
        31.55339813232422,
        32.73793411254883,
        32.976844787597656,
        31.714183807373047,
        31.231863021850586
    ]
}