{
    "num_conv_blocks": 4,
    "initial_channels": 16,
    "dropout_rate": 0.33,
    "learning_rate": 0.0001,
    "best_test_r2": 0.6172680854797363,
    "best_test_loss": 21.576379776000977,
    "final_train_r2": 0.49933552742004395,
    "train_r2_history": [
        -0.3102247714996338,
        -0.1916123628616333,
        -0.10411596298217773,
        -0.030312657356262207,
        0.04885667562484741,
        0.07540827989578247,
        0.1302298903465271,
        0.12340199947357178,
        0.005370974540710449,
        0.20654600858688354,
        0.3358911871910095,
        0.14755040407180786,
        0.30835938453674316,
        0.264218807220459,
        0.05137830972671509,
        0.19733619689941406,
        0.32655227184295654,
        0.33537518978118896,
        0.2437238097190857,
        0.0920451283454895,
        0.34076935052871704,
        0.28355270624160767,
        0.3038826584815979,
        0.3952638506889343,
        0.16012191772460938,
        0.2922961115837097,
        0.28723257780075073,
        0.4205053448677063,
        0.42222529649734497,
        0.3292495608329773,
        0.22077280282974243,
        0.3728967308998108,
        0.36761474609375,
        0.4120597839355469,
        0.3754764199256897,
        0.432517945766449,
        0.2996978759765625,
        0.2621656656265259,
        0.47977107763290405,
        0.4274374842643738,
        0.39146798849105835,
        0.39397579431533813,
        0.3668528199195862,
        0.4184268116950989,
        0.332507848739624,
        0.14844369888305664,
        0.4055352807044983,
        0.5296264886856079,
        0.4064827561378479,
        0.4610978960990906,
        0.4948984980583191,
        0.3390575051307678,
        0.5127122402191162,
        0.42630535364151,
        0.49933552742004395
    ],
    "test_r2_history": [
        -0.4057881832122803,
        -0.37150275707244873,
        -0.30910658836364746,
        -0.22295665740966797,
        -0.15684938430786133,
        -0.0868920087814331,
        0.1323237419128418,
        0.1962183117866516,
        0.25306302309036255,
        0.3292884826660156,
        0.41873615980148315,
        0.39123833179473877,
        0.39659857749938965,
        0.497699499130249,
        0.3885005712509155,
        0.43128496408462524,
        0.41542166471481323,
        0.42935824394226074,
        0.49013787508010864,
        0.5909914970397949,
        0.5624443292617798,
        0.29765743017196655,
        0.315842866897583,
        0.4506503939628601,
        0.5343351364135742,
        0.504961371421814,
        0.45436620712280273,
        0.42580777406692505,
        0.5032213926315308,
        0.5391700267791748,
        0.36082857847213745,
        0.33531826734542847,
        0.36527204513549805,
        0.5323042869567871,
        0.5811032652854919,
        0.6172680854797363,
        0.5335711240768433,
        0.48330157995224,
        0.43077605962753296,
        0.4491236209869385,
        0.5155797004699707,
        0.48624759912490845,
        0.5078709125518799,
        0.5825680494308472,
        0.5991747379302979,
        0.5670792460441589,
        0.5684150457382202,
        0.5672242641448975,
        0.5639529228210449,
        0.5733126997947693,
        0.5667127966880798,
        0.5701108574867249,
        0.554266631603241,
        0.5300333499908447,
        0.5204813480377197
    ],
    "train_loss_history": [
        39.82906066046821,
        36.18799951341417,
        33.48678949144151,
        31.342211935255264,
        28.87469376458062,
        28.079883363511826,
        26.78065405951606,
        26.66842492421468,
        30.08985996246338,
        23.999956713782417,
        20.102622191111248,
        25.951173570421005,
        21.20654031965468,
        22.186966790093315,
        28.74327013227675,
        24.437667422824436,
        20.646484375,
        20.286867247687447,
        23.495194541083443,
        27.692780600653755,
        19.958252323998344,
        21.694127374225193,
        21.134333610534668,
        18.295148584577774,
        25.467921839820015,
        22.0563825501336,
        21.540530681610107,
        17.47454195552402,
        17.658229615953232,
        20.22318998972575,
        23.651170518663193,
        19.004765881432427,
        19.249926567077637,
        17.97099839316474,
        19.48017512427436,
        17.617675728268093,
        21.53383011288113,
        22.669725947909885,
        15.84513775507609,
        17.427865982055664,
        18.460799641079372,
        18.773250791761612,
        19.637009567684597,
        17.611568186018204,
        20.331566333770752,
        25.798473993937176,
        18.024230639139812,
        14.285845809512669,
        17.989921198950874,
        16.37992435031467,
        15.498318884107801,
        20.000856240590412,
        14.807275613149008,
        17.414187802208794,
        15.187655263476902
    ],
    "test_loss_history": [
        79.25082397460938,
        77.3179931640625,
        73.8004379272461,
        68.94376373291016,
        65.21698760986328,
        61.27316665649414,
        48.91495132446289,
        45.31291198730469,
        42.10832214355469,
        37.81113052368164,
        32.7685432434082,
        34.31873321533203,
        34.01655197143555,
        28.3170223236084,
        34.47307205200195,
        32.06111145019531,
        32.95540237426758,
        32.169734954833984,
        28.743303298950195,
        23.057714462280273,
        24.667051315307617,
        39.594322204589844,
        38.569122314453125,
        30.969396591186523,
        26.251699447631836,
        27.907638549804688,
        30.759916305541992,
        32.36989212036133,
        28.005722045898438,
        25.9791316986084,
        36.0330696105957,
        37.47120666503906,
        35.782569885253906,
        26.366186141967773,
        23.61515998840332,
        21.576379776000977,
        26.294769287109375,
        29.12869644165039,
        32.089805603027344,
        31.055465698242188,
        27.30902671813965,
        28.962614059448242,
        27.743608474731445,
        23.532583236694336,
        22.596384048461914,
        24.40576171875,
        24.330455780029297,
        24.3975830078125,
        24.58200454711914,
        24.054349899291992,
        24.426414489746094,
        24.23484992980957,
        25.128067016601562,
        26.494211196899414,
        27.032699584960938
    ]
}