{
    "num_conv_blocks": 4,
    "initial_channels": 32,
    "dropout_rate": 0.33,
    "learning_rate": 0.0001,
    "best_test_r2": 0.4392998218536377,
    "best_test_loss": 5.865325927734375,
    "final_train_r2": -0.418306827545166,
    "train_r2_history": [
        -32.67959976196289,
        -24.56842803955078,
        -13.677774429321289,
        -5.428158760070801,
        -0.9454821348190308,
        -1.721721887588501,
        -1.187669277191162,
        -1.333540439605713,
        -1.3032267093658447,
        -0.8531501293182373,
        -0.8115261793136597,
        -1.7045645713806152,
        -0.8451716899871826,
        -1.3057277202606201,
        -0.8774222135543823,
        -0.6990787982940674,
        -1.0071220397949219,
        -1.1591973304748535,
        -1.394092082977295,
        -0.7241063117980957,
        -1.531635046005249,
        -0.9973424673080444,
        -0.9436898231506348,
        -0.9420042037963867,
        -0.9055393934249878,
        -0.8350886106491089,
        -0.6422954797744751,
        -0.6119619607925415,
        -0.5188038349151611,
        -0.5597259998321533,
        -1.0564939975738525,
        -0.40321898460388184,
        -0.7649002075195312,
        -0.8761013746261597,
        -0.3981747627258301,
        -1.1271133422851562,
        -0.7506712675094604,
        -0.43881797790527344,
        -0.418306827545166
    ],
    "test_r2_history": [
        -33.00587463378906,
        -29.93808937072754,
        -22.54914665222168,
        -10.339072227478027,
        -2.3926572799682617,
        -1.2539336681365967,
        -1.2311620712280273,
        -0.7080910205841064,
        -0.2920536994934082,
        -0.8050638437271118,
        -0.5746896266937256,
        -0.14321064949035645,
        0.21416717767715454,
        0.3170511722564697,
        0.3849021792411804,
        0.24702531099319458,
        0.1803908348083496,
        -0.043593525886535645,
        0.4237822890281677,
        0.4392998218536377,
        0.3015429377555847,
        0.14869189262390137,
        0.178256094455719,
        0.15609878301620483,
        0.409728467464447,
        0.2701210379600525,
        0.3920661211013794,
        0.27391451597213745,
        0.19399213790893555,
        0.3724309802055359,
        0.31495702266693115,
        0.0966271162033081,
        0.1415526270866394,
        0.2544916868209839,
        0.3002181649208069,
        0.37011879682540894,
        0.2671520709991455,
        0.2378026247024536,
        0.34869855642318726
    ],
    "train_loss_history": [
        337.1057840983073,
        255.21376715766058,
        145.67308468288846,
        64.59455702039931,
        19.28272819519043,
        27.710519366794163,
        21.95261730088128,
        23.76253859202067,
        23.058133178287083,
        18.335554546780056,
        18.256866667005752,
        27.087972429063583,
        18.264158301883274,
        22.939731703864204,
        18.723025215996635,
        17.025412294599747,
        20.118835502200657,
        21.431328031751846,
        23.86298476325141,
        17.473337173461914,
        25.28424533208211,
        19.71528810924954,
        19.38559601042006,
        19.33257049984402,
        19.048916180928547,
        18.489923265245224,
        16.375732951694065,
        15.972110271453857,
        15.155129750569662,
        15.899694018893772,
        21.06440438164605,
        14.149441719055176,
        18.115739610460068,
        18.862548510233562,
        13.849970976511637,
        21.52172745598687,
        17.599854310353596,
        14.564334233601889,
        14.37115388446384
    ],
    "test_loss_history": [
        355.7257995605469,
        323.634521484375,
        246.3409423828125,
        118.61483001708984,
        35.4896240234375,
        23.5777587890625,
        23.339555740356445,
        17.867856979370117,
        13.51580810546875,
        18.882261276245117,
        16.472379684448242,
        11.95880126953125,
        8.220375061035156,
        7.144132614135742,
        6.434363842010498,
        7.876655101776123,
        8.573698997497559,
        10.916735649108887,
        6.027650356292725,
        5.865325927734375,
        7.306360721588135,
        8.905291557312012,
        8.596030235290527,
        8.827811241149902,
        6.174663543701172,
        7.635056972503662,
        6.359423637390137,
        7.595373153686523,
        8.431418418884277,
        6.564820766448975,
        7.16603946685791,
        9.449928283691406,
        8.979973793029785,
        7.798550128936768,
        7.320218563079834,
        6.589008331298828,
        7.666112899780273,
        7.973130226135254,
        6.813079833984375
    ]
}