{
    "num_conv_blocks": 3,
    "initial_channels": 64,
    "dropout_rate": 0.33,
    "learning_rate": 0.001,
    "best_test_r2": 0.3698018193244934,
    "best_test_loss": 212.36781311035156,
    "final_train_r2": 0.6267144680023193,
    "train_r2_history": [
        -0.7022049427032471,
        -0.5659787654876709,
        -0.18355560302734375,
        -0.11118948459625244,
        0.12857335805892944,
        -0.0449678897857666,
        0.2633376717567444,
        -0.02904379367828369,
        -0.01316213607788086,
        0.2898716330528259,
        0.23689812421798706,
        0.16345852613449097,
        0.38819462060928345,
        0.3262419104576111,
        0.4680466055870056,
        0.45544958114624023,
        0.504068911075592,
        0.3104488253593445,
        0.3300892114639282,
        0.37309354543685913,
        0.4077710509300232,
        0.43273842334747314,
        0.47059452533721924,
        0.56324303150177,
        0.5721374750137329,
        0.4292687773704529,
        0.4514284133911133,
        0.5592465400695801,
        0.6239370703697205,
        0.5205570459365845,
        0.5655645132064819,
        0.606589674949646,
        0.6267144680023193
    ],
    "test_r2_history": [
        -1.245818853378296,
        -0.6349395513534546,
        0.2430519461631775,
        0.015297114849090576,
        0.15306329727172852,
        0.3144993782043457,
        0.19579821825027466,
        -0.5445578098297119,
        -0.08824658393859863,
        -0.26554691791534424,
        -0.4791831970214844,
        0.09025955200195312,
        0.2499556541442871,
        0.3698018193244934,
        0.20478785037994385,
        0.20846468210220337,
        0.12469595670700073,
        0.08811485767364502,
        0.1360710859298706,
        0.04801052808761597,
        0.16032421588897705,
        0.1758766770362854,
        0.29237139225006104,
        0.36536335945129395,
        0.2775905728340149,
        0.156732439994812,
        0.22292906045913696,
        0.2969509959220886,
        0.2937477231025696,
        0.2440732717514038,
        0.2654218077659607,
        0.3274269104003906,
        0.327775776386261
    ],
    "train_loss_history": [
        593.976683722602,
        546.8331858317057,
        407.27323235405817,
        388.76700507269965,
        302.37977600097656,
        357.6403503417969,
        255.7996326022678,
        359.694822523329,
        351.81348503960504,
        246.05753411187067,
        265.54257032606336,
        289.5652821858724,
        210.14551459418402,
        242.7856241861979,
        183.02056291368274,
        191.34930928548178,
        172.0377163357205,
        240.73902808295355,
        231.45409393310547,
        221.1096420288086,
        205.5387666490343,
        197.25873947143555,
        185.54675462510852,
        151.36043527391223,
        151.15024058024088,
        197.6553022596571,
        191.14402347140842,
        155.07972039116754,
        132.07877519395618,
        166.16068945990668,
        150.70081668429904,
        134.13413577609592,
        130.13506062825522
    ],
    "test_loss_history": [
        756.8091430664062,
        550.9513549804688,
        255.08074951171875,
        331.8309020996094,
        285.4056396484375,
        231.0039825439453,
        271.0046081542969,
        520.4940795898438,
        366.7236633300781,
        426.4713439941406,
        498.4636535644531,
        306.56964111328125,
        252.7542724609375,
        212.36781311035156,
        267.9752502441406,
        266.73614501953125,
        294.965087890625,
        307.2923889160156,
        291.1317443847656,
        320.8069152832031,
        282.9588317871094,
        277.7178649902344,
        238.4607696533203,
        213.86355590820312,
        243.4417266845703,
        284.169189453125,
        261.86187744140625,
        236.9175262451172,
        237.99700927734375,
        254.73655700683594,
        247.54244995117188,
        226.6475830078125,
        226.53001403808594
    ]
}