{
    "num_conv_blocks": 4,
    "initial_channels": 64,
    "dropout_rate": 0.33,
    "learning_rate": 0.001,
    "best_test_r2": 0.3463671803474426,
    "best_test_loss": 220.2649688720703,
    "final_train_r2": 0.420537531375885,
    "train_r2_history": [
        -1.6302313804626465,
        -0.6640262603759766,
        0.04238414764404297,
        -0.12269306182861328,
        -0.1027677059173584,
        0.14685606956481934,
        -0.05227494239807129,
        0.05796390771865845,
        0.2386939525604248,
        -0.16213417053222656,
        0.04206550121307373,
        0.11481249332427979,
        0.1493772268295288,
        0.16913819313049316,
        0.266204297542572,
        0.16653048992156982,
        0.09039497375488281,
        0.39993715286254883,
        0.35376495122909546,
        0.4290791153907776,
        0.35943537950515747,
        0.27379119396209717,
        0.2194685935974121,
        0.4446777105331421,
        0.4077194333076477,
        0.40569549798965454,
        0.37462788820266724,
        0.368064820766449,
        0.4891996383666992,
        0.48979032039642334,
        0.4637404680252075,
        0.4417928457260132,
        0.41083598136901855,
        0.45301884412765503,
        0.5006712675094604,
        0.420537531375885
    ],
    "test_r2_history": [
        -1.1617028713226318,
        -0.31945908069610596,
        0.08881509304046631,
        0.07901531457901001,
        0.3085213303565979,
        -0.22695159912109375,
        -0.23790502548217773,
        -0.029455900192260742,
        0.05092978477478027,
        0.13997489213943481,
        0.2667868733406067,
        0.13457870483398438,
        0.20526748895645142,
        0.2915061116218567,
        0.3032679557800293,
        0.2497948408126831,
        0.3463671803474426,
        0.34245264530181885,
        0.11792010068893433,
        0.19061338901519775,
        0.2309798002243042,
        0.23869675397872925,
        0.1773497462272644,
        0.17713087797164917,
        0.22802263498306274,
        0.26172715425491333,
        0.2551984190940857,
        0.21848714351654053,
        0.23827612400054932,
        0.27653104066848755,
        0.28608375787734985,
        0.2780488133430481,
        0.2541026473045349,
        0.22071480751037598,
        0.2087714672088623,
        0.20660996437072754
    ],
    "train_loss_history": [
        911.8631320529514,
        572.9159003363716,
        337.8856964111328,
        391.6503092447917,
        383.53136952718097,
        298.96679348415796,
        365.314934624566,
        327.30848693847656,
        262.1250474717882,
        407.84401448567706,
        328.5898903740777,
        308.9114820692274,
        295.22127109103735,
        285.3320498996311,
        252.7264404296875,
        294.57066938612195,
        312.98160552978516,
        205.2755415174696,
        224.7904756334093,
        202.2450154622396,
        223.48358747694226,
        247.29578653971353,
        274.49975925021704,
        192.90306345621744,
        205.125855339898,
        203.583492702908,
        216.12945980495877,
        219.3820037841797,
        176.96413082546658,
        174.5836698744032,
        185.58042907714844,
        194.5464070638021,
        203.4208526611328,
        190.75214640299478,
        173.926144917806,
        197.9154535929362
    ],
    "test_loss_history": [
        728.4632568359375,
        444.6389465332031,
        307.056396484375,
        310.3587646484375,
        233.01849365234375,
        413.4652099609375,
        417.15643310546875,
        346.9120178222656,
        319.82318115234375,
        289.81622314453125,
        247.08241271972656,
        291.6347351074219,
        267.8135681152344,
        238.75238037109375,
        234.78875732421875,
        252.8084716796875,
        220.2649688720703,
        221.5841522216797,
        297.2484436035156,
        272.7518005371094,
        259.14892578125,
        256.54840087890625,
        277.221435546875,
        277.2951965332031,
        260.1454162597656,
        248.7875213623047,
        250.98757934570312,
        263.35870361328125,
        256.69012451171875,
        243.7987518310547,
        240.5796356201172,
        243.28729248046875,
        251.35682678222656,
        262.6080627441406,
        266.63275146484375,
        267.36114501953125
    ]
}