{
    "num_conv_blocks": 3,
    "initial_channels": 16,
    "dropout_rate": 0.33,
    "learning_rate": 0.001,
    "best_test_r2": 0.34036630392074585,
    "best_test_loss": 222.28720092773438,
    "final_train_r2": 0.41748911142349243,
    "train_r2_history": [
        -1.2497665882110596,
        -0.6763064861297607,
        -0.427844762802124,
        -0.026033997535705566,
        -0.13693416118621826,
        -0.181471586227417,
        -0.012917876243591309,
        -0.17659246921539307,
        0.020656287670135498,
        -0.010868310928344727,
        -0.18595552444458008,
        0.06523829698562622,
        0.0895281434059143,
        -0.007188558578491211,
        0.04006379842758179,
        0.005165040493011475,
        0.2127465009689331,
        -0.08596491813659668,
        0.1837254762649536,
        0.07117420434951782,
        0.1527981162071228,
        0.21864593029022217,
        0.28039222955703735,
        0.20905423164367676,
        0.26108360290527344,
        0.31444960832595825,
        0.2717675566673279,
        0.20504450798034668,
        0.2160400152206421,
        0.3644123077392578,
        0.09518259763717651,
        0.19770896434783936,
        0.23889422416687012,
        0.47263962030410767,
        0.2800544500350952,
        0.33281415700912476,
        0.33153343200683594,
        0.3863554000854492,
        0.3827207088470459,
        0.37061935663223267,
        0.4079294800758362,
        0.41748911142349243
    ],
    "test_r2_history": [
        -2.370443344116211,
        -1.9174890518188477,
        -0.8557829856872559,
        0.0057106614112854,
        -0.1274113655090332,
        0.05663001537322998,
        0.04576277732849121,
        0.10618817806243896,
        0.12230128049850464,
        -0.025400280952453613,
        -0.24226725101470947,
        -0.007548809051513672,
        0.0012541413307189941,
        0.2553638219833374,
        0.3311900496482849,
        -0.10690832138061523,
        0.15742498636245728,
        0.10720205307006836,
        0.06480556726455688,
        0.15021389722824097,
        0.23263496160507202,
        0.05593341588973999,
        0.34036630392074585,
        0.2141634225845337,
        0.2501928210258484,
        0.227061927318573,
        0.17164701223373413,
        -0.029114723205566406,
        0.19075894355773926,
        0.2355407476425171,
        0.20846956968307495,
        0.10057908296585083,
        0.056315481662750244,
        0.20655488967895508,
        0.2751230001449585,
        0.24898844957351685,
        0.2007603645324707,
        0.17185574769973755,
        0.16675657033920288,
        0.18384188413619995,
        0.16946923732757568,
        0.23611092567443848
    ],
    "train_loss_history": [
        772.986097547743,
        578.4791870117188,
        495.07594129774304,
        360.3998328314887,
        387.9824913872613,
        408.29275851779516,
        350.88697814941406,
        406.0875464545356,
        340.8550669352214,
        348.827397664388,
        410.38992479112414,
        322.9704132080078,
        315.7531000773112,
        348.02601453993054,
        329.46004062228735,
        344.0241292317708,
        271.827394273546,
        380.70051744249133,
        290.9382960001628,
        321.3924831814236,
        295.21007368299695,
        267.91238657633465,
        250.27030012342664,
        277.6537026299371,
        257.0826246473524,
        239.951050652398,
        252.6294682820638,
        274.7187152438694,
        270.04201253255206,
        221.35348849826389,
        318.9070129394531,
        278.134886847602,
        266.8589367336697,
        181.00297037760416,
        250.51286146375867,
        237.87522210015192,
        237.39615631103516,
        216.93529764811197,
        214.50480016072592,
        218.94953409830728,
        203.0974383884006,
        208.40079328748914
    ],
    "test_loss_history": [
        1135.7913818359375,
        983.1524658203125,
        625.37255859375,
        335.0614318847656,
        379.921630859375,
        317.90228271484375,
        321.5643615722656,
        301.2018737792969,
        295.7720031738281,
        345.5453186035156,
        418.62652587890625,
        339.5296630859375,
        336.563232421875,
        250.93185424804688,
        225.3794708251953,
        373.01239013671875,
        283.93585205078125,
        300.8602294921875,
        315.14727783203125,
        286.3658752441406,
        258.59112548828125,
        318.13702392578125,
        222.28720092773438,
        264.8157958984375,
        252.6743927001953,
        260.4691467285156,
        279.1432189941406,
        346.7970886230469,
        272.7027587890625,
        257.6119079589844,
        266.7345275878906,
        303.092041015625,
        318.00830078125,
        267.37969970703125,
        244.2732696533203,
        253.08021545410156,
        269.3323974609375,
        279.07281494140625,
        280.791259765625,
        275.0336608886719,
        279.8771057128906,
        257.4197998046875
    ]
}