{
    "num_conv_blocks": 2,
    "initial_channels": 64,
    "dropout_rate": 0.33,
    "learning_rate": 0.0001,
    "best_test_r2": 0.646655261516571,
    "best_test_loss": 0.36111751198768616,
    "final_train_r2": 0.5736249685287476,
    "train_r2_history": [
        -0.6514362096786499,
        -0.22196102142333984,
        0.008363485336303711,
        -0.09745180606842041,
        0.1582709550857544,
        0.22867804765701294,
        0.23681765794754028,
        0.15346914529800415,
        0.22353273630142212,
        0.34928280115127563,
        0.2763358950614929,
        0.22377800941467285,
        0.3816118836402893,
        0.0018481016159057617,
        0.22913414239883423,
        0.12894177436828613,
        0.40431737899780273,
        0.18260431289672852,
        0.10999482870101929,
        0.32179856300354004,
        0.21208733320236206,
        0.41179150342941284,
        0.2676039934158325,
        0.29381322860717773,
        0.2202674150466919,
        0.43872469663619995,
        0.5251798629760742,
        0.4915809631347656,
        0.2001768946647644,
        0.5307115316390991,
        0.4791910648345947,
        0.5736249685287476
    ],
    "test_r2_history": [
        -1.5791442394256592,
        -0.7873435020446777,
        -0.886985182762146,
        -0.618820071220398,
        -0.2797055244445801,
        -0.008448123931884766,
        -0.074867844581604,
        -0.034531593322753906,
        0.2975805997848511,
        0.32512402534484863,
        0.3149423599243164,
        0.3190110921859741,
        0.646655261516571,
        0.21666550636291504,
        0.06693375110626221,
        0.2547295093536377,
        0.3923439383506775,
        -0.03480064868927002,
        0.23566323518753052,
        0.4404742121696472,
        0.48324841260910034,
        0.3364638686180115,
        0.2817137837409973,
        0.38248080015182495,
        0.4129188656806946,
        0.4808289408683777,
        0.45656585693359375,
        0.4607340693473816,
        0.4484032988548279,
        0.4616672992706299,
        0.4506770372390747,
        0.44996708631515503
    ],
    "train_loss_history": [
        1.7186041275660198,
        1.2655753857559628,
        1.0253123144308727,
        1.1227262218793232,
        0.8659444120195177,
        0.7944163729747137,
        0.7930367622110579,
        0.8776149253050486,
        0.7886248032251993,
        0.669404536485672,
        0.7389296144247055,
        0.8029032515154945,
        0.6337316566043429,
        1.0282895233896043,
        0.7913235856427087,
        0.8944229044848018,
        0.6128209133942922,
        0.8344918621910943,
        0.9163001113467746,
        0.7018726699882083,
        0.817879683441586,
        0.6079867026872106,
        0.757721423274941,
        0.7241493927107917,
        0.8351597670051787,
        0.5814106464385986,
        0.4875632988082038,
        0.531171578500006,
        0.8153544730610318,
        0.49929440683788723,
        0.5362653914425108,
        0.4337553456425667
    ],
    "test_loss_history": [
        2.6358792781829834,
        1.8266611099243164,
        1.9284945726394653,
        1.6544302701950073,
        1.3078559637069702,
        1.0306315422058105,
        1.0985125303268433,
        1.0572888851165771,
        0.7178710103034973,
        0.6897217035293579,
        0.7001273036003113,
        0.6959689855575562,
        0.36111751198768616,
        0.8005660176277161,
        0.953591525554657,
        0.7616645693778992,
        0.6210229992866516,
        1.0575639009475708,
        0.7811504006385803,
        0.5718340277671814,
        0.528118908405304,
        0.6781324148178101,
        0.734086811542511,
        0.6311031579971313,
        0.5999955534934998,
        0.530591607093811,
        0.5553884506225586,
        0.5511285066604614,
        0.5637305378913879,
        0.5501747131347656,
        0.5614067912101746,
        0.5621323585510254
    ]
}