{
    "num_conv_blocks": 2,
    "initial_channels": 64,
    "dropout_rate": 0.33,
    "learning_rate": 0.001,
    "best_test_r2": 0.41825753450393677,
    "best_test_loss": 32.7955322265625,
    "final_train_r2": 0.777414858341217,
    "train_r2_history": [
        -0.5009877681732178,
        0.03210514783859253,
        0.3711587190628052,
        0.07343000173568726,
        0.18091893196105957,
        0.06398314237594604,
        0.23025429248809814,
        0.21123570203781128,
        0.29709410667419434,
        0.3517199158668518,
        0.12135970592498779,
        -0.04710543155670166,
        0.2242649793624878,
        0.36682987213134766,
        0.13574403524398804,
        0.4680768847465515,
        0.4654929041862488,
        0.436132550239563,
        0.216694176197052,
        0.4534119963645935,
        0.3639886975288391,
        0.4711179733276367,
        0.4761922359466553,
        0.4803388714790344,
        0.4147871136665344,
        0.40298599004745483,
        0.5173722505569458,
        0.44142627716064453,
        0.5312305688858032,
        0.3689226508140564,
        0.6371971368789673,
        0.5857927799224854,
        0.6423060894012451,
        0.39642059803009033,
        0.6331866979598999,
        0.6832623481750488,
        0.43072545528411865,
        0.5332918167114258,
        0.633124589920044,
        0.4651084542274475,
        0.5990895628929138,
        0.503394603729248,
        0.6047623157501221,
        0.4865698218345642,
        0.5753101110458374,
        0.5875349044799805,
        0.5547358393669128,
        0.5994696617126465,
        0.777414858341217
    ],
    "test_r2_history": [
        -0.24751043319702148,
        -0.10988950729370117,
        0.10110443830490112,
        0.12373888492584229,
        0.35056787729263306,
        -0.1362224817276001,
        -0.04911947250366211,
        -0.08876991271972656,
        0.20998376607894897,
        0.3700052499771118,
        0.24263077974319458,
        -0.055696725845336914,
        -0.1695554256439209,
        0.018648803234100342,
        0.3046312928199768,
        0.37538236379623413,
        0.16135376691818237,
        0.2533126473426819,
        0.23776596784591675,
        0.20648664236068726,
        0.19136059284210205,
        0.3354440927505493,
        0.30155783891677856,
        0.23455452919006348,
        0.3041439652442932,
        0.2504563331604004,
        0.24800431728363037,
        0.35223400592803955,
        0.40438807010650635,
        0.41825753450393677,
        0.3446211814880371,
        0.3630780577659607,
        0.41536277532577515,
        0.34503328800201416,
        0.2207908034324646,
        0.2348957061767578,
        0.3224838376045227,
        0.3802603483200073,
        0.36371153593063354,
        0.30294734239578247,
        0.32016289234161377,
        0.37516140937805176,
        0.381277859210968,
        0.3615594506263733,
        0.32699090242385864,
        0.32916259765625,
        0.39113426208496094,
        0.38375723361968994,
        0.389104962348938
    ],
    "train_loss_history": [
        45.75770950317383,
        29.404561784532333,
        19.0459918446011,
        28.58868079715305,
        24.971701939900715,
        28.426319546169704,
        23.79486338297526,
        24.056492275661892,
        21.63213226530287,
        19.793727662828232,
        26.676010343763565,
        31.835426224602593,
        23.6552644305759,
        19.55288569132487,
        26.44083701239692,
        16.842107878790962,
        16.61028485827976,
        17.44040568669637,
        23.997555785708958,
        16.65820010503133,
        19.528391308254665,
        16.259896649254692,
        16.074130137761433,
        15.865670945909288,
        17.860517713758682,
        18.23896312713623,
        14.657658047146267,
        17.12184434466892,
        14.359440697564018,
        19.064027627309162,
        11.04283497068617,
        12.60029141108195,
        10.80149253209432,
        18.182180100017124,
        11.11875245306227,
        9.811820771959093,
        17.22792673110962,
        14.418515682220459,
        11.17934348848131,
        16.33302068710327,
        12.267933421664768,
        14.963122367858887,
        12.013811376359728,
        15.582145055135092,
        12.888257344563803,
        12.534245544009739,
        13.584746572706434,
        12.090741475423178,
        6.83273352517022
    ],
    "test_loss_history": [
        70.32796478271484,
        62.56964874267578,
        50.674922943115234,
        49.398921966552734,
        36.61151123046875,
        64.05415344238281,
        59.14375686645508,
        61.3790283203125,
        44.53689193725586,
        35.5157356262207,
        42.69643020629883,
        59.514549255371094,
        65.93328857421875,
        55.323333740234375,
        39.201171875,
        35.21260452270508,
        47.27840042114258,
        42.094242095947266,
        42.970680236816406,
        44.734039306640625,
        45.586769104003906,
        37.464115142822266,
        39.37443542480469,
        43.1517219543457,
        39.228641510009766,
        42.25526809692383,
        42.39350509643555,
        36.51758575439453,
        33.577415466308594,
        32.7955322265625,
        36.946754455566406,
        35.90625,
        32.95872497558594,
        36.92352294921875,
        43.92765426635742,
        43.13249206542969,
        38.19474411010742,
        34.9376106262207,
        35.87054443359375,
        39.29610061645508,
        38.325584411621094,
        35.22505569458008,
        34.8802490234375,
        35.99186706542969,
        37.94065475463867,
        37.818233489990234,
        34.32459259033203,
        34.740474700927734,
        34.43899917602539
    ]
}