{
    "num_conv_blocks": 3,
    "initial_channels": 16,
    "dropout_rate": 0.33,
    "learning_rate": 0.0001,
    "best_test_r2": 0.22205424308776855,
    "best_test_loss": 262.1566467285156,
    "final_train_r2": 0.34561288356781006,
    "train_r2_history": [
        -3.182957649230957,
        -2.8577582836151123,
        -2.364156723022461,
        -1.7152750492095947,
        -1.1656625270843506,
        -0.395382285118103,
        -0.04002344608306885,
        -0.0017113685607910156,
        0.040694236755371094,
        0.12316811084747314,
        0.20443010330200195,
        0.10348111391067505,
        0.1510789394378662,
        0.19132286310195923,
        0.2647257447242737,
        0.249342143535614,
        0.25195538997650146,
        0.08172452449798584,
        0.1738792061805725,
        0.22088927030563354,
        0.26362037658691406,
        0.11784142255783081,
        0.16765040159225464,
        0.04780864715576172,
        0.1699633002281189,
        0.21181803941726685,
        0.29456835985183716,
        0.2699674367904663,
        0.35772764682769775,
        0.2487207055091858,
        0.17599141597747803,
        0.34809184074401855,
        0.3889692425727844,
        0.1968805193901062,
        0.16672056913375854,
        0.187796950340271,
        0.1851252317428589,
        0.2889080047607422,
        0.34561288356781006
    ],
    "test_r2_history": [
        -3.5622692108154297,
        -3.4288692474365234,
        -3.1737189292907715,
        -2.8140041828155518,
        -2.398160219192505,
        -1.5035438537597656,
        -1.012347936630249,
        -0.6976560354232788,
        -0.23580610752105713,
        -0.00304567813873291,
        0.028682410717010498,
        -0.028644680976867676,
        -0.027310609817504883,
        -0.05563616752624512,
        0.09262710809707642,
        0.13738024234771729,
        0.07311069965362549,
        -0.01412200927734375,
        0.10551881790161133,
        0.22205424308776855,
        0.15638095140457153,
        0.16976213455200195,
        0.19709241390228271,
        0.023586809635162354,
        0.009484171867370605,
        0.07588982582092285,
        0.10480600595474243,
        0.08039945363998413,
        0.0774613618850708,
        0.0876961350440979,
        0.15788525342941284,
        0.12118726968765259,
        0.08133900165557861,
        0.08278578519821167,
        0.09943991899490356,
        0.06673163175582886,
        0.04762601852416992,
        0.03669506311416626,
        0.042407333850860596
    ],
    "train_loss_history": [
        1449.3360120985244,
        1336.1535034179688,
        1164.8412272135417,
        938.1919894748264,
        748.8109334309896,
        481.5455847846137,
        363.1672575208876,
        353.32171715630426,
        328.45628356933594,
        305.17297702365454,
        275.3343683878581,
        312.2470703125,
        294.96515570746527,
        281.3858574761285,
        255.04425726996527,
        260.7187737358941,
        260.09119415283203,
        316.4542999267578,
        287.6569129096137,
        268.4300367567274,
        255.70483228895398,
        310.19202762179907,
        295.2907206217448,
        329.8185306125217,
        288.05469682481555,
        273.61067454020184,
        247.47793918185764,
        254.21375444200305,
        225.5082032945421,
        258.861821492513,
        294.325688680013,
        227.94285413953992,
        215.77999793158637,
        280.98765140109595,
        294.68738810221356,
        281.50022464328345,
        284.5774417453342,
        246.4436526828342,
        225.52500745985242
    ],
    "test_loss_history": [
        1537.4197998046875,
        1492.46630859375,
        1406.4840087890625,
        1285.2655029296875,
        1145.1318359375,
        843.6588745117188,
        678.1326293945312,
        572.0860595703125,
        416.4491271972656,
        338.0121765136719,
        327.3202209472656,
        346.638671875,
        346.1891174316406,
        355.73443603515625,
        305.7717590332031,
        290.69061279296875,
        312.3485412597656,
        341.7447204589844,
        301.42742919921875,
        262.1566467285156,
        284.28759765625,
        279.7783508300781,
        270.5684814453125,
        329.0373840332031,
        333.789794921875,
        311.4120178222656,
        301.6676330566406,
        309.8923034667969,
        310.8824462890625,
        307.4334411621094,
        283.7807312011719,
        296.1474304199219,
        309.57574462890625,
        309.0881652832031,
        303.47601318359375,
        314.4981994628906,
        320.9365234375,
        324.62005615234375,
        322.6951904296875
    ]
}