{
    "num_conv_blocks": 2,
    "initial_channels": 64,
    "dropout_rate": 0.33,
    "learning_rate": 0.001,
    "best_test_r2": 0.42952871322631836,
    "best_test_loss": 192.24075317382812,
    "final_train_r2": 0.6143191456794739,
    "train_r2_history": [
        -0.7945817708969116,
        -0.28866255283355713,
        -0.1743767261505127,
        0.07020670175552368,
        -0.42660343647003174,
        -0.030192971229553223,
        0.00036090612411499023,
        0.2337086796760559,
        -0.03324329853057861,
        0.14045614004135132,
        0.1062169075012207,
        0.2624397277832031,
        0.41645127534866333,
        0.2124311327934265,
        0.23478704690933228,
        0.23163658380508423,
        0.2730977535247803,
        0.2992912530899048,
        0.4447045922279358,
        0.4877469539642334,
        0.30420613288879395,
        0.42804479598999023,
        0.46843457221984863,
        0.49795687198638916,
        0.6366298794746399,
        0.5694934725761414,
        0.46066904067993164,
        0.5482777953147888,
        0.4956199526786804,
        0.6298657655715942,
        0.6386252641677856,
        0.6331344246864319,
        0.7321213483810425,
        0.5929772853851318,
        0.5829785466194153,
        0.7324278354644775,
        0.6948058605194092,
        0.6426519751548767,
        0.6242399215698242,
        0.7064114212989807,
        0.6970539093017578,
        0.6242644786834717,
        0.6505088806152344,
        0.684185266494751,
        0.690659761428833,
        0.665101170539856,
        0.5999971628189087,
        0.6002992391586304,
        0.6235520839691162,
        0.7018775939941406,
        0.7011215686798096,
        0.5502101182937622,
        0.7283487915992737,
        0.688230574131012,
        0.6219478845596313,
        0.6143191456794739
    ],
    "test_r2_history": [
        -1.2951061725616455,
        -0.010945916175842285,
        -0.23352110385894775,
        0.23973363637924194,
        -0.07573175430297852,
        0.15863698720932007,
        -0.04697883129119873,
        0.38502711057662964,
        -0.17926108837127686,
        0.3511672616004944,
        0.05719703435897827,
        0.4135814905166626,
        0.3912872076034546,
        0.2804418206214905,
        0.3684921860694885,
        0.22098076343536377,
        0.23844361305236816,
        0.289853036403656,
        0.20868414640426636,
        0.2296074628829956,
        0.10593849420547485,
        0.39139652252197266,
        0.42521142959594727,
        0.18019390106201172,
        0.2761484384536743,
        0.40894216299057007,
        0.030905723571777344,
        0.14117193222045898,
        0.15679502487182617,
        0.29502612352371216,
        0.2908119559288025,
        0.2904292345046997,
        0.3295767903327942,
        0.2526458501815796,
        0.22612392902374268,
        0.3517445921897888,
        0.42952871322631836,
        0.4039148688316345,
        0.32950693368911743,
        0.3163232207298279,
        0.2871823310852051,
        0.32239866256713867,
        0.3479313254356384,
        0.339796245098114,
        0.3232659697532654,
        0.3111913800239563,
        0.2841683030128479,
        0.29756373167037964,
        0.29355984926223755,
        0.3110813498497009,
        0.31867486238479614,
        0.2876405119895935,
        0.2795146703720093,
        0.28214597702026367,
        0.2915445566177368,
        0.31057488918304443
    ],
    "train_loss_history": [
        623.1629435221354,
        457.40713585747613,
        411.512463039822,
        317.58633592393664,
        493.5319332546658,
        358.798828125,
        347.74432203504773,
        267.00541008843317,
        359.6096937391493,
        297.9177822536892,
        306.1287350124783,
        264.584839714898,
        201.83763970269098,
        273.7267659505208,
        269.0754123263889,
        266.8247417873806,
        256.5763660007053,
        241.43534681532117,
        190.40261205037436,
        176.24189927842883,
        244.1228001912435,
        195.8440458509657,
        191.8403116861979,
        173.29618157280817,
        125.51140509711371,
        149.07981872558594,
        188.8411971198188,
        154.6214836968316,
        177.38003879123264,
        127.73661126030817,
        124.50188446044922,
        128.2578379313151,
        93.44651624891493,
        141.34663560655383,
        144.69245995415582,
        92.70016309950087,
        104.7824829949273,
        123.38838789198134,
        131.09520382351346,
        100.4823349846734,
        106.58143997192383,
        128.65881178114148,
        122.05738957722981,
        110.56713273790147,
        106.44284566243489,
        116.97394561767578,
        139.81605275472006,
        138.4744135538737,
        131.26677746242947,
        104.26701058281793,
        102.47731272379558,
        156.4845962524414,
        94.70335080888536,
        110.80671522352431,
        129.97971767849393,
        132.29773245917426
    ],
    "test_loss_history": [
        773.4180908203125,
        340.6744384765625,
        415.6790771484375,
        256.198974609375,
        362.5063171386719,
        283.52740478515625,
        352.81695556640625,
        207.23715209960938,
        397.394287109375,
        218.64743041992188,
        317.7112121582031,
        197.6147003173828,
        205.12757873535156,
        242.48092651367188,
        212.8091583251953,
        262.5184326171875,
        256.6336975097656,
        239.3094482421875,
        266.6622314453125,
        259.61138916015625,
        301.2859802246094,
        205.09071350097656,
        193.69558715820312,
        276.2629699707031,
        243.9276580810547,
        199.1781005859375,
        326.57098388671875,
        289.41290283203125,
        284.1481018066406,
        237.56619262695312,
        238.98629760742188,
        239.11526489257812,
        225.923095703125,
        251.8477020263672,
        260.78521728515625,
        218.45286560058594,
        192.24075317382812,
        200.87225341796875,
        225.9466552734375,
        230.38938903808594,
        240.20941162109375,
        228.34201049804688,
        219.73788452148438,
        222.4792938232422,
        228.04977416992188,
        232.1186981201172,
        241.22512817382812,
        236.71102905273438,
        238.06033325195312,
        232.1558074951172,
        229.59690856933594,
        240.0550079345703,
        242.7933349609375,
        241.90663146972656,
        238.73944091796875,
        232.3264617919922
    ]
}