{
    "num_conv_blocks": 3,
    "initial_channels": 64,
    "dropout_rate": 0.33,
    "learning_rate": 0.001,
    "best_test_r2": 0.8314917683601379,
    "best_test_loss": 0.17221501469612122,
    "final_train_r2": 0.4050428867340088,
    "train_r2_history": [
        -7.302647590637207,
        -0.9029293060302734,
        -0.22068548202514648,
        -0.40931713581085205,
        -0.22199666500091553,
        -0.03208887577056885,
        -0.47914981842041016,
        -0.27116620540618896,
        -0.13909268379211426,
        -0.16717898845672607,
        0.13865292072296143,
        0.017045021057128906,
        -0.04392218589782715,
        -0.33134520053863525,
        0.2540181279182434,
        0.028371870517730713,
        0.05690336227416992,
        0.3334706425666809,
        0.36473023891448975,
        0.020023584365844727,
        0.3276700973510742,
        0.3663317561149597,
        0.24714922904968262,
        0.27382808923721313,
        0.19409549236297607,
        0.3756399154663086,
        0.2700820565223694,
        0.295108437538147,
        0.24719953536987305,
        0.4050428867340088
    ],
    "test_r2_history": [
        -1.0705108642578125,
        -0.35342371463775635,
        0.28068995475769043,
        0.04140496253967285,
        -0.27554094791412354,
        0.2831544876098633,
        -0.034577131271362305,
        0.44670993089675903,
        0.324565052986145,
        0.7090613842010498,
        0.8314917683601379,
        -0.03396570682525635,
        0.2340279221534729,
        0.5589090585708618,
        0.6807723641395569,
        0.6066057085990906,
        0.7783248424530029,
        0.7641242146492004,
        0.7324010133743286,
        0.5807846784591675,
        0.483758807182312,
        0.4445464015007019,
        0.6020087003707886,
        0.7171196937561035,
        0.6121360063552856,
        0.48282384872436523,
        0.5639015436172485,
        0.5742915868759155,
        0.4914747476577759,
        0.6058356761932373
    ],
    "train_loss_history": [
        8.436651455031502,
        1.938363704416487,
        1.2841984430948894,
        1.460403753651513,
        1.2642860843075647,
        1.0721686018837824,
        1.543447928296195,
        1.3162555827034845,
        1.1812645097573597,
        1.2002868288093143,
        0.8919635282622443,
        1.0100009971194797,
        1.0897749099466536,
        1.3779089235597186,
        0.7749726002415022,
        1.0251354061894946,
        1.001134004857805,
        0.6940620144208273,
        0.6650592866871092,
        1.0107287930117712,
        0.7002979947461022,
        0.6600550280676948,
        0.7867429984940423,
        0.7611447638935513,
        0.8391249941454993,
        0.6511120986607339,
        0.7671500494082769,
        0.7226537863413492,
        0.7802543607023027,
        0.6204068892531924
    ],
    "test_loss_history": [
        2.1160573959350586,
        1.3831958770751953,
        0.7351331114768982,
        0.9796819090843201,
        1.3035998344421387,
        0.7326144576072693,
        1.0573354959487915,
        0.5654611587524414,
        0.6902928948402405,
        0.2973386347293854,
        0.17221501469612122,
        1.0567106008529663,
        0.782821774482727,
        0.45079389214515686,
        0.326249897480011,
        0.4020480215549469,
        0.22655151784420013,
        0.24106447398662567,
        0.27348554134368896,
        0.42843708395957947,
        0.5275973081588745,
        0.5676723122596741,
        0.40674617886543274,
        0.28910303115844727,
        0.39639613032341003,
        0.5285528302192688,
        0.44569164514541626,
        0.4350730776786804,
        0.5197116136550903,
        0.4028349816799164
    ]
}