{
    "num_conv_blocks": 4,
    "initial_channels": 64,
    "dropout_rate": 0.33,
    "learning_rate": 0.0001,
    "best_test_r2": 0.8490850925445557,
    "best_test_loss": 0.15423466265201569,
    "final_train_r2": 0.5670030117034912,
    "train_r2_history": [
        -0.5549461841583252,
        0.1957099437713623,
        0.027053415775299072,
        -0.0867607593536377,
        0.14388734102249146,
        0.2880101799964905,
        0.39530616998672485,
        0.36141544580459595,
        0.31114017963409424,
        0.10013353824615479,
        0.02730107307434082,
        0.2300545573234558,
        0.301128089427948,
        0.3521103262901306,
        0.452925443649292,
        0.4328067898750305,
        0.3721267580986023,
        0.5136531591415405,
        0.4112839698791504,
        0.4710940718650818,
        0.5262256860733032,
        0.6049900054931641,
        0.5485988259315491,
        0.5216639637947083,
        0.4945710301399231,
        0.36256569623947144,
        0.6239054799079895,
        0.5332070589065552,
        0.3201259970664978,
        0.35065245628356934,
        0.4951712489128113,
        0.5670030117034912
    ],
    "test_r2_history": [
        -1.1936991214752197,
        -0.7480461597442627,
        -0.41805946826934814,
        -0.17161571979522705,
        -0.15707361698150635,
        -0.0773848295211792,
        0.19483590126037598,
        0.5624377727508545,
        0.7152209281921387,
        0.5491525530815125,
        0.5421662330627441,
        0.7433109879493713,
        0.8490850925445557,
        0.7661241888999939,
        0.7102586030960083,
        0.8266324400901794,
        0.8179609775543213,
        0.6932581067085266,
        0.520721435546875,
        0.656781792640686,
        0.7519742846488953,
        0.6657376289367676,
        0.6414521932601929,
        0.6956049799919128,
        0.7445248961448669,
        0.7195260524749756,
        0.6907563209533691,
        0.7428253889083862,
        0.7497606873512268,
        0.7313272953033447,
        0.714990496635437,
        0.752701997756958
    ],
    "train_loss_history": [
        1.5936036109924316,
        0.8359564360645082,
        1.004595590962304,
        1.1213919644554455,
        0.8898541728655497,
        0.7375901225540373,
        0.6210362662871679,
        0.6756924688816071,
        0.7293787308865123,
        0.9239399068885379,
        1.0157582975096173,
        0.8062052859200372,
        0.7155571281909943,
        0.6710517009099325,
        0.5766947468121847,
        0.5883619454171922,
        0.6558172951141993,
        0.5120709952380922,
        0.6057265169090695,
        0.5545747660928302,
        0.49351921677589417,
        0.4143768962886598,
        0.46648288435406154,
        0.4990592632028792,
        0.5314310308959749,
        0.6624007688628303,
        0.3927733682923847,
        0.48978857033782536,
        0.7017465531826019,
        0.6644113924768236,
        0.5283726081252098,
        0.4467030233807034
    ],
    "test_loss_history": [
        2.241955280303955,
        1.7864990234375,
        1.4492534399032593,
        1.1973885297775269,
        1.1825265884399414,
        1.10108482837677,
        0.8228758573532104,
        0.447187602519989,
        0.29104357957839966,
        0.4607650339603424,
        0.4679050147533417,
        0.26233556866645813,
        0.15423466265201569,
        0.23902052640914917,
        0.2961150109767914,
        0.17718122899532318,
        0.18604344129562378,
        0.31348949670791626,
        0.48982158303260803,
        0.35076823830604553,
        0.2534816861152649,
        0.3416154384613037,
        0.3664349615573883,
        0.31109100580215454,
        0.26109495759010315,
        0.28664374351501465,
        0.3160462975502014,
        0.26283183693885803,
        0.25574398040771484,
        0.2745829224586487,
        0.2912790775299072,
        0.2527379095554352
    ]
}