{
    "num_conv_blocks": 3,
    "initial_channels": 64,
    "dropout_rate": 0.33,
    "learning_rate": 0.001,
    "best_test_r2": 0.6305416822433472,
    "best_test_loss": 20.82808494567871,
    "final_train_r2": 0.4908963441848755,
    "train_r2_history": [
        -0.32445740699768066,
        -0.11573004722595215,
        0.14086037874221802,
        0.07505738735198975,
        -0.001927018165588379,
        0.011587679386138916,
        0.32198280096054077,
        0.30923300981521606,
        0.19600874185562134,
        0.370594322681427,
        0.31839239597320557,
        0.1520729660987854,
        0.3532087206840515,
        0.31545257568359375,
        0.07998043298721313,
        0.1639944314956665,
        0.3770136833190918,
        0.19135725498199463,
        0.2267400622367859,
        0.2456687092781067,
        0.43980902433395386,
        0.38203495740890503,
        0.510694146156311,
        0.44685637950897217,
        0.4245505928993225,
        0.2628591060638428,
        0.25612717866897583,
        0.4576496481895447,
        0.311345636844635,
        0.3966060280799866,
        0.43594664335250854,
        0.47386986017227173,
        0.4908963441848755
    ],
    "test_r2_history": [
        -0.27931034564971924,
        -0.08857190608978271,
        -0.14722883701324463,
        0.4429072141647339,
        0.3115103244781494,
        -1.9552192687988281,
        0.24540239572525024,
        0.10658693313598633,
        0.4627664089202881,
        0.351457417011261,
        0.46400535106658936,
        0.1434205174446106,
        0.2402617335319519,
        0.6305416822433472,
        0.31703782081604004,
        0.3105465769767761,
        0.48601484298706055,
        0.5156224370002747,
        0.3230552673339844,
        0.4691696763038635,
        0.42074400186538696,
        0.4536052346229553,
        0.41775035858154297,
        0.4087332487106323,
        0.47487109899520874,
        0.3470607399940491,
        0.3530014753341675,
        0.35451000928878784,
        0.4262223243713379,
        0.4028586745262146,
        0.484000027179718,
        0.4710310101509094,
        0.41118520498275757
    ],
    "train_loss_history": [
        40.19837156931559,
        34.33091248406304,
        26.476728651258682,
        28.280053668551975,
        30.744976467556423,
        30.393866221110027,
        20.60971556769477,
        20.990664694044327,
        24.70255406697591,
        19.262323538462322,
        20.830036375257706,
        25.713522381252712,
        19.697763548956978,
        20.80929946899414,
        27.87345462375217,
        25.513501591152615,
        18.964741441938614,
        24.468886587354874,
        23.762770864698624,
        23.221259964836968,
        17.032810105217827,
        18.785235299004448,
        14.938564883338081,
        16.68023941251967,
        17.489327801598442,
        22.384395546383328,
        22.479161474439834,
        16.72255696190728,
        20.869796752929688,
        18.241979757944744,
        17.054273287455242,
        15.849817355473837,
        15.385257667965359
    ],
    "test_loss_history": [
        72.12068176269531,
        61.36786651611328,
        64.67463684082031,
        31.40591812133789,
        38.8133659362793,
        166.5994873046875,
        42.54018020629883,
        50.3658561706543,
        30.28636360168457,
        36.56136703491211,
        30.216520309448242,
        48.28937530517578,
        42.829986572265625,
        20.82808494567871,
        38.50175857543945,
        38.86770248413086,
        28.975738525390625,
        27.306615829467773,
        38.16252517700195,
        29.925376892089844,
        32.655357360839844,
        30.802818298339844,
        32.824127197265625,
        33.332462310791016,
        29.60396385192871,
        36.809226989746094,
        36.47432327270508,
        36.389278411865234,
        32.34651565551758,
        33.66363525390625,
        29.089323043823242,
        29.820446014404297,
        33.19423294067383
    ]
}