{
    "num_conv_blocks": 4,
    "initial_channels": 64,
    "dropout_rate": 0.33,
    "learning_rate": 0.001,
    "best_test_r2": 0.8025605082511902,
    "best_test_loss": 0.20178265869617462,
    "final_train_r2": 0.3560454249382019,
    "train_r2_history": [
        -1.4837696552276611,
        -1.4195866584777832,
        -1.0478613376617432,
        -0.38427209854125977,
        -0.2625538110733032,
        -0.16425621509552002,
        -0.030214905738830566,
        0.040103137493133545,
        0.11839723587036133,
        -0.00043082237243652344,
        0.022391676902770996,
        0.06373870372772217,
        0.21416503190994263,
        0.32263654470443726,
        -0.17206823825836182,
        0.08271700143814087,
        0.24832755327224731,
        0.08781999349594116,
        0.32075661420822144,
        0.13432973623275757,
        0.4686679244041443,
        -0.1295015811920166,
        0.3578159809112549,
        0.39412254095077515,
        0.45630985498428345,
        0.5282914638519287,
        0.4633653163909912,
        0.2618962526321411,
        0.3827247619628906,
        0.0537949800491333,
        0.3024635910987854,
        0.44571495056152344,
        0.4863132834434509,
        0.4326554536819458,
        0.4095688462257385,
        0.45844316482543945,
        0.41620683670043945,
        0.4285668730735779,
        0.4274817109107971,
        0.3829120993614197,
        0.29511088132858276,
        0.26366621255874634,
        0.4130207300186157,
        0.21385419368743896,
        0.3560454249382019
    ],
    "test_r2_history": [
        -0.04902017116546631,
        0.27672499418258667,
        0.6285785436630249,
        -0.14902305603027344,
        0.6360242962837219,
        0.6053879261016846,
        0.5311588048934937,
        0.42950183153152466,
        0.7438743114471436,
        0.5896703004837036,
        0.7060120701789856,
        0.4247785806655884,
        0.3572503924369812,
        0.6614344120025635,
        0.5847142934799194,
        0.2864345908164978,
        0.46550077199935913,
        0.6256911158561707,
        0.6974279880523682,
        0.63999342918396,
        0.14452195167541504,
        0.4408915638923645,
        0.5700870752334595,
        0.7512804865837097,
        0.7113745808601379,
        0.8025605082511902,
        0.7350139617919922,
        0.6362130641937256,
        0.5366047024726868,
        0.5144530534744263,
        0.7217197418212891,
        0.6539407968521118,
        0.6956043243408203,
        0.7635196447372437,
        0.7194339036941528,
        0.7829045057296753,
        0.7881677150726318,
        0.7582458257675171,
        0.7152489423751831,
        0.7359981536865234,
        0.7330495119094849,
        0.7636162042617798,
        0.7491844296455383,
        0.734429121017456,
        0.7434629797935486
    ],
    "train_loss_history": [
        2.5465314785639444,
        2.5526715417702994,
        2.087928467326694,
        1.436953604221344,
        1.3300586508380041,
        1.2226474516921573,
        1.0720859600438013,
        0.9986718396345774,
        0.9142360041538874,
        1.0295871297518413,
        1.0148932735125225,
        0.965815489490827,
        0.8177975780434079,
        0.7011480513546202,
        1.2125554747051663,
        0.9628681225909127,
        0.8064891695976257,
        0.9517873558733199,
        0.7032536367575327,
        0.8998415420452753,
        0.5528380788034863,
        1.187417995598581,
        0.6762281639708413,
        0.6301176961925294,
        0.5727642161978616,
        0.4974924176931381,
        0.5723660902844535,
        0.7816759977075789,
        0.6538305497831769,
        0.9750082873635821,
        0.726349585586124,
        0.574346328775088,
        0.529215877254804,
        0.5916242251793543,
        0.6215743124485016,
        0.5685105853610568,
        0.6173615588082207,
        0.5949171996778913,
        0.5979719526237912,
        0.639609126581086,
        0.7342071168952518,
        0.7639558083481259,
        0.6056634551948972,
        0.811277738875813,
        0.6637561652395461
    ],
    "test_loss_history": [
        1.0720961093902588,
        0.7391853332519531,
        0.37959185242652893,
        1.1742990016937256,
        0.37198227643966675,
        0.40329256653785706,
        0.47915467619895935,
        0.5830477476119995,
        0.26175984740257263,
        0.41935592889785767,
        0.3004550039768219,
        0.5878749489784241,
        0.6568885445594788,
        0.34601324796676636,
        0.4244210124015808,
        0.7292621731758118,
        0.546256959438324,
        0.38254278898239136,
        0.30922794342041016,
        0.3679259121417999,
        0.8742966651916504,
        0.5714074373245239,
        0.4393700361251831,
        0.25419074296951294,
        0.2949744760990143,
        0.20178265869617462,
        0.2708151340484619,
        0.37178942561149597,
        0.4735889434814453,
        0.49622783064842224,
        0.2844018042087555,
        0.35367169976234436,
        0.31109169125556946,
        0.24168236553668976,
        0.2867378294467926,
        0.22187107801437378,
        0.21649210155010223,
        0.24707216024398804,
        0.2910149395465851,
        0.2698092460632324,
        0.272822767496109,
        0.2415836751461029,
        0.2563329339027405,
        0.27141284942626953,
        0.2621802091598511
    ]
}