{
    "num_conv_blocks": 2,
    "initial_channels": 16,
    "dropout_rate": 0.33,
    "learning_rate": 0.0001,
    "best_test_r2": 0.5751179456710815,
    "best_test_loss": 0.43422842025756836,
    "final_train_r2": 0.31239861249923706,
    "train_r2_history": [
        -1.0712459087371826,
        -0.13384902477264404,
        0.06707417964935303,
        -0.12343800067901611,
        -0.03546643257141113,
        0.1822560429573059,
        0.11373859643936157,
        0.26941996812820435,
        0.2484605312347412,
        0.4436325430870056,
        0.3045520782470703,
        0.13913482427597046,
        0.017801105976104736,
        -0.06446337699890137,
        0.3512963652610779,
        0.10962790250778198,
        0.1454443335533142,
        0.1204879879951477,
        0.33774930238723755,
        0.20314562320709229,
        0.2792637348175049,
        0.3419240713119507,
        0.3434070348739624,
        0.4090080261230469,
        0.1381738781929016,
        0.2395203709602356,
        0.2799704074859619,
        0.31239861249923706
    ],
    "test_r2_history": [
        -1.3470425605773926,
        -0.9755197763442993,
        -1.0037989616394043,
        -0.5723617076873779,
        -0.043799638748168945,
        0.28589141368865967,
        0.3799813389778137,
        0.46820366382598877,
        0.5751179456710815,
        0.512446403503418,
        0.5245931148529053,
        0.3388160467147827,
        0.3395147919654846,
        0.47824805974960327,
        0.5268124341964722,
        0.5190454125404358,
        0.5391616821289062,
        0.5534697771072388,
        0.5399048328399658,
        0.43895816802978516,
        0.49991434812545776,
        0.5184087157249451,
        0.5524977445602417,
        0.5228115320205688,
        0.5412286520004272,
        0.539534866809845,
        0.5005185604095459,
        0.537189245223999
    ],
    "train_loss_history": [
        2.1223349538114338,
        1.1745718916257222,
        0.9624510274993049,
        1.1814289738734562,
        1.0662457942962646,
        0.8408836788601346,
        0.9092845022678375,
        0.7589665783776177,
        0.783983008729087,
        0.5768654876285129,
        0.7183494302961562,
        0.8839918971061707,
        1.0222204758061304,
        1.0866799023416307,
        0.6651473939418793,
        0.9219451016849942,
        0.8836233880784776,
        0.9019518660174476,
        0.6891864654090669,
        0.8256484501891665,
        0.7368058628506131,
        0.6918081492185593,
        0.6832381354437934,
        0.618039103017913,
        0.8960257064965036,
        0.7967534197701348,
        0.7400236576795578,
        0.708160733183225
    ],
    "test_loss_history": [
        2.398672103881836,
        2.0189766883850098,
        2.047877550125122,
        1.6069499254226685,
        1.0667608976364136,
        0.7298173308372498,
        0.6336575746536255,
        0.5434945821762085,
        0.43422842025756836,
        0.4982786774635315,
        0.4858647286891937,
        0.6757284998893738,
        0.675014317035675,
        0.5332292914390564,
        0.4835965633392334,
        0.49153441190719604,
        0.47097575664520264,
        0.4563528597354889,
        0.47021615505218506,
        0.5733834505081177,
        0.5110864043235779,
        0.49218517541885376,
        0.45734623074531555,
        0.48768553137779236,
        0.46886327862739563,
        0.47059428691864014,
        0.5104689002037048,
        0.4729914665222168
    ]
}