{
    "num_conv_blocks": 4,
    "initial_channels": 32,
    "dropout_rate": 0.33,
    "learning_rate": 0.001,
    "best_test_r2": 0.4889129400253296,
    "best_test_loss": 172.22911071777344,
    "final_train_r2": 0.6275585293769836,
    "train_r2_history": [
        -1.2174067497253418,
        -0.8910959959030151,
        -0.31688475608825684,
        -0.15767085552215576,
        -0.20830976963043213,
        -0.11314940452575684,
        0.024443984031677246,
        0.07991057634353638,
        -0.03275418281555176,
        0.11984604597091675,
        0.26207876205444336,
        0.25472450256347656,
        0.1570151448249817,
        0.3787785768508911,
        0.16839599609375,
        0.2182214856147766,
        0.2535139322280884,
        0.22657012939453125,
        0.3654221296310425,
        0.30548399686813354,
        0.19774776697158813,
        0.4094357490539551,
        0.39529263973236084,
        0.3741806149482727,
        0.34383606910705566,
        0.3704136610031128,
        0.32762688398361206,
        0.38796329498291016,
        0.35344356298446655,
        0.37021708488464355,
        0.3248070478439331,
        0.3533816337585449,
        0.36345237493515015,
        0.4470481276512146,
        0.35933494567871094,
        0.3874320983886719,
        0.1523016095161438,
        0.31143105030059814,
        0.3863460421562195,
        0.27108293771743774,
        0.3991355895996094,
        0.39398449659347534,
        0.3300037384033203,
        0.5840849876403809,
        0.42386019229888916,
        0.41581857204437256,
        0.4428830146789551,
        0.5247025489807129,
        0.5124639272689819,
        0.6030715703964233,
        0.5582269430160522,
        0.5341992378234863,
        0.45619064569473267,
        0.6275585293769836
    ],
    "test_r2_history": [
        -1.9347822666168213,
        -0.9112190008163452,
        -0.047884225845336914,
        -0.14113914966583252,
        0.06302070617675781,
        0.014007151126861572,
        0.08720672130584717,
        0.1417565941810608,
        0.14579910039901733,
        0.037237584590911865,
        -0.2659156322479248,
        -0.41542911529541016,
        0.22263771295547485,
        0.02900111675262451,
        0.23302429914474487,
        0.2361135482788086,
        0.08480370044708252,
        0.19622653722763062,
        0.2904130220413208,
        0.2953372597694397,
        0.3213333487510681,
        0.3396492004394531,
        0.3534145951271057,
        0.24597162008285522,
        -0.15398740768432617,
        0.11892884969711304,
        0.3675696849822998,
        0.3077056407928467,
        0.04776674509048462,
        0.3929944634437561,
        -0.019365668296813965,
        0.32491201162338257,
        0.25288254022598267,
        0.42710304260253906,
        0.4889129400253296,
        0.4248649477958679,
        -0.4454834461212158,
        0.09887921810150146,
        0.30605679750442505,
        0.2942568063735962,
        0.33710581064224243,
        -0.11401283740997314,
        -0.0348283052444458,
        0.18508964776992798,
        0.3227802515029907,
        0.22162121534347534,
        0.37476134300231934,
        0.4109081029891968,
        0.38851702213287354,
        0.3434724807739258,
        0.38655972480773926,
        0.3677772283554077,
        0.3021506667137146,
        0.3434831500053406
    ],
    "train_loss_history": [
        763.85546875,
        651.3251342773438,
        455.49652099609375,
        400.0955064561632,
        416.73499382866754,
        382.6217854817708,
        337.7142630683051,
        318.35650804307727,
        354.4346754286024,
        302.7653622097439,
        258.42357381184894,
        262.0558912489149,
        297.91495429144965,
        216.99270375569662,
        287.3407923380534,
        268.3985866970486,
        259.1030036078559,
        269.0819371541341,
        218.0381359524197,
        240.16268073187933,
        278.39456939697266,
        201.6876369052463,
        209.0609563191732,
        218.73455980088977,
        226.7776133219401,
        220.33787197536893,
        229.90460035536023,
        216.19421090020074,
        221.79490322536893,
        220.80950503879123,
        232.7255744934082,
        223.38619571261935,
        223.2030258178711,
        188.7825181749132,
        222.1086828443739,
        214.88654157850476,
        291.782726711697,
        239.69742668999567,
        211.9647742377387,
        252.08121744791666,
        207.20613945855035,
        207.27163865831164,
        232.04586707221137,
        144.9763289557563,
        202.01875644259982,
        201.0243911743164,
        196.60485119289822,
        163.3574964735243,
        167.47193400065103,
        139.03724500868054,
        155.1686537000868,
        161.2455972035726,
        186.0818918016222,
        127.8787858751085
    ],
    "test_loss_history": [
        988.9800415039062,
        644.0537719726562,
        353.12213134765625,
        384.5476989746094,
        315.74871826171875,
        332.2655944824219,
        307.5984191894531,
        289.2158508300781,
        287.8535461425781,
        324.437255859375,
        426.5955810546875,
        476.9794921875,
        261.9600524902344,
        327.21282958984375,
        258.4599304199219,
        257.4189147949219,
        308.4081726074219,
        270.8602600097656,
        239.12074279785156,
        237.4613494873047,
        228.70101928710938,
        222.52880859375,
        217.89010620117188,
        254.0968475341797,
        388.8773193359375,
        296.9084777832031,
        213.12001037597656,
        233.2933807373047,
        320.8890380859375,
        204.55223083496094,
        343.51177978515625,
        227.49508666992188,
        251.7679901123047,
        193.05813598632812,
        172.22911071777344,
        193.8123321533203,
        487.107421875,
        303.6648864746094,
        233.8489990234375,
        237.82542419433594,
        223.38592529296875,
        375.4065246582031,
        348.7224426269531,
        274.6131896972656,
        228.21347045898438,
        262.3026123046875,
        210.69656372070312,
        198.515625,
        206.0610809326172,
        221.24046325683594,
        206.72064208984375,
        213.0501251220703,
        235.1653289794922,
        221.2368621826172
    ]
}