{
    "num_conv_blocks": 3,
    "initial_channels": 16,
    "dropout_rate": 0.33,
    "learning_rate": 0.001,
    "best_test_r2": 0.5225206017494202,
    "best_test_loss": 4.994776248931885,
    "final_train_r2": -1.4351568222045898,
    "train_r2_history": [
        -16.19733428955078,
        -5.088088035583496,
        -3.292856216430664,
        -2.616469621658325,
        -2.58386492729187,
        -2.573063611984253,
        -2.341538667678833,
        -3.1611924171447754,
        -2.4776415824890137,
        -2.134491443634033,
        -2.349376678466797,
        -2.040656089782715,
        -1.4470207691192627,
        -1.9104015827178955,
        -2.18086576461792,
        -1.957899808883667,
        -3.0589747428894043,
        -1.8726446628570557,
        -2.11846923828125,
        -1.8031284809112549,
        -2.0222976207733154,
        -0.5241992473602295,
        -2.446654796600342,
        -1.7045118808746338,
        -1.8427505493164062,
        -0.6299089193344116,
        -1.6158459186553955,
        -1.42753005027771,
        -1.0318434238433838,
        -1.4293594360351562,
        -1.1286561489105225,
        -1.5381877422332764,
        -1.2029838562011719,
        -1.133134126663208,
        -1.177849292755127,
        -1.3384120464324951,
        -1.0478267669677734,
        -0.9605777263641357,
        -0.8380454778671265,
        -1.1469860076904297,
        -1.2970561981201172,
        -1.4164509773254395,
        -1.168799877166748,
        -1.4351568222045898
    ],
    "test_r2_history": [
        -23.747766494750977,
        -14.678893089294434,
        -5.186182975769043,
        -2.781363010406494,
        -0.7499324083328247,
        -1.6481192111968994,
        -0.9924678802490234,
        -2.756845235824585,
        -0.05345714092254639,
        -0.7668445110321045,
        -0.6343538761138916,
        0.37109506130218506,
        0.22433578968048096,
        -1.1218211650848389,
        0.06364434957504272,
        0.01675647497177124,
        -0.9443882703781128,
        0.2922084927558899,
        0.3182080388069153,
        -0.9984533786773682,
        0.05927479267120361,
        0.42198359966278076,
        -0.009992003440856934,
        0.35048907995224,
        0.5225206017494202,
        0.3821605443954468,
        0.45752912759780884,
        0.040133535861968994,
        0.2759917974472046,
        0.2831183075904846,
        -0.3044651746749878,
        -0.28489625453948975,
        0.020399630069732666,
        0.2716106176376343,
        0.4466860294342041,
        0.3384764790534973,
        0.3800365924835205,
        0.3789234757423401,
        0.29122745990753174,
        0.2596297860145569,
        0.3781343698501587,
        0.27215445041656494,
        0.3039700388908386,
        0.47973835468292236
    ],
    "train_loss_history": [
        171.4159524705675,
        60.66171900431315,
        42.705671628316246,
        35.973878648546005,
        36.068280431959366,
        35.91958575778537,
        34.57529015011258,
        41.4733100467258,
        34.6812941233317,
        30.99803140428331,
        34.44647661844889,
        30.1117680867513,
        24.91355021794637,
        29.30473698510064,
        31.79921446906196,
        29.613300959269207,
        40.34291648864746,
        28.394241438971626,
        32.18383026123047,
        28.05330255296495,
        30.739442825317383,
        15.233312076992458,
        34.31738705105252,
        27.488046752081978,
        28.398045433892143,
        16.32275825076633,
        25.888458251953125,
        24.447611172993977,
        20.338422563340927,
        23.994687663184273,
        20.979138162400986,
        25.39538531833225,
        21.982986874050564,
        21.5644474029541,
        21.580975108676487,
        23.394558058844673,
        20.335137791103786,
        19.48334773381551,
        18.403598997328018,
        21.481013827853733,
        23.447357495625813,
        24.844480832417805,
        21.773962762620712,
        24.880581537882488
    ],
    "test_loss_history": [
        258.87939453125,
        164.01243591308594,
        64.71190643310547,
        39.55575942993164,
        18.3055419921875,
        27.701223373413086,
        20.842641830444336,
        39.299285888671875,
        11.019915580749512,
        18.482460021972656,
        17.096511840820312,
        6.578795909881592,
        8.11400318145752,
        22.195770263671875,
        9.794951438903809,
        10.285430908203125,
        20.339693069458008,
        7.40400505065918,
        7.1320319175720215,
        20.905256271362305,
        9.840660095214844,
        6.0464653968811035,
        10.565238952636719,
        6.794349193572998,
        4.994776248931885,
        6.463042736053467,
        5.6746344566345215,
        10.040889739990234,
        7.573644161224365,
        7.499096393585205,
        13.645638465881348,
        13.440935134887695,
        10.247322082519531,
        7.619475364685059,
        5.788059711456299,
        6.920009613037109,
        6.4852614402771,
        6.496905326843262,
        7.4142680168151855,
        7.744802474975586,
        6.505159854888916,
        7.613785743713379,
        7.280971527099609,
        5.442309379577637
    ]
}