{
    "num_conv_blocks": 3,
    "initial_channels": 16,
    "dropout_rate": 0.33,
    "learning_rate": 0.001,
    "best_test_r2": 0.7386384010314941,
    "best_test_loss": 0.2671109437942505,
    "final_train_r2": 0.30000364780426025,
    "train_r2_history": [
        -1.1043622493743896,
        -0.3617997169494629,
        -0.15786659717559814,
        -0.18860995769500732,
        0.06079721450805664,
        0.0863838791847229,
        -0.1189565658569336,
        -0.012702107429504395,
        -0.03437662124633789,
        -0.18952512741088867,
        0.013841807842254639,
        0.15522509813308716,
        -0.1948157548904419,
        0.07341384887695312,
        0.1324334740638733,
        -0.04226350784301758,
        0.3279867172241211,
        0.1619960069656372,
        0.08765619993209839,
        0.02306610345840454,
        0.007537782192230225,
        0.04201287031173706,
        0.22715401649475098,
        -0.016533493995666504,
        0.2101796269416809,
        0.11584126949310303,
        0.22371536493301392,
        -0.007684826850891113,
        0.11369287967681885,
        0.26659244298934937,
        0.30000364780426025
    ],
    "test_r2_history": [
        -1.2514564990997314,
        -0.3992351293563843,
        -0.5880999565124512,
        -0.3375769853591919,
        -0.08003544807434082,
        0.47947973012924194,
        0.4123770594596863,
        0.42874765396118164,
        0.645110011100769,
        0.5137231349945068,
        0.2846525311470032,
        0.7386384010314941,
        0.6629028916358948,
        -0.09329211711883545,
        0.1573602557182312,
        0.23665660619735718,
        0.07665586471557617,
        -2.8582828044891357,
        0.6868581771850586,
        0.4348527193069458,
        0.4835219979286194,
        0.4707375168800354,
        0.5802103281021118,
        0.6539260149002075,
        0.5888745188713074,
        0.48070627450942993,
        0.33959847688674927,
        0.4022107720375061,
        0.577064037322998,
        0.6541721820831299,
        0.5771082043647766
    ],
    "train_loss_history": [
        2.1932647393809424,
        1.3956497311592102,
        1.1932775245772467,
        1.2143923110432095,
        0.9897186987929874,
        0.9454481311970286,
        1.1583323445585039,
        1.0322628418604534,
        1.0593892998165555,
        1.23330181505945,
        1.0265612850586574,
        0.886714067724016,
        1.253199290898111,
        0.9633381515741348,
        0.8942981229888068,
        1.0752330952220492,
        0.7061842448181577,
        0.8592561218473647,
        0.9514972931808896,
        1.0112170312139723,
        1.017372767130534,
        0.989303880267673,
        0.8160069518619113,
        1.0569965210225847,
        0.8237633721696006,
        0.9179070873392953,
        0.8100197729137208,
        1.0512264271577199,
        0.9279638379812241,
        0.763138128651513,
        0.7286553763680987
    ],
    "test_loss_history": [
        2.300983190536499,
        1.4300150871276855,
        1.6230342388153076,
        1.3670004606246948,
        1.1037936210632324,
        0.5319705009460449,
        0.6005492210388184,
        0.5838185548782349,
        0.3626967966556549,
        0.49697375297546387,
        0.7310835719108582,
        0.2671109437942505,
        0.3445124626159668,
        1.1173419952392578,
        0.8611758351325989,
        0.7801350951194763,
        0.9436555504798889,
        3.9431560039520264,
        0.32003018260002136,
        0.577579140663147,
        0.5278393030166626,
        0.5409049987792969,
        0.42902401089668274,
        0.3536868095397949,
        0.42016923427581787,
        0.5307168960571289,
        0.6749288439750671,
        0.6109392046928406,
        0.4322395324707031,
        0.3534351885318756,
        0.43219441175460815
    ]
}