{
    "num_conv_blocks": 2,
    "initial_channels": 64,
    "dropout_rate": 0.33,
    "learning_rate": 0.0001,
    "best_test_r2": 0.6094916462898254,
    "best_test_loss": 4.084996700286865,
    "final_train_r2": -0.5385714769363403,
    "train_r2_history": [
        -20.72233772277832,
        -3.6577630043029785,
        -3.432241439819336,
        -2.010500907897949,
        -2.080899953842163,
        -1.9561357498168945,
        -1.5735700130462646,
        -1.86942720413208,
        -1.3544669151306152,
        -1.7017865180969238,
        -1.4484636783599854,
        -1.4430394172668457,
        -1.5152587890625,
        -1.5388736724853516,
        -1.977872371673584,
        -1.3049769401550293,
        -1.2184724807739258,
        -1.5067315101623535,
        -1.3572759628295898,
        -1.3888072967529297,
        -1.081167459487915,
        -1.2008812427520752,
        -1.2583823204040527,
        -1.6104309558868408,
        -1.1977813243865967,
        -1.2931063175201416,
        -0.7498544454574585,
        -0.7311475276947021,
        -0.8970938920974731,
        -0.8189103603363037,
        -1.0559697151184082,
        -1.3667142391204834,
        -0.6637210845947266,
        -1.007335901260376,
        -0.9482232332229614,
        -0.46505141258239746,
        -0.8040586709976196,
        -0.7487627267837524,
        -0.7408020496368408,
        -0.6350424289703369,
        -0.8778581619262695,
        -1.5345556735992432,
        -0.9757999181747437,
        -0.5307779312133789,
        -1.0542502403259277,
        -0.5385714769363403
    ],
    "test_r2_history": [
        -28.783878326416016,
        -19.702524185180664,
        -13.917232513427734,
        -10.046916007995605,
        -6.601714134216309,
        -4.284466743469238,
        -2.1973166465759277,
        -1.0731308460235596,
        -1.362245798110962,
        -1.8041751384735107,
        -0.23141086101531982,
        -0.5925745964050293,
        -0.2070903778076172,
        -1.8992257118225098,
        -1.750429391860962,
        -0.20405817031860352,
        -0.6900026798248291,
        -0.8661733865737915,
        -0.5910079479217529,
        -0.5282344818115234,
        0.36462265253067017,
        -1.5119554996490479,
        -0.2953147888183594,
        0.20684480667114258,
        -0.734175443649292,
        -0.2407848834991455,
        0.6094916462898254,
        0.2855702042579651,
        0.250519335269928,
        0.08236247301101685,
        -0.08301234245300293,
        0.1335325837135315,
        -0.2424919605255127,
        -0.24823415279388428,
        -0.1964031457901001,
        -0.02480494976043701,
        0.1806125044822693,
        0.13475686311721802,
        0.16452765464782715,
        0.3227055072784424,
        0.07497107982635498,
        -0.26408982276916504,
        -0.18310821056365967,
        -0.04734504222869873,
        0.15125364065170288,
        0.22911012172698975
    ],
    "train_loss_history": [
        214.06785498725043,
        46.424222734239365,
        44.65733687082926,
        30.716011895073784,
        30.988567034403484,
        29.290771378411186,
        26.733753310309517,
        29.24175696902805,
        23.678169144524468,
        27.482071982489693,
        24.190940856933594,
        24.50981797112359,
        25.873541196187336,
        25.155704074435764,
        30.175794813368057,
        23.44143952263726,
        22.06262885199653,
        25.09063932630751,
        23.425196647644043,
        23.79527367485894,
        20.797328101264107,
        21.877720726860893,
        22.669028494093155,
        25.96836778852675,
        22.228315353393555,
        22.81853379143609,
        17.515375243292915,
        17.224616792466904,
        19.080392625596787,
        17.92166323131985,
        20.822997993893093,
        23.716865645514595,
        16.650887701246475,
        20.075733608669704,
        19.484988106621635,
        14.535511599646675,
        17.93584892484877,
        17.435840871598984,
        17.52520826127794,
        16.226047727796768,
        19.29498879114787,
        25.207708570692276,
        19.71892441643609,
        15.317243999905056,
        20.791876157124836,
        15.478932592603895
    ],
    "test_loss_history": [
        311.5606689453125,
        216.56320190429688,
        156.044921875,
        115.55865478515625,
        79.51937103271484,
        55.279296875,
        33.44621658325195,
        21.68643569946289,
        24.710783004760742,
        29.333683013916016,
        12.881441116333008,
        16.65947151184082,
        12.627031326293945,
        30.327972412109375,
        28.771459579467773,
        12.595309257507324,
        17.678638458251953,
        19.521509170532227,
        16.643081665039062,
        15.986427307128906,
        6.6465020179748535,
        26.276853561401367,
        13.549919128417969,
        8.296971321105957,
        18.140718460083008,
        12.979497909545898,
        4.084996700286865,
        7.473447322845459,
        7.8401031494140625,
        9.59914493560791,
        11.329083442687988,
        9.06386947631836,
        12.997356414794922,
        13.05742359161377,
        12.515233039855957,
        10.720194816589355,
        8.571379661560059,
        9.051063537597656,
        8.739639282226562,
        7.084986209869385,
        9.676465034484863,
        13.223283767700195,
        12.376158714294434,
        10.955978393554688,
        8.878496170043945,
        8.064061164855957
    ]
}