{
    "num_conv_blocks": 2,
    "initial_channels": 32,
    "dropout_rate": 0.33,
    "learning_rate": 0.001,
    "best_test_r2": 0.48431873321533203,
    "best_test_loss": 5.394394874572754,
    "final_train_r2": -0.9034816026687622,
    "train_r2_history": [
        -14.135271072387695,
        -4.350395202636719,
        -3.703737258911133,
        -3.208653450012207,
        -3.029491424560547,
        -2.7410709857940674,
        -3.4157028198242188,
        -1.7308204174041748,
        -3.140799045562744,
        -2.5387001037597656,
        -2.779388427734375,
        -2.334104299545288,
        -2.5616517066955566,
        -2.528249502182007,
        -2.1812567710876465,
        -3.737002372741699,
        -4.145193099975586,
        -1.867919921875,
        -2.2542147636413574,
        -1.847999095916748,
        -0.9134354591369629,
        -1.1540815830230713,
        -1.6903777122497559,
        -2.3382341861724854,
        -2.4500622749328613,
        -2.5707848072052,
        -1.175715684890747,
        -2.2351207733154297,
        -1.4441845417022705,
        -1.2945806980133057,
        -1.094327688217163,
        -1.0582375526428223,
        -1.504779577255249,
        -1.362480640411377,
        -1.9695863723754883,
        -2.105518341064453,
        -0.8166238069534302,
        -1.3796586990356445,
        -1.4842207431793213,
        -1.5581603050231934,
        -0.7564047574996948,
        -0.6620149612426758,
        -1.0012822151184082,
        -0.9342994689941406,
        -1.2819528579711914,
        -1.1223466396331787,
        -0.5293786525726318,
        -1.0672478675842285,
        -0.7505151033401489,
        -1.0107231140136719,
        -1.2482073307037354,
        -0.9164390563964844,
        -1.1281676292419434,
        -1.0594265460968018,
        -0.83365797996521,
        -1.1679108142852783,
        -0.9034816026687622
    ],
    "test_r2_history": [
        -21.650447845458984,
        -5.105518817901611,
        -4.275263786315918,
        -1.4981303215026855,
        -1.747840166091919,
        -0.6868535280227661,
        -0.3838430643081665,
        -2.436464786529541,
        -0.9335447549819946,
        -0.8802331686019897,
        -0.04593360424041748,
        0.14106059074401855,
        -4.167878150939941,
        -0.14446532726287842,
        -0.29701292514801025,
        -1.072744369506836,
        -0.7153867483139038,
        -0.006105184555053711,
        0.21071231365203857,
        -0.6599552631378174,
        -0.4983558654785156,
        0.013978898525238037,
        -0.0010529756546020508,
        -0.7905402183532715,
        0.18722748756408691,
        -0.7968853712081909,
        -0.5965844392776489,
        -0.44961512088775635,
        0.10286861658096313,
        0.2003830075263977,
        0.05390268564224243,
        -0.10122811794281006,
        -0.37557685375213623,
        -0.5301889181137085,
        -0.10741496086120605,
        -0.12048554420471191,
        0.23479419946670532,
        0.48431873321533203,
        0.29433178901672363,
        -0.7286852598190308,
        -0.4118841886520386,
        -0.024793267250061035,
        -0.14758265018463135,
        -0.48302149772644043,
        -0.5011881589889526,
        -0.15231919288635254,
        0.04764479398727417,
        -0.005538344383239746,
        0.017884910106658936,
        -0.15099799633026123,
        -0.051636338233947754,
        0.04841792583465576,
        -0.03393089771270752,
        0.004053831100463867,
        0.1298488974571228,
        0.09451115131378174,
        0.10100126266479492
    ],
    "train_loss_history": [
        149.74716334872775,
        53.42770512898763,
        47.61836030748155,
        41.508667098151314,
        40.20486503177219,
        37.18794186909994,
        44.12337303161621,
        27.26204713185628,
        41.41896375020345,
        35.30278333028158,
        37.25000582800971,
        32.963498221503365,
        35.35636753506131,
        34.88447189331055,
        31.356625450981987,
        47.8769408331977,
        51.00805981953939,
        28.980103333791096,
        32.746572971343994,
        28.43536769019233,
        19.219772550794815,
        21.39861912197537,
        26.979477882385254,
        34.43714745839437,
        34.58093314700656,
        35.71210193634033,
        21.90555869208442,
        32.7534548441569,
        25.016988542344833,
        22.869225819905598,
        20.824578285217285,
        20.47177643246121,
        25.328143967522514,
        23.85285260942247,
        30.040320502387154,
        31.10821024576823,
        18.51550266477797,
        23.82329771253798,
        24.65363947550456,
        25.929846869574654,
        17.535604529910618,
        16.939903524186875,
        19.867236826154922,
        19.608388794793022,
        22.638520028856064,
        21.242039574517143,
        15.310769504970974,
        20.92363272772895,
        17.712926546732586,
        19.947698460684883,
        22.42923090193007,
        18.988692495558,
        21.23220835791694,
        20.384515921274822,
        18.045132690005833,
        21.91571701897515,
        19.1197755601671
    ],
    "test_loss_history": [
        236.93991088867188,
        63.868099212646484,
        55.18302917480469,
        26.132232666015625,
        28.744375228881836,
        17.645694732666016,
        14.475988388061523,
        35.94788360595703,
        20.22626304626465,
        19.66858673095703,
        10.941213607788086,
        8.985121726989746,
        54.0597038269043,
        11.97192668914795,
        13.567686080932617,
        21.682390213012695,
        17.944171905517578,
        10.524580001831055,
        8.256514549255371,
        17.36431884765625,
        15.67387580871582,
        10.314486503601074,
        10.47173023223877,
        18.73033332824707,
        8.502182006835938,
        18.796707153320312,
        16.701416015625,
        15.164012908935547,
        9.384636878967285,
        8.3645658493042,
        9.89685344696045,
        11.519634246826172,
        14.389518737792969,
        16.00687026977539,
        11.58435344696045,
        11.721080780029297,
        8.004600524902344,
        5.394394874572754,
        7.381793022155762,
        18.083288192749023,
        14.769319534301758,
        10.720072746276855,
        12.004534721374512,
        15.513463973999023,
        15.703502655029297,
        12.054084777832031,
        9.962318420410156,
        10.518651962280273,
        10.273626327514648,
        12.040264129638672,
        11.000866889953613,
        9.954229354858398,
        10.815656661987305,
        10.418309211730957,
        9.10240364074707,
        9.472061157226562,
        9.404169082641602
    ]
}