{
    "num_conv_blocks": 4,
    "initial_channels": 64,
    "dropout_rate": 0.33,
    "learning_rate": 0.0001,
    "best_test_r2": 0.8154025673866272,
    "best_test_loss": 0.18865816295146942,
    "final_train_r2": 0.5562785863876343,
    "train_r2_history": [
        -0.5147548913955688,
        0.20148754119873047,
        -0.06900477409362793,
        0.1758551001548767,
        -0.05356323719024658,
        0.17493677139282227,
        0.24756282567977905,
        -0.01787745952606201,
        0.3407745957374573,
        0.18322432041168213,
        0.45504969358444214,
        0.5391905307769775,
        0.47192978858947754,
        0.24899649620056152,
        0.4366294741630554,
        0.3119317889213562,
        0.36164265871047974,
        0.4749067425727844,
        0.48266303539276123,
        0.41027891635894775,
        0.5254085063934326,
        0.383309543132782,
        0.5546180605888367,
        0.5170938372612,
        0.5047425031661987,
        0.5451112985610962,
        0.7057352066040039,
        0.5777503252029419,
        0.4770955443382263,
        0.7032619714736938,
        0.6325950622558594,
        0.5214130878448486,
        0.5749009847640991,
        0.6169095635414124,
        0.6850333213806152,
        0.638024091720581,
        0.6329684257507324,
        0.5835156440734863,
        0.6609603762626648,
        0.6637848615646362,
        0.6910083293914795,
        0.5210835933685303,
        0.7357015609741211,
        0.7207109928131104,
        0.6472603678703308,
        0.6078448295593262,
        0.6138325929641724,
        0.6650094985961914,
        0.6243318319320679,
        0.6857972145080566,
        0.6077132225036621,
        0.5562785863876343
    ],
    "test_r2_history": [
        -1.20741868019104,
        -0.5848977565765381,
        -0.08867800235748291,
        -0.04840195178985596,
        -0.038655757904052734,
        0.21815556287765503,
        0.5076618194580078,
        0.3537389039993286,
        0.4732719659805298,
        0.5685851573944092,
        0.38338905572891235,
        0.33046096563339233,
        0.733293890953064,
        0.7067022323608398,
        0.6999980211257935,
        0.4515038728713989,
        0.6305129528045654,
        0.5866168737411499,
        0.592544436454773,
        0.5404927730560303,
        0.520366907119751,
        0.6442214250564575,
        0.6732251644134521,
        0.5586665868759155,
        0.6158668994903564,
        0.6624432802200317,
        0.7488949298858643,
        0.7288366556167603,
        0.6917743682861328,
        0.6619613170623779,
        0.6978791952133179,
        0.7782281637191772,
        0.8154025673866272,
        0.7701500654220581,
        0.7318379878997803,
        0.7217982411384583,
        0.6724207997322083,
        0.5527887344360352,
        0.5203809142112732,
        0.5480239391326904,
        0.5961406230926514,
        0.6508426666259766,
        0.7145605087280273,
        0.78192138671875,
        0.6974736452102661,
        0.658094048500061,
        0.6391370296478271,
        0.6431839466094971,
        0.5734991431236267,
        0.6000016331672668,
        0.5758006572723389,
        0.6008105278015137
    ],
    "train_loss_history": [
        1.5482870605256822,
        0.8357384867138333,
        1.1041411028967962,
        0.8475489666064581,
        1.094622900088628,
        0.8578222807910707,
        0.7924578272634082,
        1.059500879711575,
        0.6843291951550378,
        0.8376599616474576,
        0.5740475571817822,
        0.4769347765379482,
        0.555456163154708,
        0.7659920238786273,
        0.5795617169804044,
        0.7149112655056847,
        0.6520540474189652,
        0.5482287671830919,
        0.5513451000054678,
        0.6096046525571082,
        0.4990446964899699,
        0.6411520209577348,
        0.463262849383884,
        0.49952836251921123,
        0.5082013391786151,
        0.47367310855123734,
        0.3050048069821464,
        0.43507246176401776,
        0.5577307575278811,
        0.30455688304371303,
        0.3808622823821174,
        0.49433307349681854,
        0.4423026873005761,
        0.39194201429684955,
        0.3253113888204098,
        0.3720843692620595,
        0.3857702927456962,
        0.43394535034894943,
        0.3631119926770528,
        0.36161303768555325,
        0.3159477247132195,
        0.4940886191195912,
        0.27402636574374306,
        0.29318011552095413,
        0.36567852853073013,
        0.41214216417736477,
        0.40956561432944405,
        0.3607794584499465,
        0.384416080183453,
        0.32563050877716804,
        0.4045367224348916,
        0.46049445039696163
    ],
    "test_loss_history": [
        2.255976915359497,
        1.6197619438171387,
        1.112626314163208,
        1.0714644193649292,
        1.0615036487579346,
        0.7990431785583496,
        0.5031684637069702,
        0.6604772806167603,
        0.5383148193359375,
        0.44090497493743896,
        0.6301748752593994,
        0.6842672824859619,
        0.27257299423217773,
        0.29974958300590515,
        0.30660131573677063,
        0.5605617761611938,
        0.3776148557662964,
        0.42247655987739563,
        0.4164186120033264,
        0.4696153402328491,
        0.49018391966819763,
        0.363604873418808,
        0.3339630663394928,
        0.4510417580604553,
        0.39258313179016113,
        0.3449821472167969,
        0.25662878155708313,
        0.27712827920913696,
        0.3150058388710022,
        0.3454747498035431,
        0.3087667226791382,
        0.22665023803710938,
        0.18865816295146942,
        0.2349061220884323,
        0.2740609645843506,
        0.2843215763568878,
        0.33478522300720215,
        0.45704886317253113,
        0.4901695251464844,
        0.4619184136390686,
        0.41274333000183105,
        0.35683804750442505,
        0.2917185127735138,
        0.22287580370903015,
        0.30918121337890625,
        0.34942710399627686,
        0.3688011169433594,
        0.3646652102470398,
        0.4358828365802765,
        0.40879741311073303,
        0.4335307478904724,
        0.40797069668769836
    ]
}