{
    "num_conv_blocks": 2,
    "initial_channels": 32,
    "dropout_rate": 0.33,
    "learning_rate": 0.0001,
    "best_test_r2": 0.6216104030609131,
    "best_test_loss": 21.331586837768555,
    "final_train_r2": 0.5627970695495605,
    "train_r2_history": [
        -0.17165005207061768,
        -0.008583903312683105,
        0.11828500032424927,
        0.10162162780761719,
        0.15971499681472778,
        0.30306708812713623,
        0.352882981300354,
        0.23639744520187378,
        0.34123432636260986,
        0.457805335521698,
        0.4499453902244568,
        0.39585626125335693,
        0.5416193008422852,
        0.5576419830322266,
        0.3936641216278076,
        0.601776123046875,
        0.5515135526657104,
        0.31332504749298096,
        0.5018668174743652,
        0.46388453245162964,
        0.516015887260437,
        0.5315773487091064,
        0.5829147696495056,
        0.5080972909927368,
        0.39268434047698975,
        0.6731078624725342,
        0.48996347188949585,
        0.6687915325164795,
        0.636368989944458,
        0.6149632334709167,
        0.6456007361412048,
        0.5751869678497314,
        0.5557392835617065,
        0.5147984623908997,
        0.5759040117263794,
        0.6695712804794312,
        0.6857193112373352,
        0.5878678560256958,
        0.60364830493927,
        0.6038711071014404,
        0.6183962821960449,
        0.6523231863975525,
        0.6859319806098938,
        0.6755990982055664,
        0.6525894403457642,
        0.6763226389884949,
        0.7074109315872192,
        0.5807750225067139,
        0.5363972187042236,
        0.7021019458770752,
        0.5926536917686462,
        0.7436659336090088,
        0.7054154872894287,
        0.5792748928070068,
        0.5627970695495605
    ],
    "test_r2_history": [
        -0.34930419921875,
        -0.30727672576904297,
        -0.2887890338897705,
        -0.19582867622375488,
        -0.02765953540802002,
        0.12828952074050903,
        0.3357672095298767,
        0.41686880588531494,
        0.46207594871520996,
        0.38988685607910156,
        0.3351975679397583,
        0.41472893953323364,
        0.5696729421615601,
        0.45644181966781616,
        0.5617822408676147,
        0.5342433452606201,
        0.46008211374282837,
        0.506600022315979,
        0.51308673620224,
        0.3696008324623108,
        0.4334605932235718,
        0.5458129048347473,
        0.5875540971755981,
        0.4427295923233032,
        0.40279972553253174,
        0.5931951403617859,
        0.5581490993499756,
        0.5185956954956055,
        0.5447068214416504,
        0.5837710499763489,
        0.5263574123382568,
        0.3768607974052429,
        0.4825652837753296,
        0.6015796065330505,
        0.6191405057907104,
        0.6216104030609131,
        0.573511004447937,
        0.6004855036735535,
        0.604553759098053,
        0.5248242020606995,
        0.5285075306892395,
        0.5304536819458008,
        0.5668189525604248,
        0.5859981775283813,
        0.58549565076828,
        0.5574653148651123,
        0.5812340974807739,
        0.6092475652694702,
        0.5980149507522583,
        0.5760030150413513,
        0.574630856513977,
        0.5744246244430542,
        0.5812033414840698,
        0.5914631485939026,
        0.5905753374099731
    ],
    "train_loss_history": [
        35.66586356692844,
        30.69265545739068,
        27.000822067260742,
        27.38803111182319,
        25.593392266167534,
        21.096047189500595,
        19.632744047376846,
        23.23935243818495,
        19.968050532870823,
        16.49943780899048,
        16.8510193294949,
        18.387205017937553,
        14.089612272050646,
        13.494480874803331,
        18.74604256947835,
        12.063913000954521,
        13.954494264390734,
        20.720250182681614,
        15.213007662031385,
        16.230934460957844,
        14.62896520561642,
        14.300636874304878,
        12.633720305230883,
        14.85054479704963,
        18.362687587738037,
        10.097832785712349,
        15.644254843393961,
        10.06478594409095,
        11.136684523688423,
        11.704135417938232,
        10.728426271014744,
        12.92324161529541,
        13.685367478264702,
        14.81410280863444,
        12.829977141486275,
        9.9753461016549,
        9.602847205268013,
        12.488408936394585,
        11.958736856778463,
        12.025768650902641,
        11.628071043226454,
        10.623655637105307,
        9.613934331470066,
        9.82865579922994,
        10.472850296232435,
        10.02885921796163,
        8.9168332417806,
        12.839921050601536,
        14.14330440097385,
        9.099512563811409,
        12.31421528922187,
        7.884343398941888,
        9.009516345130073,
        13.011707378758324,
        13.439674589369032
    ],
    "test_loss_history": [
        76.06655883789062,
        73.69727325439453,
        72.65504455566406,
        67.4144287109375,
        57.9339599609375,
        49.14237976074219,
        37.44589614868164,
        32.87382507324219,
        30.325284957885742,
        34.394920349121094,
        37.47801208496094,
        32.99446487426758,
        24.259538650512695,
        30.642911911010742,
        24.704376220703125,
        26.25687026977539,
        30.437692642211914,
        27.81525230407715,
        27.44957160949707,
        35.538536071777344,
        31.93846321105957,
        25.604642868041992,
        23.251495361328125,
        31.415929794311523,
        33.666961669921875,
        22.933486938476562,
        24.909191131591797,
        27.139005661010742,
        25.6669979095459,
        23.46476173400879,
        26.70143699645996,
        35.1292610168457,
        29.17020606994629,
        22.4608097076416,
        21.4708251953125,
        21.331586837768555,
        24.043169021606445,
        22.522491455078125,
        22.29314613342285,
        26.787872314453125,
        26.58022689819336,
        26.470516204833984,
        24.420433044433594,
        23.339208602905273,
        23.36754035949707,
        24.94774055480957,
        23.6077823638916,
        22.028533935546875,
        22.661771774291992,
        23.902685165405273,
        23.98004150390625,
        23.991661071777344,
        23.609519958496094,
        23.0311222076416,
        23.0811767578125
    ]
}