{
    "num_conv_blocks": 2,
    "initial_channels": 32,
    "dropout_rate": 0.33,
    "learning_rate": 0.001,
    "best_test_r2": 0.6435337066650391,
    "best_test_loss": 3.7288923263549805,
    "final_train_r2": -1.7234456539154053,
    "train_r2_history": [
        -13.974410057067871,
        -5.707573413848877,
        -3.003347396850586,
        -3.072871208190918,
        -1.7216007709503174,
        -3.1223273277282715,
        -2.3875880241394043,
        -2.2821314334869385,
        -4.115301132202148,
        -2.8385608196258545,
        -2.659942150115967,
        -2.935685396194458,
        -2.162149429321289,
        -1.7479193210601807,
        -2.5275731086730957,
        -3.077387809753418,
        -1.96690034866333,
        -1.811866283416748,
        -1.750270128250122,
        -1.6665244102478027,
        -1.5661060810089111,
        -2.1108007431030273,
        -1.412872314453125,
        -2.4085464477539062,
        -1.8919897079467773,
        -1.6698710918426514,
        -1.5244336128234863,
        -2.535897970199585,
        -1.7234456539154053
    ],
    "test_r2_history": [
        -25.64027214050293,
        -4.888950347900391,
        -1.5219814777374268,
        -0.2991098165512085,
        -1.971653938293457,
        0.3222261071205139,
        0.23545879125595093,
        -1.3415703773498535,
        -0.36557722091674805,
        0.6435337066650391,
        -2.2092530727386475,
        0.2834470272064209,
        -0.10432720184326172,
        -0.1493932008743286,
        -0.2688784599304199,
        -1.08872652053833,
        0.5443122386932373,
        0.24329525232315063,
        0.3168089985847473,
        -0.5759494304656982,
        -0.8251932859420776,
        0.34953731298446655,
        0.40136730670928955,
        -0.2378939390182495,
        -0.06180405616760254,
        0.4248653054237366,
        0.3653186559677124,
        -0.1323767900466919,
        -0.09081757068634033
    ],
    "train_loss_history": [
        148.48656378851996,
        67.3206549750434,
        40.05048539903429,
        41.262398613823784,
        27.006903012593586,
        41.17887422773573,
        33.70584021674262,
        32.896705839369034,
        52.534515380859375,
        37.985848638746475,
        35.99858601888021,
        39.35314538743761,
        31.158840285407173,
        27.636802779303657,
        35.40824508666992,
        40.697342660692,
        29.617638270060223,
        28.196696917215984,
        27.562410884433323,
        26.64206536610921,
        25.665484958224827,
        30.753240161471897,
        23.910820749070908,
        34.45913865831163,
        28.9196105533176,
        26.65234989590115,
        25.57475052939521,
        34.89549732208252,
        27.295572386847603
    ],
    "test_loss_history": [
        278.67633056640625,
        61.602630615234375,
        26.381731033325195,
        13.589619636535645,
        31.085628509521484,
        7.090000629425049,
        7.997648239135742,
        24.4945011138916,
        14.284914016723633,
        3.7288923263549805,
        33.571083068847656,
        7.495656967163086,
        11.552054405212402,
        12.023473739624023,
        13.27337646484375,
        21.849573135375977,
        4.766819953918457,
        7.91567325592041,
        7.146666526794434,
        16.485559463500977,
        19.09282684326172,
        6.804305553436279,
        6.262126922607422,
        12.949254989624023,
        11.107230186462402,
        6.01632022857666,
        6.63922119140625,
        11.845471382141113,
        11.410733222961426
    ]
}