{
    "num_conv_blocks": 3,
    "initial_channels": 32,
    "dropout_rate": 0.33,
    "learning_rate": 0.0001,
    "best_test_r2": 0.504316508769989,
    "best_test_loss": 5.18520450592041,
    "final_train_r2": -0.6591392755508423,
    "train_r2_history": [
        -29.124977111816406,
        -13.673962593078613,
        -4.514645576477051,
        -1.9780962467193604,
        -2.6678950786590576,
        -2.2116200923919678,
        -1.609773874282837,
        -1.474191427230835,
        -2.1244454383850098,
        -1.2001304626464844,
        -1.391646146774292,
        -1.4048349857330322,
        -1.2041175365447998,
        -1.1845831871032715,
        -1.086571216583252,
        -1.1756277084350586,
        -1.2515532970428467,
        -1.033524513244629,
        -0.6333401203155518,
        -0.5280100107192993,
        -0.9466173648834229,
        -1.0974018573760986,
        -0.5326856374740601,
        -1.24058198928833,
        -0.6157443523406982,
        -0.9548850059509277,
        -1.2340846061706543,
        -0.6094717979431152,
        -1.203777551651001,
        -0.9609414339065552,
        -0.6196168661117554,
        -1.1228580474853516,
        -1.068418264389038,
        -0.8239727020263672,
        -0.5454907417297363,
        -1.0603244304656982,
        -0.7906429767608643,
        -0.7772691249847412,
        -1.5246312618255615,
        -1.1131980419158936,
        -0.8573517799377441,
        -1.2738237380981445,
        -1.4149577617645264,
        -1.0146245956420898,
        -1.098151683807373,
        -0.8864147663116455,
        -0.7876273393630981,
        -0.5646202564239502,
        -0.8235317468643188,
        -0.9870492219924927,
        -0.6591392755508423
    ],
    "test_r2_history": [
        -32.08993911743164,
        -26.0910587310791,
        -14.818723678588867,
        -5.435639381408691,
        -3.546271800994873,
        -2.439069986343384,
        -0.7363120317459106,
        -0.19155335426330566,
        0.1905866265296936,
        0.3217831254005432,
        0.21433377265930176,
        -0.22335445880889893,
        -0.23589932918548584,
        -0.10141396522521973,
        -0.19442009925842285,
        -0.8509813547134399,
        -0.3737940788269043,
        0.08086848258972168,
        0.0627748966217041,
        -0.03655862808227539,
        0.2248615026473999,
        -0.00298154354095459,
        -0.024732589721679688,
        0.053020358085632324,
        0.17030447721481323,
        0.2711688280105591,
        0.32151520252227783,
        0.27684587240219116,
        0.2620934247970581,
        0.40344691276550293,
        0.49098843336105347,
        0.504316508769989,
        0.4231569170951843,
        0.41168922185897827,
        0.4015895128250122,
        0.4439067840576172,
        0.47871124744415283,
        0.397625207901001,
        0.38199031352996826,
        0.30936193466186523,
        0.29957252740859985,
        0.2689152956008911,
        0.32235878705978394,
        0.3357143998146057,
        0.3070940375328064,
        0.3611913323402405,
        0.3576524257659912,
        0.2541108727455139,
        0.3621390461921692,
        0.378166139125824,
        0.33578163385391235
    ],
    "train_loss_history": [
        300.5204077826606,
        145.27846654256186,
        54.805612564086914,
        29.613046434190537,
        36.76699288686117,
        32.30694792005751,
        26.571095996432835,
        24.35441631740994,
        31.06574535369873,
        22.09273666805691,
        24.314148373074,
        24.327744483947754,
        21.982068008846706,
        22.14113055335151,
        20.721983697679306,
        22.149720191955566,
        22.550776057773167,
        20.278593063354492,
        16.365672429402668,
        15.436774677700466,
        19.618154684702557,
        20.657300631205242,
        15.23420270284017,
        22.24179278479682,
        15.945748647054037,
        19.63075394100613,
        22.290426678127712,
        16.291547775268555,
        22.262747711605495,
        19.824174457126194,
        16.087367481655544,
        21.048209296332466,
        20.892447259691025,
        18.119766659206814,
        15.423507425520155,
        20.802251391940647,
        18.06849659813775,
        17.857245869106716,
        25.21761088901096,
        21.074712170494927,
        18.858623292711044,
        22.760355631510418,
        24.044070720672607,
        20.421627256605362,
        21.40868986977471,
        19.19007862938775,
        17.950331264071995,
        15.842910024854872,
        18.086060841878254,
        19.72257900238037,
        17.013037575615776
    ],
    "test_loss_history": [
        346.1444396972656,
        283.39190673828125,
        165.4751739501953,
        67.32139587402344,
        47.5572624206543,
        35.975135803222656,
        18.163070678710938,
        12.464500427246094,
        8.467042922973633,
        7.094634056091309,
        8.218631744384766,
        12.797163963317871,
        12.928390502929688,
        11.521578788757324,
        12.494490623474121,
        19.36258888244629,
        14.370869636535645,
        9.614773750305176,
        9.804046630859375,
        10.843145370483398,
        8.108503341674805,
        10.491905212402344,
        10.719435691833496,
        9.906085014343262,
        8.679208755493164,
        7.624095916748047,
        7.097436428070068,
        7.5647101402282715,
        7.71903133392334,
        6.240372657775879,
        5.324625492095947,
        5.18520450592041,
        6.034191608428955,
        6.154151916503906,
        6.259801387786865,
        5.817133903503418,
        5.453053951263428,
        6.301270961761475,
        6.4648237228393555,
        7.224568843841553,
        7.326972961425781,
        7.647669315338135,
        7.088612079620361,
        6.948902606964111,
        7.248292446136475,
        6.68239688873291,
        6.719414710998535,
        7.802534103393555,
        6.672481536865234,
        6.504827499389648,
        6.9481987953186035
    ]
}