{
    "num_conv_blocks": 3,
    "initial_channels": 16,
    "dropout_rate": 0.33,
    "learning_rate": 0.0001,
    "best_test_r2": 0.640207052230835,
    "best_test_loss": 20.283206939697266,
    "final_train_r2": 0.47847849130630493,
    "train_r2_history": [
        -0.27560389041900635,
        -0.11270582675933838,
        0.014133334159851074,
        -0.08794832229614258,
        0.07465177774429321,
        0.20022082328796387,
        0.22864919900894165,
        0.24617254734039307,
        0.3913641571998596,
        0.16993826627731323,
        0.20101362466812134,
        0.23330289125442505,
        0.28788214921951294,
        0.20133882761001587,
        0.32160133123397827,
        0.4430925250053406,
        0.4649445414543152,
        0.41428327560424805,
        0.5052858591079712,
        0.4056910276412964,
        0.27657878398895264,
        0.5483031272888184,
        0.3901837468147278,
        0.4063079357147217,
        0.38997942209243774,
        0.4645765423774719,
        0.5229735374450684,
        0.483367383480072,
        0.36126673221588135,
        0.39300745725631714,
        0.3798116445541382,
        0.622145414352417,
        0.5528695583343506,
        0.5268238186836243,
        0.5132201313972473,
        0.42461854219436646,
        0.5060474872589111,
        0.406671941280365,
        0.45628100633621216,
        0.32705092430114746,
        0.49872344732284546,
        0.594237208366394,
        0.5381487607955933,
        0.4574664831161499,
        0.3771473169326782,
        0.47161436080932617,
        0.6472713351249695,
        0.5009710788726807,
        0.3028636574745178,
        0.4743032455444336,
        0.49031543731689453,
        0.4794062376022339,
        0.47847849130630493
    ],
    "test_r2_history": [
        -0.37885546684265137,
        -0.3074188232421875,
        -0.22880125045776367,
        -0.18122553825378418,
        -0.10187900066375732,
        0.062271952629089355,
        0.185785710811615,
        0.3073924779891968,
        0.4160717725753784,
        0.4607146978378296,
        0.42918330430984497,
        0.38745981454849243,
        0.48217326402664185,
        0.4741540551185608,
        0.4356333613395691,
        0.4065932631492615,
        0.4964001178741455,
        0.572863757610321,
        0.5975774526596069,
        0.5462839007377625,
        0.5019346475601196,
        0.5196406841278076,
        0.5477408766746521,
        0.5085164904594421,
        0.37292325496673584,
        0.4583246111869812,
        0.5101276636123657,
        0.5450540781021118,
        0.5095343589782715,
        0.5806480646133423,
        0.623064398765564,
        0.6189351081848145,
        0.6037006378173828,
        0.640207052230835,
        0.617774248123169,
        0.588618814945221,
        0.5948233604431152,
        0.5752127170562744,
        0.6194514632225037,
        0.6094998121261597,
        0.6136071681976318,
        0.600604772567749,
        0.5874768495559692,
        0.5962454080581665,
        0.596889317035675,
        0.5611733198165894,
        0.5408238172531128,
        0.5480043888092041,
        0.5300918817520142,
        0.5478450655937195,
        0.5172710418701172,
        0.4823278784751892,
        0.49129176139831543
    ],
    "train_loss_history": [
        38.758072747124565,
        33.7959434721205,
        29.969942092895508,
        33.19849003685845,
        28.12560484144423,
        24.270964516533745,
        23.34937376446194,
        22.84452639685737,
        18.51381344265408,
        25.287795278761124,
        24.126748932732475,
        23.547901736365425,
        21.639147122701008,
        24.23557080162896,
        20.693431006537544,
        17.18135134379069,
        16.36987347073025,
        17.84502304924859,
        15.082528167300755,
        18.321436405181885,
        22.029306093851726,
        13.831822103924221,
        18.509980546103584,
        17.980301804012722,
        18.679146607716877,
        16.508141835530598,
        14.63486819797092,
        15.654228422376844,
        19.739347087012398,
        18.726224899291992,
        19.30238299899631,
        11.705355829662746,
        13.639134724934896,
        14.314337094624838,
        14.834446297751533,
        17.444560527801514,
        15.162545363108316,
        18.109114434983994,
        16.678970919715034,
        20.581199222140842,
        15.339686499701607,
        12.54289330376519,
        14.38619695769416,
        16.768464247385662,
        19.164963987138535,
        16.018446445465088,
        10.794055170483059,
        15.191255675421822,
        21.275811513264973,
        15.984429041544596,
        15.554133388731215,
        15.708263794581095,
        15.961276955074734
    ],
    "test_loss_history": [
        77.73250579833984,
        73.70529174804688,
        69.27325439453125,
        66.5911865234375,
        62.1180419921875,
        52.864105224609375,
        45.90105056762695,
        39.045509338378906,
        32.91875076293945,
        30.40202522277832,
        32.179595947265625,
        34.531742095947266,
        29.192302703857422,
        29.644384384155273,
        31.81597137451172,
        33.453102111816406,
        28.390270233154297,
        24.079662322998047,
        22.68643569946289,
        25.578086853027344,
        28.078258514404297,
        27.080089569091797,
        25.495956420898438,
        27.707218170166016,
        35.351234436035156,
        30.536760330200195,
        27.616384506225586,
        25.647422790527344,
        27.64982795715332,
        23.640823364257812,
        21.249614715576172,
        21.48240089416504,
        22.341238021850586,
        20.283206939697266,
        21.5478458404541,
        23.191476821899414,
        22.84169578552246,
        23.94723892211914,
        21.45329475402832,
        22.014312744140625,
        21.782758712768555,
        22.51576805114746,
        23.255849838256836,
        22.76152801513672,
        22.7252254486084,
        24.73870277404785,
        25.885900497436523,
        25.481096267700195,
        26.49091148376465,
        25.490079879760742,
        27.213682174682617,
        29.183589935302734,
        28.678251266479492
    ]
}