{
    "num_conv_blocks": 3,
    "initial_channels": 16,
    "dropout_rate": 0.33,
    "learning_rate": 0.0001,
    "best_test_r2": 0.5914573669433594,
    "best_test_loss": 23.031450271606445,
    "final_train_r2": 0.36834943294525146,
    "train_r2_history": [
        -0.24808907508850098,
        -0.12352859973907471,
        -0.015712618827819824,
        -0.03736245632171631,
        -0.06749415397644043,
        -0.025543212890625,
        0.10120677947998047,
        0.09209614992141724,
        0.083851158618927,
        0.16544294357299805,
        0.2988682985305786,
        0.27797186374664307,
        0.2907601594924927,
        0.26052945852279663,
        0.275539755821228,
        0.4147123694419861,
        0.31653261184692383,
        0.35958564281463623,
        0.3513558506965637,
        0.3632628321647644,
        0.3303968906402588,
        0.3254067897796631,
        0.38624900579452515,
        0.3068082928657532,
        0.4476913809776306,
        0.32326751947402954,
        0.4312695860862732,
        0.46528828144073486,
        0.3317280411720276,
        0.5159900188446045,
        0.4585380554199219,
        0.4317339062690735,
        0.5884889364242554,
        0.6045501232147217,
        0.3163791298866272,
        0.5156331062316895,
        0.47329288721084595,
        0.3899102807044983,
        0.37276607751846313,
        0.5061544179916382,
        0.5507267713546753,
        0.5079909563064575,
        0.4910842180252075,
        0.375630259513855,
        0.5194153785705566,
        0.4771209955215454,
        0.36834943294525146
    ],
    "test_r2_history": [
        -0.3782014846801758,
        -0.3288203477859497,
        -0.2503805160522461,
        -0.1782686710357666,
        -0.11442780494689941,
        -0.06173527240753174,
        0.02540445327758789,
        0.15212935209274292,
        0.2305578589439392,
        0.3125816583633423,
        0.4048302173614502,
        0.5002176761627197,
        0.5063856840133667,
        0.387816846370697,
        0.3917112350463867,
        0.35604017972946167,
        0.4745897054672241,
        0.5611164569854736,
        0.44536155462265015,
        0.42405933141708374,
        0.516350507736206,
        0.47044962644577026,
        0.42119187116622925,
        0.47856658697128296,
        0.4401209354400635,
        0.46800774335861206,
        0.5702303647994995,
        0.5914573669433594,
        0.529381513595581,
        0.4927065968513489,
        0.5086147785186768,
        0.49720299243927,
        0.5027534365653992,
        0.5103182792663574,
        0.4764881730079651,
        0.47137725353240967,
        0.49202263355255127,
        0.510403573513031,
        0.5306060314178467,
        0.5496429204940796,
        0.5505784749984741,
        0.5436402559280396,
        0.5403944253921509,
        0.5299721956253052,
        0.5214035511016846,
        0.5177212357521057,
        0.519668459892273
    ],
    "train_loss_history": [
        37.87420103285048,
        34.097057024637856,
        30.856899579366047,
        31.527738253275555,
        32.316798739963104,
        31.060584174262154,
        27.264661259121365,
        27.478136168585884,
        27.84495947096083,
        25.517147064208984,
        21.4546537399292,
        22.14574580722385,
        21.62966579861111,
        22.510677019755047,
        21.952887058258057,
        17.92387538486057,
        21.135768784417046,
        19.4446832868788,
        19.88639826244778,
        19.250955899556477,
        20.24001121520996,
        20.452065255906845,
        18.7068796687656,
        20.907823880513508,
        17.201812585194904,
        20.472206380632187,
        17.589346885681152,
        16.308331383599175,
        20.385772122277153,
        14.83083438873291,
        16.492782910664875,
        17.38020435969035,
        12.622821198569405,
        12.147902064853245,
        20.731771892971462,
        15.052815490298801,
        16.07411003112793,
        18.6752134958903,
        19.263750818040634,
        15.150504112243652,
        13.742723676893446,
        15.081703768836128,
        15.44407574335734,
        19.161946694056194,
        14.902095794677734,
        16.07348526848687,
        19.30561129252116
    ],
    "test_loss_history": [
        77.69563293457031,
        74.91178894042969,
        70.48976135253906,
        66.42449951171875,
        62.82548522949219,
        59.85496139526367,
        54.94248580932617,
        47.79841995239258,
        43.377044677734375,
        38.75297546386719,
        33.552494049072266,
        28.175058364868164,
        27.827341079711914,
        34.51161193847656,
        34.29207229614258,
        36.303016662597656,
        29.619823455810547,
        24.741905212402344,
        31.267553329467773,
        32.46845626831055,
        27.26556968688965,
        29.85321617126465,
        32.63011169433594,
        29.395627975463867,
        31.562986373901367,
        29.99087905883789,
        24.228111267089844,
        23.031450271606445,
        26.530960083007812,
        28.598491668701172,
        27.701677322387695,
        28.34500503540039,
        28.0321044921875,
        27.605642318725586,
        29.512802124023438,
        29.800926208496094,
        28.637052536010742,
        27.600830078125,
        26.4619197845459,
        25.38872718811035,
        25.335983276367188,
        25.727123260498047,
        25.910106658935547,
        26.49765396118164,
        26.980709075927734,
        27.188302993774414,
        27.078527450561523
    ]
}