{
    "num_conv_blocks": 4,
    "initial_channels": 64,
    "dropout_rate": 0.33,
    "learning_rate": 0.0001,
    "best_test_r2": 0.3268736004829407,
    "best_test_loss": 226.8340606689453,
    "final_train_r2": 0.5503580570220947,
    "train_r2_history": [
        -2.827545642852783,
        -1.5116794109344482,
        -0.34370148181915283,
        0.16196995973587036,
        0.1870461106300354,
        0.11700814962387085,
        0.19811344146728516,
        0.12607258558273315,
        0.287489116191864,
        0.24173998832702637,
        0.13767117261886597,
        0.22135645151138306,
        0.29959630966186523,
        0.21553033590316772,
        0.23707085847854614,
        0.3899472951889038,
        0.4238991141319275,
        0.29388636350631714,
        0.2582288384437561,
        0.3810826539993286,
        0.4612690210342407,
        0.3742941617965698,
        0.40259742736816406,
        0.3857850432395935,
        0.3878780007362366,
        0.3675512671470642,
        0.5288457870483398,
        0.5532503128051758,
        0.42935168743133545,
        0.5200235843658447,
        0.5503580570220947
    ],
    "test_r2_history": [
        -3.4731478691101074,
        -2.8379597663879395,
        -1.7004368305206299,
        -1.2359366416931152,
        -1.2794883251190186,
        -0.8159465789794922,
        -0.5545904636383057,
        -0.28183209896087646,
        0.1749342679977417,
        0.29900801181793213,
        0.2976498603820801,
        0.3268736004829407,
        0.22541368007659912,
        0.041121840476989746,
        0.07465535402297974,
        0.24211323261260986,
        0.2612403631210327,
        0.03865903615951538,
        0.1542731523513794,
        0.29210275411605835,
        0.29723989963531494,
        0.22451263666152954,
        0.2522623538970947,
        0.25265634059906006,
        0.2712516188621521,
        0.2469322681427002,
        0.21612006425857544,
        0.214821457862854,
        0.17013764381408691,
        0.14659345149993896,
        0.16978347301483154
    ],
    "train_loss_history": [
        1323.8059217664932,
        863.9288262261284,
        462.41499498155383,
        292.6535890367296,
        280.41315375434027,
        305.9470926920573,
        278.9184112548828,
        307.8610093858507,
        247.82672203911676,
        266.7053858439128,
        296.43608940972223,
        270.17901780870227,
        240.3591766357422,
        273.20415751139325,
        265.9307217068142,
        209.31036546495227,
        200.62740834554037,
        242.96592881944446,
        259.90999179416235,
        213.19887457953558,
        187.38723924424914,
        218.37782626681857,
        206.59171210394965,
        212.22247399224176,
        213.36347198486328,
        218.81149546305338,
        163.05454423692493,
        152.67428673638238,
        201.05308066474066,
        164.91924964057074,
        157.17586983574762
    ],
    "test_loss_history": [
        1507.387451171875,
        1293.338134765625,
        910.0089111328125,
        753.4788818359375,
        768.1552124023438,
        611.9482421875,
        523.8749389648438,
        431.959228515625,
        278.0354309082031,
        236.22434997558594,
        236.6820068359375,
        226.8340606689453,
        261.02459716796875,
        323.12835693359375,
        311.8280029296875,
        255.39710998535156,
        248.95150756835938,
        323.958251953125,
        284.9979248046875,
        238.5513153076172,
        236.8201904296875,
        261.3282775878906,
        251.97698974609375,
        251.84420776367188,
        245.57786560058594,
        253.77316284179688,
        264.1564025878906,
        264.5940246582031,
        279.65185546875,
        287.5859069824219,
        279.77117919921875
    ]
}