{
    "num_conv_blocks": 3,
    "initial_channels": 16,
    "dropout_rate": 0.33,
    "learning_rate": 0.0001,
    "best_test_r2": 0.2575805187225342,
    "best_test_loss": 7.766239166259766,
    "final_train_r2": -0.8769992589950562,
    "train_r2_history": [
        -33.054176330566406,
        -26.31627655029297,
        -16.852998733520508,
        -9.004195213317871,
        -4.150793552398682,
        -2.4592154026031494,
        -1.5729663372039795,
        -1.9645600318908691,
        -1.9983551502227783,
        -1.6937811374664307,
        -1.3311913013458252,
        -1.4675686359405518,
        -1.9528987407684326,
        -1.423614740371704,
        -1.4153010845184326,
        -1.38948392868042,
        -1.2446479797363281,
        -1.3690776824951172,
        -0.8683521747589111,
        -1.2368948459625244,
        -1.1585314273834229,
        -1.1831080913543701,
        -2.239867925643921,
        -1.4334008693695068,
        -1.318983793258667,
        -1.2008273601531982,
        -1.0108671188354492,
        -1.1441166400909424,
        -1.1463041305541992,
        -1.074838399887085,
        -0.8549549579620361,
        -1.2916698455810547,
        -1.313908576965332,
        -0.7904537916183472,
        -1.197399616241455,
        -0.9992661476135254,
        -1.3688583374023438,
        -0.9289463758468628,
        -0.9442002773284912,
        -0.8196576833724976,
        -0.8655245304107666,
        -1.0307033061981201,
        -1.5015394687652588,
        -0.7668623924255371,
        -0.8301088809967041,
        -0.4768332242965698,
        -0.7417984008789062,
        -0.8769992589950562
    ],
    "test_r2_history": [
        -33.609683990478516,
        -31.47577667236328,
        -27.793811798095703,
        -22.090320587158203,
        -15.9246826171875,
        -11.009410858154297,
        -7.842350959777832,
        -5.562994480133057,
        -2.902193307876587,
        -1.7573695182800293,
        -1.2969071865081787,
        -1.1944575309753418,
        -1.1503300666809082,
        -1.0281693935394287,
        -1.0469071865081787,
        -1.5989112854003906,
        -1.4268219470977783,
        -1.062880039215088,
        -0.5836546421051025,
        -0.6063038110733032,
        -0.5569816827774048,
        -0.13562381267547607,
        0.08553409576416016,
        -0.11450064182281494,
        -0.09764504432678223,
        -0.0884101390838623,
        -1.0534768104553223,
        -0.28559327125549316,
        0.2575805187225342,
        -0.011707663536071777,
        -0.08717215061187744,
        -0.011156678199768066,
        -0.22484815120697021,
        -0.47563791275024414,
        -0.03370082378387451,
        0.007645130157470703,
        -0.4119746685028076,
        -0.11882519721984863,
        -0.14330053329467773,
        -0.11150503158569336,
        -0.06410837173461914,
        -0.26055943965911865,
        -0.2257094383239746,
        -0.07492256164550781,
        0.11385589838027954,
        0.06689256429672241,
        -0.0006500482559204102,
        0.004911243915557861
    ],
    "train_loss_history": [
        340.88536580403644,
        273.000983344184,
        178.10491689046225,
        99.83868408203125,
        52.39639663696289,
        34.3932679494222,
        25.423651483323837,
        29.75647735595703,
        30.47898186577691,
        26.97242005666097,
        23.76833375295003,
        24.775542789035374,
        29.398165278964573,
        24.399093839857315,
        24.490946981641983,
        23.787064870198567,
        22.47168360816108,
        23.952118237813313,
        18.530083338419598,
        22.429740375942654,
        21.33169110616048,
        22.189900398254395,
        32.47877046797011,
        24.12953503926595,
        23.094918568929035,
        22.11148675282796,
        20.084928512573242,
        21.464501910739475,
        21.39942847357856,
        21.082494258880615,
        18.722206857469345,
        23.020125163926018,
        23.163979636298286,
        17.949879434373642,
        22.21849324968126,
        20.015357547336155,
        23.705725775824654,
        19.198372575971817,
        19.25000023841858,
        18.271364794837105,
        19.015403005811905,
        20.03134568532308,
        25.815472178988987,
        17.639475345611572,
        18.644225226508247,
        14.525446229510838,
        17.208222071329754,
        19.333179050021702
    ],
    "test_loss_history": [
        362.0420837402344,
        339.7198791503906,
        301.20391845703125,
        241.54129028320312,
        177.0443115234375,
        125.62701416015625,
        92.497314453125,
        68.65361785888672,
        40.81974411010742,
        28.844058990478516,
        24.027297973632812,
        22.955596923828125,
        22.493993759155273,
        21.21610450744629,
        21.412113189697266,
        27.18646812438965,
        25.38629722595215,
        21.57920265197754,
        16.566162109375,
        16.803085327148438,
        16.28714370727539,
        11.879436492919922,
        9.56596851348877,
        11.658474922180176,
        11.48215389251709,
        11.385549545288086,
        21.4808349609375,
        13.448225975036621,
        7.766239166259766,
        10.583186149597168,
        11.372598648071289,
        10.577423095703125,
        12.812789916992188,
        15.43622875213623,
        10.813250541687012,
        10.380743026733398,
        14.770265579223633,
        11.703713417053223,
        11.959742546081543,
        11.627138137817383,
        11.131336212158203,
        13.186354637145996,
        12.821800231933594,
        11.244460105895996,
        9.269701957702637,
        9.76097297668457,
        10.46751594543457,
        10.409341812133789
    ]
}