{
    "num_conv_blocks": 2,
    "initial_channels": 16,
    "dropout_rate": 0.33,
    "learning_rate": 0.0001,
    "best_test_r2": -0.11934459209442139,
    "best_test_loss": 11.709145545959473,
    "final_train_r2": -1.568871021270752,
    "train_r2_history": [
        -28.27686309814453,
        -13.309995651245117,
        -5.599794387817383,
        -5.162725448608398,
        -2.295562744140625,
        -2.031191349029541,
        -2.4492130279541016,
        -2.625946521759033,
        -1.754453182220459,
        -2.3546156883239746,
        -1.6569182872772217,
        -2.185076951980591,
        -2.3978700637817383,
        -1.4073145389556885,
        -2.1704015731811523,
        -2.4097940921783447,
        -1.5815246105194092,
        -2.0784456729888916,
        -1.4436838626861572,
        -2.4615368843078613,
        -1.4481542110443115,
        -2.0754342079162598,
        -1.4747288227081299,
        -1.4302897453308105,
        -1.7082867622375488,
        -1.5237414836883545,
        -0.8239563703536987,
        -1.7289977073669434,
        -0.956302285194397,
        -1.19527268409729,
        -1.1662006378173828,
        -0.9913442134857178,
        -1.1926486492156982,
        -1.5191857814788818,
        -1.3262860774993896,
        -0.8544303178787231,
        -1.3552494049072266,
        -1.1902973651885986,
        -1.3209781646728516,
        -1.7397735118865967,
        -0.7407786846160889,
        -1.3751697540283203,
        -0.6415368318557739,
        -1.3713512420654297,
        -1.5834527015686035,
        -1.135345697402954,
        -1.0391509532928467,
        -0.9288631677627563,
        -2.014159679412842,
        -0.8420394659042358,
        -1.0964412689208984,
        -1.568871021270752
    ],
    "test_r2_history": [
        -32.16108322143555,
        -26.00187110900879,
        -16.83246421813965,
        -10.083200454711914,
        -7.345913887023926,
        -5.3593902587890625,
        -3.242976665496826,
        -2.2151265144348145,
        -1.3456099033355713,
        -0.8309195041656494,
        -0.5114840269088745,
        -0.7961326837539673,
        -1.0487091541290283,
        -0.6378440856933594,
        -0.41683268547058105,
        -0.5976141691207886,
        -0.9131454229354858,
        -0.446891188621521,
        -0.5065057277679443,
        -0.6228960752487183,
        -1.013155221939087,
        -0.7378313541412354,
        -0.47047698497772217,
        -0.25922441482543945,
        -0.2025085687637329,
        -0.4645659923553467,
        -0.6355743408203125,
        -0.6761720180511475,
        -0.6210430860519409,
        -0.5573033094406128,
        -0.31416642665863037,
        -0.16004037857055664,
        -0.11934459209442139,
        -0.4629526138305664,
        -0.47290945053100586,
        -0.47883403301239014,
        -0.27633142471313477,
        -0.1233140230178833,
        -0.17464911937713623,
        -0.14462268352508545,
        -0.24033308029174805,
        -0.22636210918426514,
        -0.28273749351501465,
        -0.177099347114563,
        -0.23383653163909912,
        -0.31109845638275146,
        -0.3369784355163574,
        -0.2772253751754761,
        -0.3321439027786255,
        -0.3082205057144165,
        -0.2090972661972046,
        -0.31816720962524414
    ],
    "train_loss_history": [
        292.35884433322485,
        141.62444305419922,
        65.3192761739095,
        61.16149457295736,
        33.070175064934624,
        30.046839184231228,
        34.0121824476454,
        36.551489935980904,
        27.232992278205025,
        33.518105612860786,
        27.327045440673828,
        32.04103427463107,
        33.80162885453966,
        24.460098266601562,
        31.463818656073677,
        33.96661069658067,
        26.06792582405938,
        31.11150550842285,
        24.66786273320516,
        34.46657392713759,
        25.19793192545573,
        31.002950774298775,
        24.623988151550293,
        24.190664503309463,
        27.07240915298462,
        25.873494095272488,
        18.11368211110433,
        26.968923886617024,
        19.750382953219944,
        22.34875276353624,
        21.61024432712131,
        19.63726880815294,
        22.23472499847412,
        25.45382489098443,
        22.998531129625107,
        18.58115291595459,
        23.723372883266872,
        21.690795580546062,
        23.02644459406535,
        27.611294640435112,
        17.53516658147176,
        23.569554964701336,
        16.47405242919922,
        23.599541876051163,
        26.204720497131348,
        21.486427625020344,
        20.15174314710829,
        19.234279738532173,
        30.407629436916775,
        18.168196466233994,
        20.78503206041124,
        25.861550754970974
    ],
    "test_loss_history": [
        346.888671875,
        282.4588928222656,
        186.5403289794922,
        115.93821716308594,
        87.30423736572266,
        66.52377319335938,
        44.38457107543945,
        33.63252639770508,
        24.536754608154297,
        19.152729034423828,
        15.81120491027832,
        18.788835525512695,
        21.43096351623535,
        17.133020401000977,
        14.821084022521973,
        16.712186813354492,
        20.01287078857422,
        15.135519027709961,
        15.759126663208008,
        16.976654052734375,
        21.059043884277344,
        18.178958892822266,
        15.382243156433105,
        13.172389030456543,
        12.57909870147705,
        15.320406913757324,
        17.10927963256836,
        17.533960342407227,
        16.957273483276367,
        16.290508270263672,
        13.747121810913086,
        12.13485336303711,
        11.709145545959473,
        15.3035306930542,
        15.407687187194824,
        15.469661712646484,
        13.351341247558594,
        11.750670433044434,
        12.287670135498047,
        11.97357177734375,
        12.974773406982422,
        12.828624725341797,
        13.418352127075195,
        12.31330394744873,
        12.906813621520996,
        13.7150297164917,
        13.985751152038574,
        13.360690116882324,
        13.935176849365234,
        13.68492317199707,
        12.648022651672363,
        13.788972854614258
    ]
}