{
    "num_conv_blocks": 3,
    "initial_channels": 32,
    "dropout_rate": 0.33,
    "learning_rate": 0.001,
    "best_test_r2": 0.5415576696395874,
    "best_test_loss": 4.795635223388672,
    "final_train_r2": -1.3365085124969482,
    "train_r2_history": [
        -13.747903823852539,
        -4.225752353668213,
        -4.848695755004883,
        -3.3894410133361816,
        -2.2680795192718506,
        -1.5786235332489014,
        -1.7527897357940674,
        -1.835839033126831,
        -2.0368576049804688,
        -1.4544036388397217,
        -1.1324050426483154,
        -1.6437692642211914,
        -2.532733678817749,
        -1.6197535991668701,
        -1.509976863861084,
        -2.8545045852661133,
        -3.206728935241699,
        -1.1314268112182617,
        -2.1261324882507324,
        -1.7262213230133057,
        -1.420846939086914,
        -1.3187596797943115,
        -1.5551531314849854,
        -1.1249504089355469,
        -0.9241858720779419,
        -0.7574663162231445,
        -2.047832489013672,
        -0.9258308410644531,
        -0.9913462400436401,
        -1.4387731552124023,
        -1.3365085124969482
    ],
    "test_r2_history": [
        -18.906618118286133,
        -8.683204650878906,
        -3.416285514831543,
        -1.926112413406372,
        0.0022161006927490234,
        -0.5485565662384033,
        -0.11002647876739502,
        0.4584670066833496,
        0.11644965410232544,
        0.1783238649368286,
        -0.04520869255065918,
        0.5415576696395874,
        -0.9643263816833496,
        0.19675076007843018,
        -0.15355384349822998,
        -1.4914486408233643,
        -1.01654052734375,
        0.3104085326194763,
        0.22015893459320068,
        -0.29406464099884033,
        0.02850472927093506,
        0.14696216583251953,
        0.1687132716178894,
        0.21120697259902954,
        -0.003740668296813965,
        0.22059690952301025,
        0.027244746685028076,
        -0.0034104585647583008,
        0.3212141990661621,
        0.3680717945098877,
        0.14535582065582275
    ],
    "train_loss_history": [
        145.06543752882214,
        52.0355093214247,
        57.94821124606662,
        44.23676088121202,
        32.658877266777885,
        25.65943177541097,
        27.106104956732857,
        28.289493348863388,
        30.59517086876763,
        24.52856222788493,
        21.632441573672825,
        26.27291276719835,
        35.74561701880561,
        27.15832254621718,
        25.352711995442707,
        38.81988673739963,
        41.74941190083822,
        21.082249959309895,
        32.15764776865641,
        27.34619288974338,
        24.841516388787163,
        23.107250107659233,
        26.059860123528374,
        21.001756562127007,
        19.210509671105278,
        17.4207091861301,
        30.64009560479058,
        19.262668397691513,
        20.166643619537354,
        24.577410486009384,
        23.18514045079549
    ],
    "test_loss_history": [
        208.23748779296875,
        101.29325866699219,
        46.197509765625,
        30.60923194885254,
        10.437533378601074,
        16.19900894165039,
        11.611671447753906,
        5.664823055267334,
        9.242568969726562,
        8.595320701599121,
        10.933631896972656,
        4.795635223388672,
        20.548259735107422,
        8.402562141418457,
        12.066997528076172,
        26.06233787536621,
        21.094453811645508,
        7.213620662689209,
        8.157695770263672,
        13.536842346191406,
        10.162535667419434,
        8.923386573791504,
        8.695854187011719,
        8.251338958740234,
        10.499846458435059,
        8.153114318847656,
        10.175716400146484,
        10.496391296386719,
        7.100585460662842,
        6.610421180725098,
        8.940190315246582
    ]
}