{
    "num_conv_blocks": 3,
    "initial_channels": 16,
    "dropout_rate": 0.33,
    "learning_rate": 0.001,
    "best_test_r2": 0.4966595768928528,
    "best_test_loss": 169.6185760498047,
    "final_train_r2": 0.27233248949050903,
    "train_r2_history": [
        -1.252074956893921,
        -0.599953293800354,
        -0.5539388656616211,
        -0.13406944274902344,
        -0.262528657913208,
        0.05373257398605347,
        0.05315983295440674,
        -0.020547986030578613,
        0.07116305828094482,
        0.09872877597808838,
        -0.2693582773208618,
        -0.06685888767242432,
        0.06661820411682129,
        -0.014008402824401855,
        0.017176389694213867,
        0.2450854778289795,
        0.3955860733985901,
        0.1543911099433899,
        0.13472890853881836,
        0.2821803689002991,
        0.0913742184638977,
        0.11705827713012695,
        0.2517791986465454,
        0.21220189332962036,
        0.15890324115753174,
        0.1681201457977295,
        0.17773330211639404,
        0.17588824033737183,
        0.3190627694129944,
        0.39299190044403076,
        0.2753550410270691,
        0.23193275928497314,
        0.2634037137031555,
        0.40246284008026123,
        0.42073923349380493,
        0.25350505113601685,
        0.436381995677948,
        0.32260662317276,
        0.45935630798339844,
        0.3463502526283264,
        0.39255112409591675,
        0.28758734464645386,
        0.3701053857803345,
        0.3451944589614868,
        0.27233248949050903
    ],
    "test_r2_history": [
        -2.6243503093719482,
        -1.9831299781799316,
        -1.0971894264221191,
        0.0320318341255188,
        -0.06345212459564209,
        -0.12005496025085449,
        -0.10972154140472412,
        -0.34064948558807373,
        0.27222782373428345,
        0.24357396364212036,
        -0.008257508277893066,
        0.1799258589744568,
        0.09668415784835815,
        0.2050572633743286,
        0.01032954454421997,
        0.19808900356292725,
        -0.019366025924682617,
        0.26647430658340454,
        0.3644595742225647,
        0.3449465036392212,
        0.2449316382408142,
        0.3120468258857727,
        0.3834441900253296,
        0.48755842447280884,
        0.45907115936279297,
        0.4966595768928528,
        0.4963991641998291,
        0.24210292100906372,
        0.3829967975616455,
        0.4009188413619995,
        0.22865498065948486,
        0.25354325771331787,
        0.32679253816604614,
        0.3434849977493286,
        0.3791607618331909,
        0.339885950088501,
        0.3212185502052307,
        0.30456244945526123,
        0.28908681869506836,
        0.39214158058166504,
        0.403670072555542,
        0.33684229850769043,
        0.3912995457649231,
        0.4157105088233948,
        0.40618234872817993
    ],
    "train_loss_history": [
        773.349612765842,
        548.8025241427952,
        535.4770948621962,
        392.7412634955512,
        433.22078789605035,
        328.52972496880426,
        326.12671237521704,
        362.5171474880642,
        320.2927958170573,
        311.868536207411,
        438.0210664537218,
        367.830071343316,
        324.23553297254773,
        359.2101593017578,
        340.46749030219183,
        264.3604905870226,
        211.5225601196289,
        296.26051330566406,
        302.10462443033856,
        253.1547648111979,
        321.5096706814236,
        302.6625400119358,
        259.4516135321723,
        275.8119642469618,
        295.3039143880208,
        288.61073303222656,
        289.65030246310766,
        284.7354431152344,
        241.7899415757921,
        211.59800253974066,
        258.6388151380751,
        267.8644443088108,
        257.3302527533637,
        206.31567552354602,
        202.44057973225912,
        256.10898251003687,
        194.66876305474176,
        236.50230916341147,
        190.25917858547635,
        229.1696925693088,
        209.8806652492947,
        248.14140235053168,
        217.58201599121094,
        229.09211900499133,
        257.423341539171
    ],
    "test_loss_history": [
        1221.3546142578125,
        1005.2723999023438,
        706.72314453125,
        326.1914978027344,
        358.3683166503906,
        377.4426574707031,
        373.9604187011719,
        451.77984619140625,
        245.2489013671875,
        254.90487670898438,
        339.7684631347656,
        276.35333251953125,
        304.40460205078125,
        267.8844299316406,
        333.5048828125,
        270.2326354980469,
        343.5118713378906,
        247.18772888183594,
        214.16810607910156,
        220.7436981201172,
        254.4473114013672,
        231.8304901123047,
        207.7705535888672,
        172.68551635742188,
        182.28533935546875,
        169.6185760498047,
        169.706298828125,
        255.4005584716797,
        207.92132568359375,
        201.8818359375,
        259.93231201171875,
        251.54534912109375,
        226.8613739013672,
        221.2362518310547,
        209.2140350341797,
        222.4490966796875,
        228.73973083496094,
        234.3525848388672,
        239.56765747070312,
        204.83963012695312,
        200.95472717285156,
        223.47474670410156,
        205.12342834472656,
        196.8972625732422,
        200.1081085205078
    ]
}