{
    "num_conv_blocks": 3,
    "initial_channels": 32,
    "dropout_rate": 0.33,
    "learning_rate": 0.001,
    "best_test_r2": 0.423623263835907,
    "best_test_loss": 194.2307891845703,
    "final_train_r2": 0.4659602642059326,
    "train_r2_history": [
        -1.0097177028656006,
        -0.7506818771362305,
        -0.3502774238586426,
        -0.22034788131713867,
        -0.1282660961151123,
        -0.0679861307144165,
        -0.1083974838256836,
        -0.006880760192871094,
        -0.2302919626235962,
        -0.16790664196014404,
        0.013243675231933594,
        -0.006728529930114746,
        0.18260222673416138,
        -0.020732879638671875,
        0.1485421061515808,
        0.3733330965042114,
        0.23185938596725464,
        0.31494849920272827,
        0.25868624448776245,
        0.36177974939346313,
        0.17813140153884888,
        0.4309539794921875,
        0.1841180920600891,
        0.2352374792098999,
        0.1907140612602234,
        0.3614335060119629,
        0.3224329948425293,
        0.4511594772338867,
        0.25168365240097046,
        0.28869950771331787,
        0.2948620915412903,
        0.49486231803894043,
        0.43929779529571533,
        0.4751928448677063,
        0.4508666396141052,
        0.5276162624359131,
        0.4619000554084778,
        0.3882668614387512,
        0.38570380210876465,
        0.4208064675331116,
        0.5023301839828491,
        0.5264947414398193,
        0.4659602642059326
    ],
    "test_r2_history": [
        -2.637892961502075,
        -1.0726258754730225,
        -0.2746368646621704,
        0.25407975912094116,
        0.22900879383087158,
        0.27059006690979004,
        0.03706866502761841,
        0.2801145315170288,
        -0.30790889263153076,
        0.17714804410934448,
        0.10278558731079102,
        0.14824295043945312,
        0.19366246461868286,
        0.07454395294189453,
        0.2269342541694641,
        0.2727552056312561,
        0.31738895177841187,
        0.21238380670547485,
        0.36234158277511597,
        0.30210673809051514,
        0.3260188102722168,
        0.2825642228126526,
        0.19106590747833252,
        0.423623263835907,
        0.3666037917137146,
        0.4065449833869934,
        0.3614581823348999,
        0.3006971478462219,
        0.33264559507369995,
        0.182234525680542,
        0.2276296615600586,
        0.263483464717865,
        0.2853923439979553,
        0.28603285551071167,
        0.297024667263031,
        0.2931835651397705,
        0.2305586338043213,
        0.26428234577178955,
        0.28587043285369873,
        0.33016496896743774,
        0.30451369285583496,
        0.33403557538986206,
        0.32932037115097046
    ],
    "train_loss_history": [
        695.5091044108073,
        617.2677290174696,
        465.1138432820638,
        418.39522637261285,
        390.5022328694661,
        368.34764777289496,
        384.6473371717665,
        352.35301717122394,
        424.1449042426215,
        406.868414984809,
        343.07257758246527,
        352.4073189629449,
        285.39137268066406,
        354.29796006944446,
        293.61399841308594,
        220.48862542046442,
        268.4836917453342,
        237.18938869900174,
        260.9419750637478,
        219.77676984998914,
        284.15995110405817,
        194.86790635850696,
        282.56847381591797,
        266.673833211263,
        281.4639824761285,
        229.08354695638022,
        236.3689193725586,
        191.35672760009766,
        263.95364549424914,
        246.30184682210287,
        246.60582224527994,
        175.25007120768228,
        199.50797398885092,
        183.63265567355685,
        189.2282282511393,
        163.96103752983942,
        191.9032185872396,
        215.8321164449056,
        215.50774892171225,
        205.69922637939453,
        172.29067357381186,
        163.12370808919272,
        188.23626963297525
    ],
    "test_loss_history": [
        1225.918212890625,
        698.4454956054688,
        429.5345153808594,
        251.36453247070312,
        259.8130798339844,
        245.80081176757812,
        324.494140625,
        242.59115600585938,
        440.74676513671875,
        277.2894287109375,
        302.3485107421875,
        287.0300598144531,
        271.7243347167969,
        311.86553955078125,
        260.51220703125,
        245.0712127685547,
        230.03024291992188,
        265.4154968261719,
        214.88186645507812,
        235.1800994873047,
        227.12210083007812,
        241.7656707763672,
        272.59930419921875,
        194.2307891845703,
        213.445556640625,
        199.9858856201172,
        215.17953491210938,
        235.6551055908203,
        224.8889617919922,
        275.5753479003906,
        260.27783203125,
        248.19558715820312,
        240.8126220703125,
        240.59677124023438,
        236.89271545410156,
        238.1870880126953,
        259.29083251953125,
        247.92640686035156,
        240.6515350341797,
        225.72488403320312,
        234.3689727783203,
        224.42054748535156,
        226.00950622558594
    ]
}