{
    "num_conv_blocks": 3,
    "initial_channels": 32,
    "dropout_rate": 0.33,
    "learning_rate": 0.0001,
    "best_test_r2": 0.5421397089958191,
    "best_test_loss": 4.789546489715576,
    "final_train_r2": -0.724298357963562,
    "train_r2_history": [
        -28.31070899963379,
        -13.675834655761719,
        -3.7170190811157227,
        -2.142775535583496,
        -1.883397102355957,
        -1.5137841701507568,
        -1.755878210067749,
        -1.3225226402282715,
        -1.7223341464996338,
        -1.3710618019104004,
        -1.9535181522369385,
        -1.4120233058929443,
        -1.584562063217163,
        -1.4938433170318604,
        -1.3606910705566406,
        -1.102020263671875,
        -1.5592310428619385,
        -0.726159930229187,
        -0.7399238348007202,
        -0.7547951936721802,
        -1.2039694786071777,
        -0.6934424638748169,
        -0.9177626371383667,
        -0.7052562236785889,
        -0.9460965394973755,
        -0.8747812509536743,
        -1.0955510139465332,
        -0.9696636199951172,
        -0.5813435316085815,
        -0.7871850728988647,
        -0.8881406784057617,
        -0.7867001295089722,
        -0.9838088750839233,
        -1.2914237976074219,
        -0.742856502532959,
        -0.39161038398742676,
        -0.60854172706604,
        -0.865142822265625,
        -0.8614704608917236,
        -0.6511561870574951,
        -0.42495155334472656,
        -0.8654583692550659,
        -0.7674195766448975,
        -0.5753703117370605,
        -0.9259891510009766,
        -0.6695938110351562,
        -0.7593371868133545,
        -0.3718864917755127,
        -0.73006272315979,
        -0.9032899141311646,
        -0.4968574047088623,
        -0.7359937429428101,
        -0.7539966106414795,
        -0.7349445819854736,
        -0.6220575571060181,
        -0.7455226182937622,
        -0.38858628273010254,
        -0.5851649045944214,
        -1.0258371829986572,
        -0.6792811155319214,
        -0.5620979070663452,
        -0.8833602666854858,
        -0.7863651514053345,
        -0.8221367597579956,
        -0.45264339447021484,
        -0.9861873388290405,
        -1.2281854152679443,
        -0.19058406352996826,
        -1.160080909729004,
        -0.2108534574508667,
        -0.724298357963562
    ],
    "test_r2_history": [
        -31.647274017333984,
        -25.55568504333496,
        -15.374017715454102,
        -8.278975486755371,
        -5.223212242126465,
        -3.1925768852233887,
        -2.402989387512207,
        -1.2638673782348633,
        -2.194831371307373,
        -1.9932703971862793,
        -0.4581735134124756,
        -0.9807608127593994,
        -1.9995925426483154,
        -0.34323692321777344,
        0.17439788579940796,
        -1.0640146732330322,
        -1.0531222820281982,
        -0.004715681076049805,
        0.06077951192855835,
        -0.14834356307983398,
        -0.9954344034194946,
        -0.9187219142913818,
        -0.3510688543319702,
        0.04873758554458618,
        0.009132564067840576,
        -0.20200014114379883,
        0.13642406463623047,
        0.15655583143234253,
        0.18594783544540405,
        0.24546539783477783,
        0.2680266499519348,
        0.2912421226501465,
        0.24186909198760986,
        0.391282856464386,
        0.45875704288482666,
        0.4374532103538513,
        0.4711116552352905,
        0.33470600843429565,
        0.20595037937164307,
        0.2980104684829712,
        0.26294517517089844,
        0.29658567905426025,
        0.29313135147094727,
        0.3048456907272339,
        0.3226754069328308,
        0.3407670855522156,
        0.3935871720314026,
        0.4602088928222656,
        0.43702632188796997,
        0.4127790927886963,
        0.40912169218063354,
        0.5421397089958191,
        0.5396315455436707,
        0.5120505690574646,
        0.4862622618675232,
        0.4167763590812683,
        0.42029350996017456,
        0.4368400573730469,
        0.40290892124176025,
        0.39584481716156006,
        0.4156932830810547,
        0.4096689820289612,
        0.42375242710113525,
        0.34567153453826904,
        0.34850627183914185,
        0.3388669490814209,
        0.36173105239868164,
        0.3193872570991516,
        0.37490785121917725,
        0.41669440269470215,
        0.43218278884887695
    ],
    "train_loss_history": [
        292.56658766004773,
        145.46616999308267,
        47.322343826293945,
        32.33903768327501,
        29.016711658901638,
        25.30476411183675,
        28.035907215542263,
        23.273248566521538,
        27.40668551127116,
        24.17805841233995,
        29.312421056959366,
        24.118122206793892,
        26.23812156253391,
        24.761098225911457,
        23.626983006795246,
        20.975797653198242,
        25.394853591918945,
        17.36052926381429,
        17.17056311501397,
        17.526353889041477,
        21.940355194939507,
        17.337502479553223,
        18.879546483357746,
        16.855999575720894,
        19.81382550133599,
        18.83317502339681,
        20.82392856809828,
        19.43451436360677,
        15.721393002404106,
        17.965206570095486,
        19.007742828792995,
        17.800656265682644,
        20.039397292666965,
        22.798166275024414,
        17.56132099363539,
        13.798719300164116,
        16.50743802388509,
        18.903657383388943,
        18.422712114122177,
        16.43586646185981,
        14.376600636376274,
        18.74452935324775,
        17.565564526451958,
        15.632985962761772,
        19.768247816297745,
        16.686073356204563,
        18.0025388929579,
        13.908938672807482,
        17.543251037597656,
        19.278890662723118,
        15.444914870791965,
        17.345267083909775,
        17.489422427283394,
        17.494729571872288,
        16.37025589413113,
        17.52735318077935,
        13.724588023291695,
        15.99393113454183,
        20.383168114556206,
        16.891238106621635,
        15.486226028866238,
        18.717507945166695,
        17.850601885053848,
        18.275074005126953,
        14.489814970228407,
        20.093722131517197,
        22.73206106821696,
        11.762920379638672,
        21.54918564690484,
        12.309719853931004,
        17.307607226901585
    ],