{
    "num_conv_blocks": 3,
    "initial_channels": 16,
    "dropout_rate": 0.33,
    "learning_rate": 0.0001,
    "best_test_r2": 0.6001522541046143,
    "best_test_loss": 0.4086434841156006,
    "final_train_r2": 0.47590172290802,
    "train_r2_history": [
        -0.924540638923645,
        -0.0033391714096069336,
        -0.07758474349975586,
        0.13237929344177246,
        0.01578575372695923,
        0.07755070924758911,
        0.3015620708465576,
        0.11607921123504639,
        -0.13386476039886475,
        0.13808292150497437,
        0.17065519094467163,
        0.2334544062614441,
        0.09350442886352539,
        0.18438869714736938,
        -0.01926112174987793,
        0.26954466104507446,
        0.3481307029724121,
        0.15145355463027954,
        0.2544993758201599,
        0.059089481830596924,
        0.37855446338653564,
        0.09888845682144165,
        0.2688007354736328,
        0.22372007369995117,
        0.28270941972732544,
        0.2348310947418213,
        0.36342769861221313,
        0.1360793113708496,
        0.38634592294692993,
        0.39392465353012085,
        0.20699012279510498,
        0.35770827531814575,
        0.23316693305969238,
        0.24709224700927734,
        0.36540740728378296,
        0.4292212724685669,
        0.3340819478034973,
        0.3582955002784729,
        0.16144341230392456,
        0.24815523624420166,
        0.30960965156555176,
        0.31407129764556885,
        0.4294642210006714,
        0.2953895330429077,
        0.49214011430740356,
        0.46753817796707153,
        0.4685742259025574,
        0.4626826047897339,
        0.41497594118118286,
        0.5211216807365417,
        0.5667518377304077,
        0.4296048879623413,
        0.4373788833618164,
        0.21775168180465698,
        0.43189120292663574,
        0.3885813355445862,
        0.538251519203186,
        0.47590172290802
    ],
    "test_r2_history": [
        -1.5692625045776367,
        -1.031982660293579,
        -0.9044679403305054,
        -0.7996296882629395,
        -0.5750439167022705,
        -0.2715268135070801,
        -0.06772744655609131,
        0.02473127841949463,
        -0.11003625392913818,
        -0.08425140380859375,
        0.003837108612060547,
        0.1525551676750183,
        0.17563486099243164,
        0.23616445064544678,
        0.14238184690475464,
        0.3178788423538208,
        0.23872780799865723,
        0.23790860176086426,
        0.29877716302871704,
        0.3606140613555908,
        0.36299872398376465,
        0.20105063915252686,
        0.30691659450531006,
        0.22249215841293335,
        0.39997541904449463,
        0.42843085527420044,
        0.5032720565795898,
        0.4459536075592041,
        0.31531375646591187,
        0.3477334976196289,
        0.3696519732475281,
        0.37854301929473877,
        0.3617671728134155,
        0.346089243888855,
        0.3756703734397888,
        0.44924235343933105,
        0.4464530944824219,
        0.5688033699989319,
        0.6001522541046143,
        0.5032152533531189,
        0.43060189485549927,
        0.36780810356140137,
        0.4850722551345825,
        0.5183464288711548,
        0.5355827808380127,
        0.4552561640739441,
        0.39711248874664307,
        0.45128875970840454,
        0.4528511166572571,
        0.5684525370597839,
        0.5533289313316345,
        0.47378814220428467,
        0.5113251805305481,
        0.5212231278419495,
        0.4863765835762024,
        0.42910343408584595,
        0.5012412071228027,
        0.5325818657875061
    ],
    "train_loss_history": [
        1.9649602133366797,
        1.0444068478213415,
        1.1271886610322528,
        0.8986987471580505,
        1.022132729490598,
        0.9686821434232924,
        0.7216793994108835,
        0.9086331923802694,
        1.1755612658129797,
        0.904286061724027,
        0.8594357868035635,
        0.7983145217100779,
        0.9420316798819436,
        0.8432230982515547,
        1.0576347046428256,
        0.7526163756847382,
        0.6945851378970676,
        0.881305197874705,
        0.7710488703515794,
        0.9806043116582764,
        0.6414361993471781,
        0.9302621285120646,
        0.755652405321598,
        0.8055181503295898,
        0.7479502691162957,
        0.7828592790497674,
        0.6551672154002719,
        0.8857441776328616,
        0.637375983926985,
        0.6461671276224984,
        0.8280592842234505,
        0.6728276444805993,
        0.8155010574393802,
        0.7804519202974107,
        0.6571478744347891,
        0.5952961146831512,
        0.6802551829152637,
        0.6687939729955461,
        0.8581551710764567,
        0.7835073520739874,
        0.7127581983804703,
        0.7084710821509361,
        0.5893285853995217,
        0.7315676013628641,
        0.5334522740708457,
        0.5479604568746355,
        0.5470835003587935,
        0.5573628031545215,
        0.601347342133522,
        0.5025580384665065,
        0.45540394220087266,
        0.6034043977657954,
        0.5784465538130866,
        0.8051632907655504,
        0.597127753827307,
        0.640783965587616,
        0.4736045267846849,
        0.5503394769297706
    ],
    "test_loss_history": [
        2.6257805824279785,
        2.076681613922119,
        1.9463615417480469,
        1.839217185974121,
        1.6096911430358887,
        1.2994974851608276,
        1.091214895248413,
        0.9967223405838013,
        1.134454369544983,
        1.1081024408340454,
        1.0180761814117432,
        0.8660865426063538,
        0.8424992561340332,
        0.7806380987167358,
        0.8764837980270386,
        0.6971262097358704,
        0.7780182957649231,
        0.7788556218147278,
        0.7166480422019958,
        0.6534509062767029,
        0.6510139107704163,
        0.8165243268013,
        0.7083296179771423,
        0.7946111559867859,
        0.613223671913147,
        0.5841423273086548,
        0.5076547861099243,
        0.5662341117858887,
        0.6997477412223816,
        0.666614830493927,
        0.6442142128944397,
        0.6351275444030762,
        0.6522724628448486,
        0.6682952642440796,
        0.6380634307861328,
        0.5628730654716492,
        0.565723717212677,
        0.44068190455436707,
        0.4086434841156006,
        0.5077128410339355,
        0.5819235444068909,
        0.6460986137390137,
        0.5262549519538879,
        0.4922488033771515,
        0.4746333658695221,
        0.5567269325256348,
        0.6161495447158813,
        0.5607815980911255,
        0.5591848492622375,
        0.4410405158996582,
        0.4564967751502991,
        0.5377873182296753,
        0.4994245171546936,
        0.48930880427360535,
        0.5249218940734863,
        0.5834549069404602,
        0.509730339050293,
        0.47770023345947266
    ]
}