{
    "num_conv_blocks": 2,
    "initial_channels": 32,
    "dropout_rate": 0.33,
    "learning_rate": 0.001,
    "best_test_r2": 0.37112998962402344,
    "best_test_loss": 211.92025756835938,
    "final_train_r2": 0.528749942779541,
    "train_r2_history": [
        -0.8909260034561157,
        -0.8130576610565186,
        -0.1831045150756836,
        -0.13144290447235107,
        -0.24066078662872314,
        -0.028622984886169434,
        -0.1364051103591919,
        -0.08346664905548096,
        0.17936187982559204,
        -0.07992804050445557,
        0.32073187828063965,
        0.1547045111656189,
        0.1971154808998108,
        -0.03289437294006348,
        0.3117174506187439,
        0.22247999906539917,
        0.3711585998535156,
        0.3750482201576233,
        0.356015682220459,
        0.37577855587005615,
        0.48449623584747314,
        0.4632081985473633,
        0.5090607404708862,
        0.39495849609375,
        0.4886925220489502,
        0.492467999458313,
        0.3403187394142151,
        0.528749942779541
    ],
    "test_r2_history": [
        -2.1971306800842285,
        -1.541003942489624,
        0.2609769105911255,
        0.02691882848739624,
        0.20051777362823486,
        0.1020318865776062,
        0.29850906133651733,
        0.1458648443222046,
        0.37112998962402344,
        0.14298945665359497,
        0.13744902610778809,
        -0.16269803047180176,
        0.259870707988739,
        0.12105613946914673,
        0.3181381821632385,
        0.292181134223938,
        0.29821842908859253,
        0.3105032444000244,
        0.2722347378730774,
        0.27532023191452026,
        0.2825549840927124,
        0.33821189403533936,
        0.3385656476020813,
        0.27599722146987915,
        0.31536269187927246,
        0.318645715713501,
        0.30483800172805786,
        0.3084070682525635
    ],
    "train_loss_history": [
        652.6542765299479,
        628.8770853678385,
        410.79048834906683,
        386.1609853108724,
        431.97452121310766,
        355.1971672905816,
        394.9000057644314,
        376.5642496744792,
        286.98285505506726,
        373.3593241373698,
        237.3574456108941,
        295.01997545030383,
        282.6958304511176,
        358.22695498996313,
        238.67128329806857,
        270.79705810546875,
        219.31885698106555,
        214.46542612711588,
        223.16542307535806,
        219.4873309665256,
        183.05079311794705,
        184.6248050265842,
        173.58017222086588,
        211.9828847249349,
        176.99803331163196,
        176.81549962361655,
        229.0696275499132,
        162.0381088256836
    ],
    "test_loss_history": [
        1077.3876953125,
        856.2822265625,
        249.040283203125,
        327.91455078125,
        269.4141540527344,
        302.6025390625,
        236.3925018310547,
        287.8314208984375,
        211.92025756835938,
        288.8003845214844,
        290.6674499511719,
        391.812744140625,
        249.41305541992188,
        296.1916198730469,
        229.7777557373047,
        238.52488708496094,
        236.49041748046875,
        232.3506317138672,
        245.24655151367188,
        244.20677185058594,
        241.76878356933594,
        223.01318359375,
        222.89398193359375,
        243.97865295410156,
        230.71302795410156,
        229.6067352294922,
        234.25975036621094,
        233.0570068359375
    ]
}