{
    "num_conv_blocks": 2,
    "initial_channels": 32,
    "dropout_rate": 0.33,
    "learning_rate": 0.001,
    "best_test_r2": 0.6337406635284424,
    "best_test_loss": 0.3743162155151367,
    "final_train_r2": 0.13056635856628418,
    "train_r2_history": [
        -4.611919403076172,
        -2.074631452560425,
        -0.39982521533966064,
        -0.6022446155548096,
        -0.019689440727233887,
        -0.1495380401611328,
        -0.6928892135620117,
        -0.4951118230819702,
        -0.18431293964385986,
        -0.09153366088867188,
        0.0877295732498169,
        0.1465657353401184,
        0.16547787189483643,
        0.0032196044921875,
        -0.05336177349090576,
        0.0924946665763855,
        0.16119825839996338,
        -0.10853052139282227,
        0.06508046388626099,
        0.22524493932724,
        -0.03844499588012695,
        0.19812029600143433,
        0.27989768981933594,
        0.13056635856628418
    ],
    "test_r2_history": [
        -1.6957919597625732,
        -0.646411657333374,
        0.3388208746910095,
        0.512600302696228,
        0.6337406635284424,
        -0.05803978443145752,
        0.5726660490036011,
        0.01583993434906006,
        -0.08326852321624756,
        0.5742760300636292,
        0.6292790174484253,
        0.5018420219421387,
        0.4603767991065979,
        0.24361193180084229,
        0.1910947561264038,
        0.5306147933006287,
        0.30984437465667725,
        0.1100274920463562,
        0.16510260105133057,
        0.08921116590499878,
        0.2090499997138977,
        0.22555792331695557,
        0.19387269020080566,
        0.26000046730041504
    ],
    "train_loss_history": [
        5.761201461156209,
        3.137893001238505,
        1.4615925318664975,
        1.6462367475032806,
        1.0429203708966572,
        1.2022558781835768,
        1.7326928973197937,
        1.5370425250795152,
        1.214656349685457,
        1.1273544546630647,
        0.9443801078531477,
        0.8835088908672333,
        0.8676009310616387,
        1.039971027109358,
        1.0928485095500946,
        0.9395301043987274,
        0.8820525838269128,
        1.1484170274602041,
        0.9693831834528182,
        0.7866737130615447,
        1.071725265847312,
        0.8306845873594284,
        0.7353742255104913,
        0.9094005342986848
    ],
    "test_loss_history": [
        2.7550930976867676,
        1.682628870010376,
        0.6757235527038574,
        0.4981212615966797,
        0.3743162155151367,
        1.081314206123352,
        0.4367341995239258,
        1.0058093070983887,
        1.107097864151001,
        0.43508896231651306,
        0.3788759708404541,
        0.5091162919998169,
        0.5514936447143555,
        0.7730268239974976,
        0.8266993761062622,
        0.4797106385231018,
        0.7053373456001282,
        0.9095498919487,
        0.8532630801200867,
        0.9308241605758667,
        0.8083490133285522,
        0.7914779782295227,
        0.8238602876663208,
        0.7562777400016785
    ]
}