{
    "num_conv_blocks": 4,
    "initial_channels": 64,
    "dropout_rate": 0.33,
    "learning_rate": 0.0001,
    "best_test_r2": 0.6421154737472534,
    "best_test_loss": 20.175617218017578,
    "final_train_r2": 0.6198033094406128,
    "train_r2_history": [
        -0.25820600986480713,
        -0.06304931640625,
        0.04005765914916992,
        0.1827385425567627,
        0.328244149684906,
        0.30701857805252075,
        0.3656521439552307,
        0.4105309844017029,
        0.5909209251403809,
        0.4530327320098877,
        0.44920217990875244,
        0.4593591094017029,
        0.3683972954750061,
        0.5022554397583008,
        0.4935329556465149,
        0.636542558670044,
        0.48833101987838745,
        0.46531516313552856,
        0.5135507583618164,
        0.5747238397598267,
        0.5630228519439697,
        0.5390610694885254,
        0.7274278998374939,
        0.6248180866241455,
        0.6638470888137817,
        0.5129953622817993,
        0.722309947013855,
        0.6409183740615845,
        0.6672807931900024,
        0.702460527420044,
        0.7018375396728516,
        0.6198033094406128
    ],
    "test_r2_history": [
        -0.3862133026123047,
        -0.2027827501296997,
        -0.039307355880737305,
        -0.12807178497314453,
        0.041678667068481445,
        -0.15698087215423584,
        0.6009397506713867,
        0.5332760810852051,
        0.21329456567764282,
        0.302135705947876,
        0.3966173529624939,
        0.38447850942611694,
        0.6421154737472534,
        0.631723940372467,
        0.5758505463600159,
        0.3588542342185974,
        0.36919087171554565,
        0.18857330083847046,
        0.3865698575973511,
        0.4468558430671692,
        0.5208156108856201,
        0.5145387649536133,
        0.4597519636154175,
        0.3952852487564087,
        0.39635801315307617,
        0.4342292547225952,
        0.3741716146469116,
        0.3666650652885437,
        0.42026597261428833,
        0.4429498314857483,
        0.42912471294403076,
        0.446524977684021
    ],
    "train_loss_history": [
        38.224827448527016,
        32.36792394849989,
        29.309486813015408,
        25.00706058078342,
        20.633432176378037,
        21.889618979560005,
        19.309508323669434,
        18.033560223049587,
        12.467804630597433,
        16.914577537112766,
        16.712892373402912,
        16.718044757843018,
        19.461873266432022,
        14.999526580174765,
        15.287850538889566,
        10.968874480989244,
        16.342586941189236,
        16.448628160688614,
        14.841722700330946,
        12.981762912538317,
        13.2615913550059,
        13.988404485914442,
        8.677604138851166,
        11.60866054561403,
        10.426135116153294,
        14.942883862389458,
        8.434623082478842,
        11.001464287439982,
        10.14296411143409,
        8.993601587083605,
        9.174614707628885,
        11.602100822660658
    ],
    "test_loss_history": [
        78.14730072021484,
        67.80646514892578,
        58.59059524536133,
        63.594661712646484,
        54.0250358581543,
        65.22441101074219,
        22.496885299682617,
        26.311405181884766,
        44.35024642944336,
        39.34185791015625,
        34.0154914855957,
        34.69981384277344,
        20.175617218017578,
        20.761436462402344,
        23.911279678344727,
        36.144371032714844,
        35.561649322509766,
        45.74390411376953,
        34.58191680908203,
        31.183311462402344,
        27.01385498046875,
        27.367712020874023,
        30.456298828125,
        34.0905876159668,
        34.03010940551758,
        31.89513397216797,
        35.28086853027344,
        35.70404052734375,
        32.68231201171875,
        31.403512954711914,
        32.182899475097656,
        31.20196533203125
    ]
}