{
    "num_conv_blocks": 3,
    "initial_channels": 16,
    "dropout_rate": 0.33,
    "learning_rate": 0.001,
    "best_test_r2": 0.7351746559143066,
    "best_test_loss": 0.27065086364746094,
    "final_train_r2": 0.34428638219833374,
    "train_r2_history": [
        -0.6470769643783569,
        -0.6864022016525269,
        -0.31714797019958496,
        -0.3206174373626709,
        -0.11463558673858643,
        -0.3384295701980591,
        -0.25280964374542236,
        -0.27441394329071045,
        -0.05347311496734619,
        0.11093825101852417,
        -0.045603156089782715,
        -0.10624992847442627,
        0.24418073892593384,
        -0.07693874835968018,
        0.2064862847328186,
        -0.10645759105682373,
        -0.06889724731445312,
        -0.11623561382293701,
        -0.09566962718963623,
        0.09831410646438599,
        0.019995510578155518,
        0.2074330449104309,
        0.23999178409576416,
        0.13121062517166138,
        0.06993502378463745,
        0.18112903833389282,
        0.29495763778686523,
        0.2982277274131775,
        0.2354552149772644,
        0.13847219944000244,
        -0.12158024311065674,
        0.10913753509521484,
        0.05135452747344971,
        -0.09469294548034668,
        0.3304351568222046,
        0.14018893241882324,
        0.044239044189453125,
        0.29695582389831543,
        0.27918708324432373,
        0.17255842685699463,
        0.34428638219833374
    ],
    "test_r2_history": [
        -1.618363857269287,
        -0.7677404880523682,
        -0.2765878438949585,
        -0.2282499074935913,
        0.14632964134216309,
        0.20017194747924805,
        0.6461436748504639,
        0.5611461400985718,
        0.16080570220947266,
        0.29570913314819336,
        0.14281684160232544,
        0.6741846799850464,
        0.6542134881019592,
        0.5233175158500671,
        0.544848620891571,
        0.20080244541168213,
        -0.31862103939056396,
        0.08034151792526245,
        0.22613286972045898,
        0.46354925632476807,
        0.6760267019271851,
        0.7351746559143066,
        0.6514139175415039,
        0.5281815528869629,
        0.29727762937545776,
        0.6899881958961487,
        0.7114083766937256,
        0.5163635015487671,
        0.1352059245109558,
        0.7285013794898987,
        0.6241515874862671,
        0.25522154569625854,
        0.33686143159866333,
        0.4223650097846985,
        0.4006010890007019,
        0.4875376224517822,
        0.4347583055496216,
        0.5664892792701721,
        0.6520681977272034,
        0.6183065176010132,
        0.583690881729126
    ],
    "train_loss_history": [
        1.6998077912463083,
        1.711031390560998,
        1.3726593487792544,
        1.3548197348912556,
        1.1614293505748112,
        1.3814952009254031,
        1.2894273499647777,
        1.3059812022580042,
        1.096382247077094,
        0.9255107177628411,
        1.079785463710626,
        1.1479532122612,
        0.7775904188553492,
        1.1186170544889238,
        0.8135681168900596,
        1.1307061579492357,
        1.1023863355318706,
        1.165822426478068,
        1.137052251232995,
        0.9398521350489722,
        1.0225141644477844,
        0.8241622779104445,
        0.7869946956634521,
        0.8918477959103055,
        0.9706701321734322,
        0.861036419040627,
        0.7323302295472887,
        0.7249422834979163,
        0.7929848945803113,
        0.903195665942298,
        1.1570582538843155,
        0.9162022868792216,
        0.9879167758756213,
        1.1264495684040918,
        0.7017933030923208,
        0.8939777645799849,
        0.9904778103033701,
        0.7230456935034858,
        0.7375149412287606,
        0.8651623361640506,
        0.6832332909107208
    ],
    "test_loss_history": [
        2.67596173286438,
        1.8066264390945435,
        1.304669737815857,
        1.2552684545516968,
        0.8724492192268372,
        0.8174223899841309,
        0.3616403341293335,
        0.4485075771808624,
        0.8576545715332031,
        0.7197835445404053,
        0.8760392069816589,
        0.33298245072364807,
        0.353393018245697,
        0.4871683716773987,
        0.4651636481285095,
        0.8167779445648193,
        1.3476276397705078,
        0.9398888349533081,
        0.7908903956413269,
        0.5482514500617981,
        0.3310999572277069,
        0.27065086364746094,
        0.3562541902065277,
        0.4821973443031311,
        0.7181805968284607,
        0.3168313205242157,
        0.2949399948120117,
        0.49427536129951477,
        0.8838176131248474,
        0.27747097611427307,
        0.38411617279052734,
        0.7611618041992188,
        0.6777260899543762,
        0.5903415679931641,
        0.6125842928886414,
        0.5237354040145874,
        0.5776757001876831,
        0.4430469274520874,
        0.3555854856967926,
        0.39008983969688416,
        0.42546695470809937
    ]
}