{
    "num_conv_blocks": 2,
    "initial_channels": 64,
    "dropout_rate": 0.33,
    "learning_rate": 0.0001,
    "best_test_r2": 0.6346904039382935,
    "best_test_loss": 20.594202041625977,
    "final_train_r2": 0.6738992929458618,
    "train_r2_history": [
        -0.1813293695449829,
        0.0011955499649047852,
        0.155107319355011,
        0.276364803314209,
        0.3715142011642456,
        0.3897366523742676,
        0.36792731285095215,
        0.3199130892753601,
        0.46324867010116577,
        0.4346553683280945,
        0.3620067834854126,
        0.5511330366134644,
        0.49477171897888184,
        0.5590357780456543,
        0.5929027199745178,
        0.6357414722442627,
        0.5429537296295166,
        0.42825692892074585,
        0.47140049934387207,
        0.5781720876693726,
        0.592881441116333,
        0.6920731067657471,
        0.5886583924293518,
        0.4628230333328247,
        0.6388105154037476,
        0.5093433856964111,
        0.563025951385498,
        0.6500118970870972,
        0.727462887763977,
        0.6435604095458984,
        0.6226803064346313,
        0.6756271123886108,
        0.5880494117736816,
        0.6847740411758423,
        0.7097415924072266,
        0.7640331983566284,
        0.6601628065109253,
        0.6527993679046631,
        0.6995593309402466,
        0.5828476548194885,
        0.6969087719917297,
        0.5561959743499756,
        0.6900362968444824,
        0.745560884475708,
        0.6383699178695679,
        0.7416473627090454,
        0.6998829245567322,
        0.7750390768051147,
        0.6784714460372925,
        0.6861854791641235,
        0.7164908647537231,
        0.6738992929458618
    ],
    "test_r2_history": [
        -0.3028970956802368,
        -0.22337377071380615,
        -0.14764642715454102,
        0.008735477924346924,
        0.31614112854003906,
        0.3957871198654175,
        0.323478639125824,
        0.4553346633911133,
        0.5669115781784058,
        0.571076512336731,
        0.48865413665771484,
        0.49902838468551636,
        0.4945734143257141,
        0.4784972071647644,
        0.3744320869445801,
        0.6012576818466187,
        0.6199767589569092,
        0.39810264110565186,
        0.2764326333999634,
        0.522946834564209,
        0.5950191617012024,
        0.5561996698379517,
        0.29133814573287964,
        0.4318516254425049,
        0.5584442615509033,
        0.579673171043396,
        0.4603421688079834,
        0.5311976671218872,
        0.5364378690719604,
        0.548969030380249,
        0.5951794981956482,
        0.6092263460159302,
        0.6346904039382935,
        0.5712776184082031,
        0.4973466992378235,
        0.5136168003082275,
        0.5517693758010864,
        0.5396298170089722,
        0.530530571937561,
        0.5885962843894958,
        0.5570640563964844,
        0.507492184638977,
        0.538918137550354,
        0.5521886348724365,
        0.5288739204406738,
        0.5341192483901978,
        0.5229593515396118,
        0.5368216037750244,
        0.5268330574035645,
        0.5051721334457397,
        0.5007667541503906,
        0.5055485367774963
    ],
    "train_loss_history": [
        35.85109074910482,
        30.501326243082683,
        25.68575636545817,
        22.165611267089844,
        19.028415626949734,
        18.566104465060764,
        19.40817912419637,
        20.56954362657335,
        16.637497425079346,
        17.276428169674343,
        19.589289135403103,
        13.808764934539795,
        15.482891930474175,
        13.636941379970974,
        12.359978940751818,
        11.263234509362114,
        13.892636908425224,
        17.427419874403213,
        16.231390052371555,
        12.875047259860569,
        12.381059540642632,
        9.32781183719635,
        12.630029996236166,
        16.301960309346516,
        11.097711589601305,
        14.953163358900282,
        13.17653124862247,
        10.739293773969015,
        8.40775348080529,
        10.924691226747301,
        11.57750458187527,
        10.114626036749947,
        12.544244037734138,
        9.66027119424608,
        8.874876141548157,
        7.244013561142816,
        10.318731837802464,
        10.594028949737549,
        9.238228453530205,
        12.726594686508179,
        9.254832572407192,
        13.491443739997017,
        9.478262808587816,
        8.015339811642965,
        10.975907595621216,
        7.9465215471055775,
        9.143958224190605,
        6.8070746130413475,
        9.7349966234631,
        9.484049571885002,
        8.594141059451633,
        10.07510977321201
    ],
    "test_loss_history": [
        73.45037841796875,
        68.96727752685547,
        64.69818878173828,
        55.8822021484375,
        38.55230712890625,
        34.062294006347656,
        38.1386604309082,
        30.705322265625,
        24.415212631225586,
        24.18041229248047,
        28.826946258544922,
        28.24209976196289,
        28.493253707885742,
        29.399545669555664,
        35.266178131103516,
        22.478961944580078,
        21.423681259155273,
        33.931758880615234,
        40.790863037109375,
        26.893707275390625,
        22.830657958984375,
        25.019088745117188,
        39.95056915283203,
        32.0291748046875,
        24.892553329467773,
        23.69577980041504,
        30.42302703857422,
        26.42857551574707,
        26.13315773010254,
        25.426713943481445,
        22.821619033813477,
        22.02972984313965,
        20.594202041625977,
        24.169078826904297,
        28.33690643310547,
        27.419689178466797,
        25.268850326538086,
        25.953208923339844,
        26.466176986694336,
        23.192745208740234,
        24.970361709594727,
        27.76495933532715,
        25.993331909179688,
        25.24521255493164,
        26.5595703125,
        26.263870239257812,
        26.893001556396484,
        26.111526489257812,
        26.67462158203125,
        27.895751953125,
        28.144102096557617,
        27.874534606933594
    ]
}