{
    "num_conv_blocks": 4,
    "initial_channels": 32,
    "dropout_rate": 0.33,
    "learning_rate": 0.001,
    "best_test_r2": 0.7602167129516602,
    "best_test_loss": 0.24505794048309326,
    "final_train_r2": 0.3559246063232422,
    "train_r2_history": [
        -0.5828312635421753,
        -0.319724440574646,
        -0.29828083515167236,
        0.06025207042694092,
        0.2583051323890686,
        -0.2690631151199341,
        -0.12196195125579834,
        0.145463228225708,
        0.1650604009628296,
        0.2140263319015503,
        0.03245651721954346,
        -0.04386091232299805,
        -0.050663113594055176,
        0.024632692337036133,
        0.10173171758651733,
        0.19853371381759644,
        -0.020184636116027832,
        0.15197354555130005,
        0.2362491488456726,
        0.26089781522750854,
        0.1412084698677063,
        0.2794373035430908,
        0.4480709433555603,
        0.27681970596313477,
        0.3892703056335449,
        0.28960901498794556,
        0.552760660648346,
        0.30775099992752075,
        0.3559246063232422
    ],
    "test_r2_history": [
        -0.983944296836853,
        -0.6650248765945435,
        0.17812401056289673,
        0.23913276195526123,
        0.09182780981063843,
        0.510205864906311,
        0.59415602684021,
        0.18714946508407593,
        0.2917148470878601,
        0.7602167129516602,
        0.15541952848434448,
        0.4875439405441284,
        -0.032158613204956055,
        0.20847594738006592,
        0.5021649599075317,
        0.5052522420883179,
        0.7171809077262878,
        0.531541645526886,
        0.5148899555206299,
        0.4448765516281128,
        0.5483886003494263,
        0.47758400440216064,
        0.7290682792663574,
        0.725666880607605,
        0.6740201711654663,
        0.6453306078910828,
        0.4924778342247009,
        0.539146900177002,
        0.6076349020004272
    ],
    "train_loss_history": [
        1.629460073179669,
        1.3990530338552263,
        1.3354772561126285,
        0.9770140382978652,
        0.7738960418436263,
        1.3127874235312145,
        1.1597425176037683,
        0.8880315091874864,
        0.855845817261272,
        0.8080987930297852,
        1.0052596976359685,
        1.0888568013906479,
        1.0953664183616638,
        1.013732565773858,
        0.9240520397822062,
        0.8335672467947006,
        1.0712395525640912,
        0.8696049865749147,
        0.807389603720771,
        0.7647581083907021,
        0.8850780692365434,
        0.7457489255401824,
        0.57376386390792,
        0.7472653190294901,
        0.6378075844711728,
        0.7336134173803859,
        0.470441239575545,
        0.711864721443918,
        0.6605988856818941
    ],
    "test_loss_history": [
        2.0275864601135254,
        1.7016515731811523,
        0.8399552702903748,
        0.7776045799255371,
        0.9281498789787292,
        0.5005683898925781,
        0.41477152705192566,
        0.8307312726974487,
        0.7238656878471375,
        0.24505794048309326,
        0.8631591796875,
        0.5237288475036621,
        1.0548638105392456,
        0.8089357018470764,
        0.5087862610816956,
        0.5056309700012207,
        0.2890404164791107,
        0.4787633419036865,
        0.4957813024520874,
        0.5673348307609558,
        0.46154579520225525,
        0.5339078903198242,
        0.2768915891647339,
        0.2803678512573242,
        0.33315059542655945,
        0.3624712824821472,
        0.5186864733695984,
        0.47099071741104126,
        0.40099620819091797
    ]
}