{
    "num_conv_blocks": 4,
    "initial_channels": 64,
    "dropout_rate": 0.33,
    "learning_rate": 0.001,
    "best_test_r2": 0.8280911445617676,
    "best_test_loss": 0.17569048702716827,
    "final_train_r2": 0.4231787919998169,
    "train_r2_history": [
        -0.673174262046814,
        -0.44199037551879883,
        -0.8684351444244385,
        -0.32476627826690674,
        -0.09175682067871094,
        0.021790683269500732,
        -0.1812649965286255,
        0.11925888061523438,
        0.08999818563461304,
        -0.10390746593475342,
        0.09775084257125854,
        -0.021207332611083984,
        0.08964282274246216,
        0.20852714776992798,
        0.13388502597808838,
        0.18159258365631104,
        0.34248942136764526,
        0.3618509769439697,
        0.29106515645980835,
        0.34290534257888794,
        0.4624083638191223,
        0.16017299890518188,
        0.24746519327163696,
        0.2652570605278015,
        0.31174224615097046,
        0.1984950304031372,
        0.43833738565444946,
        0.3186463713645935,
        0.3359043002128601,
        0.44086354970932007,
        0.516900897026062,
        0.3309323191642761,
        0.40002524852752686,
        0.2640061378479004,
        0.4671051502227783,
        0.2346673607826233,
        0.39224547147750854,
        0.5782057046890259,
        0.37451380491256714,
        0.5038513541221619,
        0.34709662199020386,
        0.3818756937980652,
        0.43526047468185425,
        0.3692582845687866,
        0.4288715124130249,
        0.5498188734054565,
        0.5189957022666931,
        0.4231787919998169
    ],
    "test_r2_history": [
        -0.22678899765014648,
        -0.013676166534423828,
        0.08673292398452759,
        -0.07233536243438721,
        0.6917792558670044,
        0.5616713166236877,
        0.6166489720344543,
        0.7248374223709106,
        0.37563014030456543,
        0.6209264993667603,
        0.5628314018249512,
        0.19271451234817505,
        0.15073883533477783,
        0.6503403186798096,
        0.7744607925415039,
        0.8061473369598389,
        0.8159185647964478,
        0.8025439381599426,
        0.4430704116821289,
        0.5200339555740356,
        0.7483855485916138,
        0.7300751209259033,
        0.7818057537078857,
        0.6523387432098389,
        0.7313483953475952,
        0.6504863500595093,
        0.6330164670944214,
        0.6017625331878662,
        0.8280911445617676,
        0.764418363571167,
        0.6628667116165161,
        0.5899503231048584,
        0.7046808004379272,
        0.7092317342758179,
        0.6433573365211487,
        0.6479218006134033,
        0.6651405692100525,
        0.6928012371063232,
        0.7201182842254639,
        0.658878743648529,
        0.709350049495697,
        0.7044634222984314,
        0.6784558296203613,
        0.698293924331665,
        0.6764670610427856,
        0.6940299868583679,
        0.668912410736084,
        0.7212926149368286
    ],
    "train_loss_history": [
        1.726396729548772,
        1.4804974562591977,
        1.9100130432181888,
        1.3730797270933788,
        1.149267441696591,
        1.0301244192653232,
        1.2228645847903357,
        0.9145630929205153,
        0.9452537695566813,
        1.1267917719152238,
        0.9334507700469759,
        1.0570678843392267,
        0.9401272270414565,
        0.8264117389917374,
        0.8894155952665541,
        0.8500844803121355,
        0.681247192952368,
        0.6668508946895599,
        0.7385207315286001,
        0.6961217373609543,
        0.5588660852776633,
        0.8551286475525962,
        0.7865206897258759,
        0.7607119629780451,
        0.7198784649372101,
        0.827337321307924,
        0.5897699346144994,
        0.7164191289080514,
        0.6903915819194582,
        0.5822434855831994,
        0.5025172084569931,
        0.6967766069703631,
        0.6103571752707163,
        0.7515690094894834,
        0.5497845063606898,
        0.7999436010917028,
        0.6474230256345537,
        0.43862692680623794,
        0.6524108515845405,
        0.529458537697792,
        0.6799126664797465,
        0.6384310921033224,
        0.6021961917479833,
        0.645686247282558,
        0.5967745184898376,
        0.4658850149975883,
        0.4981396545966466,
        0.5911435104078717
    ],
    "test_loss_history": [
        1.2537754774093628,
        1.0359746217727661,
        0.9333569407463074,
        1.0959242582321167,
        0.31500086188316345,
        0.44797083735466003,
        0.39178380370140076,
        0.28121551871299744,
        0.6381045579910278,
        0.38741225004196167,
        0.44678524136543274,
        0.8250439763069153,
        0.8679429292678833,
        0.3573513925075531,
        0.23050057888031006,
        0.1981169581413269,
        0.18813078105449677,
        0.20179963111877441,
        0.5691806674003601,
        0.49052417278289795,
        0.2571493685245514,
        0.27586251497268677,
        0.22299398481845856,
        0.35530900955200195,
        0.2745613157749176,
        0.35720211267471313,
        0.37505626678466797,
        0.40699777007102966,
        0.17569048702716827,
        0.24076390266418457,
        0.34454941749572754,
        0.4190698266029358,
        0.30181556940078735,
        0.2971644401550293,
        0.36448800563812256,
        0.3598231375217438,
        0.3422255516052246,
        0.31395643949508667,
        0.28603848814964294,
        0.34862515330314636,
        0.2970435619354248,
        0.30203768610954285,
        0.3286173343658447,
        0.30834290385246277,
        0.3306499421596527,
        0.31270065903663635,
        0.33837077021598816,
        0.28483834862709045
    ]
}