{
    "num_conv_blocks": 4,
    "initial_channels": 32,
    "dropout_rate": 0.33,
    "learning_rate": 0.0001,
    "best_test_r2": 0.6281259059906006,
    "best_test_loss": 20.964277267456055,
    "final_train_r2": 0.6540423631668091,
    "train_r2_history": [
        -0.2460695505142212,
        -0.11335384845733643,
        -0.020847082138061523,
        0.039070069789886475,
        0.11507213115692139,
        0.20976299047470093,
        0.24520736932754517,
        0.36690181493759155,
        0.24100333452224731,
        0.3367881178855896,
        0.33787351846694946,
        0.1649286150932312,
        0.22995221614837646,
        0.32168692350387573,
        0.3797931671142578,
        0.47315502166748047,
        0.47415322065353394,
        0.2566913962364197,
        0.4001607298851013,
        0.4236615300178528,
        0.3675299286842346,
        0.3722236156463623,
        0.4783647060394287,
        0.47975730895996094,
        0.6113420724868774,
        0.44379401206970215,
        0.3755943179130554,
        0.48106080293655396,
        0.5418890714645386,
        0.5525250434875488,
        0.6063129901885986,
        0.6801799535751343,
        0.48885661363601685,
        0.5270140171051025,
        0.5412870645523071,
        0.6451575756072998,
        0.6774697303771973,
        0.5771166086196899,
        0.6220686435699463,
        0.5900599956512451,
        0.6220439672470093,
        0.7076606750488281,
        0.5690442323684692,
        0.5439245700836182,
        0.6037470102310181,
        0.648367166519165,
        0.4703372120857239,
        0.6768447160720825,
        0.5223084092140198,
        0.6540423631668091
    ],
    "test_r2_history": [
        -0.3677481412887573,
        -0.2824608087539673,
        -0.1813288927078247,
        -0.10691487789154053,
        -0.04577016830444336,
        0.1925441026687622,
        0.4398616552352905,
        0.4704117178916931,
        0.4320381283760071,
        0.338985800743103,
        0.2993205189704895,
        0.2010122537612915,
        0.3522167205810547,
        0.4883326292037964,
        0.5490258932113647,
        0.5311279296875,
        0.20632261037826538,
        0.4392140507698059,
        0.5057787895202637,
        0.624950110912323,
        0.34503090381622314,
        0.3694104552268982,
        0.5659536123275757,
        0.557295560836792,
        0.4620465040206909,
        0.44412320852279663,
        0.5148190855979919,
        0.5485563278198242,
        0.5495383739471436,
        0.5704555511474609,
        0.6281259059906006,
        0.5671849846839905,
        0.5917945504188538,
        0.5958893895149231,
        0.5662141442298889,
        0.5717365741729736,
        0.6066604852676392,
        0.5756438970565796,
        0.570036768913269,
        0.5728096961975098,
        0.5508869290351868,
        0.605762243270874,
        0.6228553056716919,
        0.6206597089767456,
        0.5766041874885559,
        0.546241283416748,
        0.5314816832542419,
        0.5343632698059082,
        0.551367998123169,
        0.5456274747848511
    ],
    "train_loss_history": [
        37.842118157280815,
        33.89051532745361,
        31.022897826300728,
        29.23911730448405,
        26.870688438415527,
        24.0875825881958,
        23.24612702263726,
        19.384697967105442,
        23.28058698442247,
        20.102942413753933,
        20.41662809583876,
        25.38719081878662,
        23.583647198147244,
        20.707853423224556,
        18.68398004108005,
        16.14429579840766,
        16.026557392544216,
        22.627484798431396,
        18.23717424604628,
        17.616881714926826,
        19.402199851142036,
        19.072523434956867,
        15.986067824893528,
        15.875592443678114,
        11.982667790518867,
        17.460384686787922,
        18.94418372048272,
        15.998454994625515,
        13.863308164808485,
        13.782513777414957,
        11.87199256155226,
        9.794603294796413,
        15.711117956373426,
        14.311088456047905,
        13.88924397362603,
        10.999678611755371,
        10.005694230397543,
        12.822456227408516,
        11.70082794295417,
        12.380042235056559,
        11.658166329065958,
        8.864147928025988,
        13.423730346891615,
        14.160226821899414,
        12.019621478186714,
        10.804650465647379,
        16.47423240873549,
        9.847274250454372,
        14.563754028744167,
        10.815971374511719
    ],
    "test_loss_history": [
        77.10633850097656,
        72.29829406738281,
        66.59700012207031,
        62.401947021484375,
        58.95493698120117,
        45.520050048828125,
        31.577604293823242,
        29.855358123779297,
        32.018653869628906,
        37.26445007324219,
        39.50056457519531,
        45.042659759521484,
        36.51856231689453,
        28.84507179260254,
        25.423513412475586,
        26.432498931884766,
        44.7432861328125,
        31.61411476135254,
        27.861553192138672,
        21.143308639526367,
        36.92365646362305,
        35.54927062988281,
        24.46921730041504,
        24.95730972290039,
        30.326946258544922,
        31.337364196777344,
        27.35190773010254,
        25.44998550415039,
        25.394620895385742,
        24.215415954589844,
        20.964277267456055,
        24.399797439575195,
        23.01244354248047,
        22.781597137451172,
        24.45452880859375,
        24.143205642700195,
        22.174381256103516,
        23.92293357849121,
        24.239028930664062,
        24.082706451416016,
        25.3185977935791,
        22.225019454956055,
        21.261402130126953,
        21.385177612304688,
        23.868791580200195,
        25.58049201965332,
        26.412559509277344,
        26.25010871887207,
        25.291479110717773,
        25.615093231201172
    ]
}