{
    "num_conv_blocks": 2,
    "initial_channels": 64,
    "dropout_rate": 0.33,
    "learning_rate": 0.0001,
    "best_test_r2": 0.5155010223388672,
    "best_test_loss": 163.269287109375,
    "final_train_r2": 0.6823052763938904,
    "train_r2_history": [
        -2.3852760791778564,
        -0.5711950063705444,
        -0.011577010154724121,
        0.013753652572631836,
        0.10704439878463745,
        0.1537284255027771,
        0.2560521960258484,
        0.04678678512573242,
        0.22905057668685913,
        0.12654489278793335,
        0.16481804847717285,
        0.475313663482666,
        0.4205273985862732,
        0.27790766954421997,
        0.34705209732055664,
        0.3997207283973694,
        0.3081744909286499,
        0.2934114933013916,
        0.4767603874206543,
        0.4520031809806824,
        0.595726490020752,
        0.45942139625549316,
        0.47747260332107544,
        0.4879198670387268,
        0.5821521878242493,
        0.4983298182487488,
        0.5373537540435791,
        0.5086237192153931,
        0.6032606363296509,
        0.5338849425315857,
        0.4857146739959717,
        0.4733770489692688,
        0.46427440643310547,
        0.6060034036636353,
        0.4830610752105713,
        0.45517122745513916,
        0.5296295881271362,
        0.40322715044021606,
        0.41912370920181274,
        0.6823052763938904
    ],
    "test_r2_history": [
        -3.274402618408203,
        -2.2609615325927734,
        -1.0312819480895996,
        -0.46506989002227783,
        -0.295721173286438,
        -0.1155996322631836,
        0.19068455696105957,
        0.2723543047904968,
        0.412419855594635,
        0.38294321298599243,
        0.47762614488601685,
        0.4849364757537842,
        0.31380635499954224,
        0.3218344449996948,
        0.3566311001777649,
        0.4027182459831238,
        0.3706320524215698,
        0.3687596321105957,
        0.4229418635368347,
        0.5065571069717407,
        0.5155010223388672,
        0.50020831823349,
        0.4887229800224304,
        0.42182397842407227,
        0.4185611605644226,
        0.49809277057647705,
        0.4787771701812744,
        0.42088866233825684,
        0.44393491744995117,
        0.4568106532096863,
        0.4421733617782593,
        0.4180811643600464,
        0.46567243337631226,
        0.49340999126434326,
        0.48292219638824463,
        0.47421371936798096,
        0.45494741201400757,
        0.46226441860198975,
        0.4581185579299927,
        0.4473041892051697
    ],
    "train_loss_history": [
        1164.3026529947917,
        544.3915049235026,
        353.64700486924914,
        343.1674092610677,
        306.0066850450304,
        293.93965318467883,
        263.23951721191406,
        329.4879955715603,
        266.4229736328125,
        303.5874837239583,
        289.0201899210612,
        183.15574264526367,
        203.1639904446072,
        251.39410654703775,
        228.0696004231771,
        209.7350116305881,
        240.04932827419705,
        245.35199228922525,
        181.9911643134223,
        190.33040025499133,
        141.74518839518228,
        186.81153361002603,
        184.00475777520074,
        178.08489184909396,
        146.1471447414822,
        176.13563537597656,
        158.46631791856555,
        171.38064914279514,
        144.07662963867188,
        161.90342712402344,
        180.11560906304254,
        181.5895029703776,
        183.83199734157986,
        137.01241556803384,
        181.64574559529623,
        190.84784952799478,
        162.97111341688367,
        208.19704098171658,
        198.88772583007812,
        112.31929842631023
    ],
    "test_loss_history": [
        1440.4130859375,
        1098.89794921875,
        684.5132446289062,
        493.707763671875,
        436.63958740234375,
        375.9412841796875,
        272.727783203125,
        245.20626831054688,
        198.00619506835938,
        207.93934631347656,
        176.03256225585938,
        173.569091796875,
        231.23753356933594,
        228.53216552734375,
        216.8061981201172,
        201.2754669189453,
        212.08807373046875,
        212.71902465820312,
        194.46043395996094,
        166.2832489013672,
        163.269287109375,
        168.4226837158203,
        172.2930908203125,
        194.8371124267578,
        195.93666076660156,
        169.1356201171875,
        175.6446990966797,
        195.15228271484375,
        187.38601684570312,
        183.04710388183594,
        187.97962951660156,
        196.09837341308594,
        180.060791015625,
        170.713623046875,
        174.2478790283203,
        177.18252563476562,
        183.67498779296875,
        181.2092742919922,
        182.6063690185547,
        186.2506561279297
    ]
}