{
    "num_conv_blocks": 2,
    "initial_channels": 16,
    "dropout_rate": 0.33,
    "learning_rate": 0.001,
    "best_test_r2": 0.47219687700271606,
    "best_test_loss": 177.8621368408203,
    "final_train_r2": 0.4164867401123047,
    "train_r2_history": [
        -1.1574313640594482,
        -0.5976541042327881,
        -0.17526161670684814,
        -0.06392073631286621,
        -0.398761510848999,
        0.0332072377204895,
        0.04870980978012085,
        -0.2392657995223999,
        0.2070993185043335,
        -0.02413773536682129,
        0.18097609281539917,
        0.24226194620132446,
        -0.20789635181427002,
        0.27682816982269287,
        -0.05571126937866211,
        0.18605971336364746,
        0.14986854791641235,
        0.05632656812667847,
        0.36492466926574707,
        0.3136228322982788,
        0.3906126022338867,
        0.3458705544471741,
        0.31150001287460327,
        0.2535078525543213,
        0.3531997799873352,
        0.3839445114135742,
        0.36102694272994995,
        0.21516406536102295,
        0.5621465444564819,
        0.3887074589729309,
        0.23132038116455078,
        0.2051677703857422,
        0.4163929224014282,
        0.46944332122802734,
        0.45510441064834595,
        0.5846220254898071,
        0.29827427864074707,
        0.38796764612197876,
        0.4974907636642456,
        0.34497082233428955,
        0.4164867401123047
    ],
    "test_r2_history": [
        -1.4872901439666748,
        -1.4086730480194092,
        -0.035825133323669434,
        -0.08056330680847168,
        -0.468591570854187,
        -0.2494603395462036,
        0.2718161344528198,
        0.20100927352905273,
        0.4578230381011963,
        0.1784549355506897,
        0.4581559896469116,
        0.2546411156654358,
        0.2573302388191223,
        0.32173508405685425,
        0.24197179079055786,
        0.34688621759414673,
        0.4029988646507263,
        0.4237462878227234,
        0.417236864566803,
        0.3485898971557617,
        0.42998969554901123,
        0.47219687700271606,
        0.4356047511100769,
        0.36827945709228516,
        0.4195554256439209,
        0.3891822099685669,
        0.33698493242263794,
        0.36454927921295166,
        0.3542520999908447,
        0.42239636182785034,
        0.47177642583847046,
        0.3526952862739563,
        0.35567426681518555,
        0.45221489667892456,
        0.44878703355789185,
        0.4492059350013733,
        0.39600515365600586,
        0.32955390214920044,
        0.33508729934692383,
        0.3850278854370117,
        0.41640305519104004
    ],
    "train_loss_history": [
        747.8266872829861,
        553.6580471462673,
        411.28173065185547,
        366.1646508110894,
        481.38851589626734,
        333.9047359890408,
        329.3811264038086,
        424.7422849867079,
        273.9458770751953,
        352.94417572021484,
        292.7052281697591,
        266.229504055447,
        418.8296356201172,
        251.9344685872396,
        367.7142079671224,
        286.13470289442273,
        294.4404652913411,
        328.7608642578125,
        222.33418655395508,
        241.47401470608182,
        210.6003875732422,
        228.64770083957248,
        238.60559378729926,
        257.36111534966363,
        225.7123319837782,
        211.63226487901477,
        225.96536763509116,
        280.323614332411,
        152.9016121758355,
        211.03736199273004,
        270.3280995686849,
        274.121588812934,
        202.66937510172525,
        185.083492702908,
        187.82643466525607,
        144.69680447048611,
        245.73385959201389,
        211.80057017008463,
        175.70682949490018,
        224.39192877875433,
        204.64645300971137
    ],
    "test_loss_history": [
        838.1815185546875,
        811.6885986328125,
        349.058349609375,
        364.134521484375,
        494.89447021484375,
        421.0504455566406,
        245.3876190185547,
        269.24853515625,
        182.70596313476562,
        276.8489990234375,
        182.59375,
        251.1753387451172,
        250.2691650390625,
        228.56565856933594,
        255.44471740722656,
        220.09005737304688,
        201.18093872070312,
        194.1893310546875,
        196.38290405273438,
        219.51596069335938,
        192.08538818359375,
        177.8621368408203,
        190.1931915283203,
        212.880859375,
        195.6015625,
        205.8369140625,
        223.42672729492188,
        214.13787841796875,
        217.60787963867188,
        194.6442413330078,
        178.00384521484375,
        218.13250732421875,
        217.12860107421875,
        184.59584045410156,
        185.75094604492188,
        185.6097869873047,
        203.53773498535156,
        225.93080139160156,
        224.06614685058594,
        207.2368621826172,
        196.66390991210938
    ]
}