{
    "num_conv_blocks": 3,
    "initial_channels": 32,
    "dropout_rate": 0.33,
    "learning_rate": 0.0001,
    "best_test_r2": 0.5443679094314575,
    "best_test_loss": 0.4656549394130707,
    "final_train_r2": 0.3999142050743103,
    "train_r2_history": [
        -1.078516960144043,
        -0.0944068431854248,
        0.06586825847625732,
        0.06353998184204102,
        -0.22728562355041504,
        0.12047284841537476,
        0.2372477650642395,
        0.2746533155441284,
        0.2866199016571045,
        0.1047939658164978,
        0.010424494743347168,
        0.2604677081108093,
        0.2803768515586853,
        0.016927063465118408,
        -0.007052302360534668,
        0.12405568361282349,
        0.27573156356811523,
        0.13254010677337646,
        0.3563283681869507,
        0.47878098487854004,
        0.1874631643295288,
        0.22903215885162354,
        0.34522706270217896,
        0.395995557308197,
        0.2826395034790039,
        0.39160192012786865,
        0.4263301491737366,
        0.3834226131439209,
        0.29990893602371216,
        0.18417352437973022,
        0.39835208654403687,
        0.5004321932792664,
        0.3336372375488281,
        0.45167654752731323,
        0.43561989068984985,
        0.3542037010192871,
        0.42285722494125366,
        0.3106604814529419,
        0.4428839087486267,
        0.4896846413612366,
        0.40563875436782837,
        0.4453524947166443,
        0.27869218587875366,
        0.3460721969604492,
        0.3999142050743103
    ],
    "test_r2_history": [
        -1.4279396533966064,
        -1.0205323696136475,
        -0.915251612663269,
        -0.4795140027999878,
        -0.308993935585022,
        -0.08085930347442627,
        0.41072553396224976,
        0.5059880018234253,
        0.5272406339645386,
        0.3127187490463257,
        0.29405802488327026,
        0.31633061170578003,
        0.317147433757782,
        0.35659825801849365,
        0.30566900968551636,
        0.18873447179794312,
        0.3094205856323242,
        0.3170962333679199,
        0.4990350604057312,
        0.5111778378486633,
        0.4782702922821045,
        0.4205179810523987,
        0.44982242584228516,
        0.4980051517486572,
        0.5168379545211792,
        0.5443679094314575,
        0.4802824854850769,
        0.47253715991973877,
        0.4906294345855713,
        0.504690408706665,
        0.4464787244796753,
        0.4851154685020447,
        0.5192797183990479,
        0.5320711135864258,
        0.5112141370773315,
        0.508351743221283,
        0.4488433599472046,
        0.5076161026954651,
        0.4781133532524109,
        0.4771258234977722,
        0.48476237058639526,
        0.4988285303115845,
        0.5177223682403564,
        0.5243320465087891,
        0.5205017924308777
    ],
    "train_loss_history": [
        2.130253573258718,
        1.131357987721761,
        0.9722690118683709,
        0.9664749867386289,
        1.2630851831701067,
        0.9056028318074014,
        0.7860868556631936,
        0.7480245696173774,
        0.7410433491071066,
        0.9243806567456987,
        1.035481121804979,
        0.7556646979517407,
        0.7452312244309319,
        1.020200123389562,
        1.0344713462723627,
        0.8986448463466432,
        0.7437115940782759,
        0.9005293796459833,
        0.6619112971756194,
        0.5422094762325287,
        0.8348918093575372,
        0.8052845961517758,
        0.6749494274457296,
        0.6260083334313499,
        0.7544015612867143,
        0.6472506258222792,
        0.5872852388355467,
        0.6418548110458586,
        0.731657475233078,
        0.8505595839685864,
        0.6218966775470309,
        0.5197151311569743,
        0.6873992366923226,
        0.5614596754312515,
        0.5806000332037607,
        0.6592341148191028,
        0.5986621462636523,
        0.7160177164607577,
        0.5820179614755843,
        0.5321315758758121,
        0.6102743165360557,
        0.5719605816735162,
        0.75171669655376,
        0.6791038678752052,
        0.6216539326641295
    ],
    "test_loss_history": [
        2.481348752975464,
        2.0649795532226562,
        1.9573825597763062,
        1.5120600461959839,
        1.3377889394760132,
        1.1046355962753296,
        0.6022371649742126,
        0.5048791170120239,
        0.48315900564193726,
        0.7023999094963074,
        0.7214710712432861,
        0.6987085342407227,
        0.6978737711906433,
        0.657555103302002,
        0.7096046209335327,
        0.8291115760803223,
        0.7057704925537109,
        0.6979260444641113,
        0.5119849443435669,
        0.499575138092041,
        0.5332065224647522,
        0.5922292470932007,
        0.5622801780700684,
        0.5130375027656555,
        0.49379047751426697,
        0.4656549394130707,
        0.5311501026153564,
        0.5390657782554626,
        0.5205755233764648,
        0.5062052607536316,
        0.5656974911689758,
        0.5262107849121094,
        0.4912949502468109,
        0.4782222509384155,
        0.49953803420066833,
        0.5024633407592773,
        0.5632807612419128,
        0.5032152533531189,
        0.5333669781684875,
        0.5343762040138245,
        0.5265717506408691,
        0.5121960639953613,
        0.49288663268089294,
        0.48613160848617554,
        0.49004608392715454
    ]
}