{
    "num_conv_blocks": 3,
    "initial_channels": 32,
    "dropout_rate": 0.33,
    "learning_rate": 0.0001,
    "best_test_r2": 0.4216957688331604,
    "best_test_loss": 194.8803253173828,
    "final_train_r2": 0.41455769538879395,
    "train_r2_history": [
        -2.834923267364502,
        -1.7223806381225586,
        -0.32223403453826904,
        0.05195438861846924,
        0.1207771897315979,
        0.25612038373947144,
        0.22551357746124268,
        0.18375349044799805,
        0.37371915578842163,
        0.04661405086517334,
        0.40808218717575073,
        0.2761825919151306,
        0.10269683599472046,
        0.2773750424385071,
        0.11655420064926147,
        0.320440411567688,
        0.3434828519821167,
        0.25081634521484375,
        0.27300429344177246,
        0.3495537042617798,
        0.4055536985397339,
        0.5154970288276672,
        0.3916139602661133,
        0.2611568570137024,
        0.323727011680603,
        0.28902631998062134,
        0.3513684868812561,
        0.39057600498199463,
        0.3338698744773865,
        0.4285336136817932,
        0.45001375675201416,
        0.336345911026001,
        0.3328794836997986,
        0.36685043573379517,
        0.32052117586135864,
        0.34394603967666626,
        0.4195149540901184,
        0.4388185143470764,
        0.4557947516441345,
        0.41455769538879395
    ],
    "test_r2_history": [
        -3.479405403137207,
        -3.012241840362549,
        -2.2559094429016113,
        -1.5714178085327148,
        -1.2851686477661133,
        -0.9856885671615601,
        -0.6227420568466187,
        -0.27417731285095215,
        -0.038887977600097656,
        -0.17758798599243164,
        -0.008162975311279297,
        -0.051960110664367676,
        0.045300960540771484,
        0.14103424549102783,
        0.3665260076522827,
        0.2765216827392578,
        0.1947879195213318,
        0.37851619720458984,
        0.26807260513305664,
        0.23061597347259521,
        0.4216957688331604,
        0.41050922870635986,
        0.3348845839500427,
        0.17878121137619019,
        0.28362536430358887,
        0.3660051226615906,
        0.32845211029052734,
        0.2940351963043213,
        0.3023343086242676,
        0.2990269064903259,
        0.28007227182388306,
        0.26409459114074707,
        0.3148304224014282,
        0.2877194285392761,
        0.23500120639801025,
        0.24214208126068115,
        0.24762296676635742,
        0.2715693712234497,
        0.31617945432662964,
        0.3401656150817871
    ],
    "train_loss_history": [
        1325.8016967773438,
        937.931644015842,
        454.41455078125,
        333.2112053765191,
        311.7680079142253,
        257.7066718207465,
        268.79124450683594,
        281.29315863715277,
        220.21290503607855,
        333.13195461697046,
        207.0355987548828,
        253.0285907321506,
        315.88563368055554,
        250.36908976236978,
        304.0534269544813,
        237.04897223578558,
        231.20159657796225,
        259.92962053087024,
        259.09323035346137,
        224.5416628519694,
        203.90228017171225,
        169.85396236843533,
        211.6012780931261,
        257.97660149468317,
        235.6294331020779,
        246.22655741373697,
        224.09019554985895,
        212.41117562188043,
        234.48513793945312,
        198.11270989312067,
        189.7327766418457,
        230.6915668911404,
        230.59122297498914,
        221.00071631537543,
        238.00901963975696,
        228.06311798095703,
        200.12413448757596,
        193.6067657470703,
        189.08928680419922,
        203.23580932617188
    ],
    "test_loss_history": [
        1509.49609375,
        1352.0684814453125,
        1097.1953125,
        866.53125,
        770.0692749023438,
        669.14892578125,
        546.8410034179688,
        429.379638671875,
        350.0904846191406,
        396.8304443359375,
        339.7366027832031,
        354.4956359863281,
        321.7200012207031,
        289.4592590332031,
        213.47177124023438,
        243.80194091796875,
        271.34503173828125,
        209.4311981201172,
        246.64915466308594,
        259.271484375,
        194.8803253173828,
        198.65003967285156,
        224.13446044921875,
        276.7391052246094,
        241.4080810546875,
        213.64724731445312,
        226.30209350585938,
        237.90008544921875,
        235.10348510742188,
        236.21798706054688,
        242.60543823242188,
        247.9896697998047,
        230.8924560546875,
        240.0284423828125,
        257.7937316894531,
        255.3873748779297,
        253.5403594970703,
        245.4707794189453,
        230.4378204345703,
        222.3548126220703
    ]
}