{
    "num_conv_blocks": 3,
    "initial_channels": 64,
    "dropout_rate": 0.33,
    "learning_rate": 0.001,
    "best_test_r2": 0.4290323853492737,
    "best_test_loss": 5.9727301597595215,
    "final_train_r2": -0.8013501167297363,
    "train_r2_history": [
        -14.280648231506348,
        -6.748490810394287,
        -3.3350119590759277,
        -3.548837184906006,
        -2.5666701793670654,
        -2.1614859104156494,
        -2.4850292205810547,
        -1.2714486122131348,
        -2.0457077026367188,
        -1.7332062721252441,
        -2.059412717819214,
        -1.7339167594909668,
        -1.6924986839294434,
        -1.5257484912872314,
        -1.741621732711792,
        -1.7614848613739014,
        -1.886359691619873,
        -0.7484017610549927,
        -2.175238847732544,
        -1.3835866451263428,
        -1.9074342250823975,
        -1.76491379737854,
        -0.8861186504364014,
        -1.2196855545043945,
        -1.786067247390747,
        -1.6891674995422363,
        -1.5437839031219482,
        -0.9592760801315308,
        -1.935283899307251,
        -1.2610859870910645,
        -0.8108729124069214,
        -0.5788402557373047,
        -0.7919629812240601,
        -1.3992371559143066,
        -0.6230299472808838,
        -0.9318711757659912,
        -0.865648627281189,
        -0.766769289970398,
        -0.9080203771591187,
        -0.898802638053894,
        -0.9470392465591431,
        -0.5702475309371948,
        -0.770453691482544,
        -0.8681955337524414,
        -0.7873115539550781,
        -0.3865267038345337,
        -0.84153151512146,
        -0.8963018655776978,
        -0.7463717460632324,
        -0.8013501167297363
    ],
    "test_r2_history": [
        -20.19548225402832,
        -0.7685259580612183,
        -9.834098815917969,
        -1.352210521697998,
        -0.8051501512527466,
        -0.44705915451049805,
        -2.3051130771636963,
        -0.39351391792297363,
        -0.39754199981689453,
        -0.5194345712661743,
        -0.6803622245788574,
        0.11265528202056885,
        -0.5307461023330688,
        -0.3501018285751343,
        0.4109373688697815,
        -1.3813204765319824,
        -1.6581275463104248,
        0.12551480531692505,
        -0.3860098123550415,
        -0.4754340648651123,
        -0.3797873258590698,
        -0.7401021718978882,
        0.21705985069274902,
        0.3109615445137024,
        -1.2035412788391113,
        -0.001971125602722168,
        -0.11957335472106934,
        -0.015611410140991211,
        0.06033354997634888,
        -0.14156973361968994,
        0.4290323853492737,
        0.2799595594406128,
        0.22166305780410767,
        -0.10759103298187256,
        -0.14476335048675537,
        0.06228107213973999,
        0.27587878704071045,
        0.1956595778465271,
        0.046301305294036865,
        0.16491955518722534,
        0.05827289819717407,
        0.3401883840560913,
        0.1270381212234497,
        0.14879286289215088,
        0.15769851207733154,
        0.2574348449707031,
        0.23853754997253418,
        0.1403527855873108,
        -0.01935887336730957,
        -0.20689094066619873
    ],
    "train_loss_history": [
        152.8390295240614,
        76.883058336046,
        43.41646936204698,
        45.8664747873942,
        35.49879942999946,
        31.54583591885037,
        35.26326534483168,
        22.628736390007866,
        30.29200002882216,
        27.3711060418023,
        30.68026288350423,
        27.823871188693577,
        27.259810871548122,
        25.02088689804077,
        27.424709955851238,
        27.48186535305447,
        29.100754525926376,
        17.362802505493164,
        32.4786524242825,
        23.61651537153456,
        29.47970453898112,
        27.932275030348038,
        18.916415797339546,
        22.612948205735947,
        28.56820774078369,
        27.052532619900173,
        25.53894805908203,
        19.361490196651882,
        29.55880175696479,
        22.627866586049397,
        17.966720051235622,
        15.690204699834188,
        17.895247565375435,
        24.634450064765083,
        16.209781434800888,
        19.2194308174981,
        18.830548392401802,
        17.514489385816788,
        19.54710117975871,
        18.857458220587837,
        19.522392908732098,
        15.722050189971924,
        17.441497166951496,
        18.544456217024063,
        17.766699473063152,
        13.771228154500326,
        18.293381267123753,
        18.65376615524292,
        17.57092089123196,
        18.36655741267734
    ],
    "test_loss_history": [
        221.71990966796875,
        18.50004768371582,
        113.33243560791016,
        24.60580825805664,
        18.883163452148438,
        15.137273788452148,
        34.573848724365234,
        14.577154159545898,
        14.619291305541992,
        15.894373893737793,
        17.577789306640625,
        9.282259941101074,
        16.012699127197266,
        14.123030662536621,
        6.16201639175415,
        24.910320281982422,
        27.805919647216797,
        9.147741317749023,
        14.498655319213867,
        15.434096336364746,
        14.433563232421875,
        18.202714920043945,
        8.19011402130127,
        7.207834720611572,
        23.050621032714844,
        10.48133373260498,
        11.711538314819336,
        10.6240234375,
        9.829584121704102,
        11.94163703918457,
        5.9727301597595215,
        7.532137393951416,
        8.141961097717285,
        11.586193084716797,
        11.975045204162598,
        9.809210777282715,
        7.574825763702393,
        8.413976669311523,
        9.976371765136719,
        8.735539436340332,
        9.8511381149292,
        6.902101039886475,
        9.131805419921875,
        8.90423583984375,
        8.811076164245605,
        7.767763614654541,
        7.965441703796387,
        8.992526054382324,
        10.663224220275879,
        12.624943733215332
    ]
}