{
    "num_conv_blocks": 4,
    "initial_channels": 16,
    "dropout_rate": 0.33,
    "learning_rate": 0.0001,
    "best_test_r2": 0.2272844910621643,
    "best_test_loss": 8.08315658569336,
    "final_train_r2": -0.6894508600234985,
    "train_r2_history": [
        -34.548126220703125,
        -30.524011611938477,
        -25.570796966552734,
        -19.754621505737305,
        -12.485709190368652,
        -6.386841773986816,
        -2.7829155921936035,
        -1.4153711795806885,
        -1.6932718753814697,
        -1.5664184093475342,
        -1.401888132095337,
        -1.853355884552002,
        -1.3801426887512207,
        -1.5595262050628662,
        -1.0268886089324951,
        -1.7128665447235107,
        -1.3856606483459473,
        -1.4825291633605957,
        -1.0163304805755615,
        -0.9993984699249268,
        -1.968496322631836,
        -1.030695915222168,
        -1.6243069171905518,
        -1.2388458251953125,
        -1.168459415435791,
        -1.60738205909729,
        -2.315833568572998,
        -0.8341047763824463,
        -1.155935287475586,
        -1.3065006732940674,
        -1.0666742324829102,
        -1.0905895233154297,
        -0.5431386232376099,
        -0.9939550161361694,
        -0.7622162103652954,
        -1.480560541152954,
        -1.0359132289886475,
        -0.7764800786972046,
        -1.0529029369354248,
        -0.8916060924530029,
        -0.8483835458755493,
        -1.2131390571594238,
        -0.7189242839813232,
        -1.204920768737793,
        -0.9972559213638306,
        -1.223099708557129,
        -0.6916370391845703,
        -0.8154897689819336,
        -1.4674627780914307,
        -1.0735530853271484,
        -1.3249194622039795,
        -0.6722358465194702,
        -0.7578115463256836,
        -1.2051854133605957,
        -1.03236722946167,
        -0.9076353311538696,
        -0.7170885801315308,
        -1.22175931930542,
        -0.6894508600234985
    ],
    "test_r2_history": [
        -33.87855529785156,
        -32.81456756591797,
        -30.826587677001953,
        -27.012475967407227,
        -21.2590274810791,
        -13.570980072021484,
        -6.950011253356934,
        -3.6998238563537598,
        -2.8027918338775635,
        -1.0001029968261719,
        -0.8860368728637695,
        -0.3374549150466919,
        -0.016693472862243652,
        -0.4029761552810669,
        -0.6675271987915039,
        -0.19386494159698486,
        0.01058739423751831,
        -0.5780620574951172,
        -0.8269654512405396,
        -0.700141429901123,
        -0.17742860317230225,
        -0.35729968547821045,
        -0.5144383907318115,
        -0.590362548828125,
        -0.30014681816101074,
        -0.10527324676513672,
        -0.03241109848022461,
        -0.14240825176239014,
        -0.11246967315673828,
        -0.07084035873413086,
        -0.04452347755432129,
        0.08937239646911621,
        0.11174380779266357,
        0.07760947942733765,
        0.07673031091690063,
        0.12098109722137451,
        0.16776496171951294,
        0.10026288032531738,
        0.11986333131790161,
        0.2272844910621643,
        0.18305641412734985,
        0.22516584396362305,
        0.07097995281219482,
        0.06273895502090454,
        0.03847384452819824,
        -0.14375591278076172,
        -0.09038376808166504,
        -0.0026824474334716797,
        0.0005740523338317871,
        0.030591607093811035,
        0.08834826946258545,
        0.17126888036727905,
        0.07634502649307251,
        0.11896568536758423,
        0.15695101022720337,
        0.1731589436531067,
        0.1808483600616455,
        0.12040120363235474,
        0.21360838413238525
    ],
    "train_loss_history": [
        356.1478441026476,
        315.6789839002821,
        265.7031029595269,
        206.77901713053384,
        134.93570963541666,
        73.61510848999023,
        37.56930372450087,
        24.01405398050944,
        27.308205604553223,
        25.48050022125244,
        23.771368503570557,
        28.43930435180664,
        23.995244185129803,
        25.536507924397785,
        20.050877041286892,
        26.807979689704048,
        23.577301767137314,
        24.481574376424152,
        20.256191041734482,
        20.11149639553494,
        29.462095472547745,
        20.369199328952366,
        26.6686184141371,
        22.290952682495117,
        22.414298905266655,
        26.269050386216904,
        33.666480700174965,
        18.514057000478108,
        21.731117248535156,
        23.1641362508138,
        20.979377852545845,
        20.81059678395589,
        15.342480659484863,
        19.815398110283745,
        18.064885828230118,
        24.776819282107883,
        21.04071511162652,
        17.54699452718099,
        20.76838143666585,
        18.684862984551323,
        18.325876235961914,
        23.099562644958496,
        17.35941261715359,
        22.1921034389072,
        20.118943479326035,
        22.484602822197807,
        16.955681588914658,
        18.42815531624688,
        25.51821274227566,
        20.65846930609809,
        23.781969918145073,
        16.664631101820206,
        17.284875949223835,
        22.234589258829754,
        20.390891604953342,
        19.127074665493435,
        17.187288337283665,
        22.273152775234646,
        16.71301195356581
    ],
    "test_loss_history": [
        364.8546447753906,
        353.7246398925781,
        332.92889404296875,
        293.0305480957031,
        232.84535217285156,
        152.42286682128906,
        83.16281127929688,
        49.16352081298828,
        39.77992630004883,
        20.92250633239746,
        19.72929573059082,
        13.990734100341797,
        10.63534164428711,
        14.676135063171387,
        17.44352912902832,
        12.488680839538574,
        10.34996509552002,
        16.507659912109375,
        19.111364364624023,
        17.784692764282227,
        12.316746711730957,
        14.198324203491211,
        15.842110633850098,
        16.636327743530273,
        13.60046672821045,
        11.5619478225708,
        10.799760818481445,
        11.950407981872559,
        11.637229919433594,
        11.201756477355957,
        10.92646312713623,
        9.525816917419434,
        9.29179573059082,
        9.64886474609375,
        9.658061981201172,
        9.195167541503906,
        8.70577335357666,
        9.411895751953125,
        9.206859588623047,
        8.08315658569336,
        8.545814514160156,
        8.105319023132324,
        9.71821403503418,
        9.804421424865723,
        10.058252334594727,
        11.964505195617676,
        11.406193733215332,
        10.488776206970215,
        10.454710006713867,
        10.140706062316895,
        9.536530494689941,
        8.669120788574219,
        9.662092208862305,
        9.2162504196167,
        8.818896293640137,
        8.649349212646484,
        8.568910598754883,
        9.20123291015625,
        8.226219177246094
    ]
}