{
    "num_conv_blocks": 3,
    "initial_channels": 32,
    "dropout_rate": 0.33,
    "learning_rate": 0.001,
    "best_test_r2": 0.4540114998817444,
    "best_test_loss": 5.711430549621582,
    "final_train_r2": -0.5599430799484253,
    "train_r2_history": [
        -12.49222469329834,
        -4.661028861999512,
        -2.9811854362487793,
        -2.92364501953125,
        -2.1756021976470947,
        -2.191988229751587,
        -2.990034580230713,
        -1.6069376468658447,
        -1.9225857257843018,
        -1.5984702110290527,
        -1.1889193058013916,
        -2.3590285778045654,
        -1.6513302326202393,
        -1.5393164157867432,
        -1.5104374885559082,
        -1.400247573852539,
        -1.491330862045288,
        -1.673513650894165,
        -1.836939811706543,
        -1.7242136001586914,
        -1.9329068660736084,
        -1.4923648834228516,
        -0.9894647598266602,
        -1.0089788436889648,
        -1.574723243713379,
        -0.5794327259063721,
        -1.5365772247314453,
        -0.40561342239379883,
        -1.3614323139190674,
        -1.5142083168029785,
        -1.0769314765930176,
        -0.9822663068771362,
        -1.2039430141448975,
        -0.6996587514877319,
        -0.9215120077133179,
        -0.8947005271911621,
        -0.5599430799484253
    ],
    "test_r2_history": [
        -19.6844425201416,
        -4.584646701812744,
        -3.045706272125244,
        -0.40973031520843506,
        0.28483229875564575,
        -1.8949689865112305,
        -1.4107615947723389,
        0.049235403537750244,
        -0.4030238389968872,
        -0.18590974807739258,
        0.09751063585281372,
        -0.2679717540740967,
        -0.32082200050354004,
        0.32858240604400635,
        0.14534986019134521,
        0.3416370153427124,
        -0.2858302593231201,
        0.4540114998817444,
        0.29524075984954834,
        0.4400061368942261,
        0.34676653146743774,
        0.12594372034072876,
        -0.18082404136657715,
        0.15327399969100952,
        0.2490863800048828,
        -0.16258013248443604,
        0.18192535638809204,
        0.11545407772064209,
        0.16159075498580933,
        0.23615121841430664,
        0.16153466701507568,
        0.22179049253463745,
        0.29438263177871704,
        0.30063605308532715,
        0.35691243410110474,
        0.3142426013946533,
        0.2871934175491333
    ],
    "train_loss_history": [
        133.70374001397028,
        55.878350575764976,
        39.37711101108127,
        38.735994550916885,
        32.05814213222928,
        32.174875842200386,
        39.88775708940294,
        26.41558403438992,
        28.964885817633736,
        25.748315705193413,
        21.62454742855496,
        33.75745042165121,
        26.63118510776096,
        25.275205824110245,
        25.16542296939426,
        24.093071937561035,
        24.982738071017796,
        27.212646272447373,
        28.393238809373642,
        27.230164104037815,
        29.84171051449246,
        24.99067168765598,
        20.517354594336616,
        20.06422773996989,
        25.76496654086643,
        15.554312467575073,
        25.09439203474257,
        13.997792137993706,
        23.62050512101915,
        24.976783646477593,
        20.662398444281685,
        19.62991322411431,
        21.986851904127334,
        17.00669797261556,
        19.303263664245605,
        19.21288537979126,
        15.353417952855429
    ],
    "test_loss_history": [
        216.3740692138672,
        58.419403076171875,
        42.32098388671875,
        14.746790885925293,
        7.481165885925293,
        30.283447265625,
        25.218292236328125,
        9.945676803588867,
        14.676633834838867,
        12.405465126037598,
        9.440685272216797,
        13.263891220092773,
        13.816744804382324,
        7.023508548736572,
        8.940252304077148,
        6.886948585510254,
        13.450706481933594,
        5.711430549621582,
        7.372286319732666,
        5.857935905456543,
        6.83328914642334,
        9.143254280090332,
        12.352264404296875,
        8.857359886169434,
        7.855093002319336,
        12.161419868469238,
        8.557645797729492,
        9.252983093261719,
        8.770360946655273,
        7.9904046058654785,
        8.770946502685547,
        8.14062786102295,
        7.381261825561523,
        7.315847396850586,
        6.727156639099121,
        7.173514366149902,
        7.4564666748046875
    ]
}