{
    "num_conv_blocks": 4,
    "initial_channels": 64,
    "dropout_rate": 0.33,
    "learning_rate": 0.001,
    "best_test_r2": 0.5254916548728943,
    "best_test_loss": 26.750244140625,
    "final_train_r2": 0.5954709053039551,
    "train_r2_history": [
        -0.2335207462310791,
        0.027844011783599854,
        0.22948062419891357,
        0.05456686019897461,
        0.3082584738731384,
        0.32440662384033203,
        0.1771361231803894,
        0.22349494695663452,
        0.11712431907653809,
        0.3349088430404663,
        0.4286455512046814,
        0.25260335206985474,
        0.29857730865478516,
        0.33834308385849,
        0.33605533838272095,
        0.49316728115081787,
        0.4561469554901123,
        0.45934849977493286,
        0.40038979053497314,
        0.42691588401794434,
        0.5361429452896118,
        0.5080631971359253,
        0.5818845629692078,
        0.43466347455978394,
        0.4139503240585327,
        0.5954709053039551
    ],
    "test_r2_history": [
        -0.2587469816207886,
        0.4161217212677002,
        0.12869161367416382,
        0.1329711675643921,
        0.30799633264541626,
        0.33494091033935547,
        0.5254916548728943,
        0.418379545211792,
        0.46303844451904297,
        0.3145538568496704,
        0.2895507216453552,
        0.30777090787887573,
        0.362506628036499,
        0.32515138387680054,
        -0.05803871154785156,
        0.3331413269042969,
        0.2164517641067505,
        0.15290719270706177,
        0.1902008056640625,
        0.19607669115066528,
        0.22775483131408691,
        0.23429185152053833,
        0.500099778175354,
        0.3388667702674866,
        0.26244938373565674,
        0.4709342122077942
    ],
    "train_loss_history": [
        37.60185294681125,
        30.268316798739964,
        23.31253062354194,
        28.782936731974285,
        21.264427185058594,
        20.70454767015245,
        24.862719111972385,
        23.55651463402642,
        26.62877633836534,
        20.53408718109131,
        17.49715232849121,
        22.61326747470432,
        21.291355662875706,
        20.0790859858195,
        20.600885179307724,
        15.689860661824545,
        16.559119542439777,
        16.43533092074924,
        18.269606325361465,
        17.26622576183743,
        14.02397076288859,
        15.096616877449883,
        12.833653502994114,
        17.120913611518013,
        17.778429349263508,
        12.388800422350565
    ],
    "test_loss_history": [
        70.96142578125,
        32.91593933105469,
        49.119720458984375,
        48.87845230102539,
        39.011470794677734,
        37.49247741699219,
        26.750244140625,
        32.78865432739258,
        30.27102279663086,
        38.641788482666016,
        40.05133819580078,
        39.02417755126953,
        35.938472747802734,
        38.04436111450195,
        59.646575927734375,
        37.593929290771484,
        44.17226791381836,
        47.75456237792969,
        45.65214920043945,
        45.320899963378906,
        43.535057067871094,
        43.16653823852539,
        28.181699752807617,
        37.271156311035156,
        41.57916259765625,
        29.82590103149414
    ]
}