{
    "num_conv_blocks": 2,
    "initial_channels": 16,
    "dropout_rate": 0.33,
    "learning_rate": 0.0001,
    "best_test_r2": 0.5672849416732788,
    "best_test_loss": 24.394168853759766,
    "final_train_r2": 0.4911286234855652,
    "train_r2_history": [
        -0.2437976598739624,
        -0.12239646911621094,
        -0.08954644203186035,
        -0.026863455772399902,
        0.044682443141937256,
        0.05280733108520508,
        0.18825232982635498,
        0.2731909155845642,
        0.26611775159835815,
        0.17306798696517944,
        0.20731395483016968,
        0.2586511969566345,
        0.38562530279159546,
        0.2504444122314453,
        0.44441330432891846,
        0.3485860228538513,
        0.44964319467544556,
        0.3048661947250366,
        0.439125657081604,
        0.2822990417480469,
        0.36592328548431396,
        0.3183767795562744,
        0.4519994258880615,
        0.5254133939743042,
        0.5592961311340332,
        0.4088370203971863,
        0.4824894070625305,
        0.45606207847595215,
        0.4994722008705139,
        0.4639856219291687,
        0.49410372972488403,
        0.31697726249694824,
        0.5518708825111389,
        0.4545450806617737,
        0.43055450916290283,
        0.38641345500946045,
        0.5153582096099854,
        0.49727094173431396,
        0.5711301565170288,
        0.44097810983657837,
        0.504148006439209,
        0.5070263743400574,
        0.5660077333450317,
        0.5439001321792603,
        0.5778115391731262,
        0.3987005949020386,
        0.39850032329559326,
        0.5782561302185059,
        0.47926926612854004,
        0.561981201171875,
        0.48742222785949707,
        0.6248757839202881,
        0.576357364654541,
        0.6847147941589355,
        0.5221138000488281,
        0.5206050872802734,
        0.5684661865234375,
        0.5594556331634521,
        0.5621638298034668,
        0.4911286234855652
    ],
    "test_r2_history": [
        -0.37333476543426514,
        -0.30163657665252686,
        -0.2510087490081787,
        -0.19649004936218262,
        -0.1250075101852417,
        -0.034108877182006836,
        0.06910359859466553,
        0.1785070300102234,
        0.2595396041870117,
        0.2935580015182495,
        0.34778690338134766,
        0.3150968551635742,
        0.46355122327804565,
        0.4284628629684448,
        0.4230201840400696,
        0.46948790550231934,
        0.448367714881897,
        0.40098845958709717,
        0.38256508111953735,
        0.3846880793571472,
        0.4649747610092163,
        0.5254949331283569,
        0.49042779207229614,
        0.3463764786720276,
        0.4321436882019043,
        0.4344719648361206,
        0.3671332001686096,
        0.45674365758895874,
        0.4655900001525879,
        0.4714118242263794,
        0.4464871883392334,
        0.439738929271698,
        0.46627116203308105,
        0.495122492313385,
        0.4962523579597473,
        0.5061973929405212,
        0.5006087422370911,
        0.4937804341316223,
        0.5199692249298096,
        0.5491851568222046,
        0.5672849416732788,
        0.5554744005203247,
        0.5356113910675049,
        0.529454231262207,
        0.5083017349243164,
        0.5158530473709106,
        0.4765976667404175,
        0.474325954914093,
        0.4908701181411743,
        0.502143383026123,
        0.5069690346717834,
        0.490200936794281,
        0.4980381727218628,
        0.4921720027923584,
        0.5052191019058228,
        0.5016274452209473,
        0.49154412746429443,
        0.5017369985580444,
        0.5150054097175598,
        0.5057733058929443
    ],
    "train_loss_history": [
        37.7149715423584,
        34.110368410746254,
        33.22633033328586,
        31.37777540418837,
        29.12020354800754,
        28.861954159206814,
        24.585771242777508,
        22.161057896084255,
        22.51414500342475,
        25.337816132439507,
        24.27574062347412,
        22.671241336398655,
        18.89901638031006,
        23.307153701782227,
        16.92521360185411,
        19.872255484263103,
        16.772770431306625,
        21.275594499376083,
        17.14802360534668,
        22.103738890753853,
        19.368983374701607,
        20.780935605367024,
        16.645758363935684,
        14.404497464497885,
        13.323508659998575,
        18.114450613657635,
        15.899635712305704,
        16.750353044933743,
        15.345238897535536,
        16.609643167919582,
        15.28653081258138,
        21.001869095696343,
        14.080351776546902,
        16.594464831882053,
        17.469601578182644,
        18.827466117011177,
        14.699322435590956,
        15.387107319302029,
        13.212163156933254,
        17.06414243910048,
        15.226372824774849,
        15.26869093047248,
        13.30297949579027,
        13.787263102001614,
        12.860587464438545,
        18.331748061709934,
        18.55840237935384,
        12.941903167300755,
        16.058201789855957,
        13.354166348775228,
        15.674686908721924,
        11.577750629848904,
        12.968174510531956,
        9.53499166170756,
        14.556683752271864,
        14.710375547409058,
        13.094359106487698,
        13.416964213053385,
        13.444592237472534,
        15.499913851420084
    ],
    "test_loss_history": [
        77.42127990722656,
        73.37931823730469,
        70.52518463134766,
        67.45172119140625,
        63.421905517578125,
        58.29752731323242,
        52.47896194458008,
        46.31138229370117,
        41.74319839477539,
        39.82542419433594,
        36.768287658691406,
        38.611183166503906,
        30.242116928100586,
        32.220211029052734,
        32.52703857421875,
        29.907438278198242,
        31.09808349609375,
        33.76906967163086,
        34.807682037353516,
        34.68799591064453,
        30.161865234375,
        26.75006103515625,
        28.726957321166992,
        36.847801208496094,
        32.01270294189453,
        31.881444931030273,
        35.677650451660156,
        30.62588882446289,
        30.127178192138672,
        29.798978805541992,
        31.204097747802734,
        31.584524154663086,
        30.088781356811523,
        28.462297439575195,
        28.398595809936523,
        27.83795166015625,
        28.153011322021484,
        28.537954330444336,
        27.061569213867188,
        25.414535522460938,
        24.394168853759766,
        25.05997657775879,
        26.17974853515625,
        26.52685546875,
        27.71932029724121,
        27.293621063232422,
        29.506628036499023,
        29.634695053100586,
        28.702022552490234,
        28.066495895385742,
        27.794450759887695,
        28.73974609375,
        28.297927856445312,
        28.628631591796875,
        27.893108367919922,
        28.0955810546875,
        28.664030075073242,
        28.08940887451172,
        27.34140396118164,
        27.86186408996582
    ]
}