{
    "num_conv_blocks": 4,
    "initial_channels": 32,
    "dropout_rate": 0.33,
    "learning_rate": 0.0001,
    "best_test_r2": 0.653148353099823,
    "best_test_loss": 19.55364227294922,
    "final_train_r2": 0.5478178262710571,
    "train_r2_history": [
        -0.3101019859313965,
        -0.15343523025512695,
        -0.08781647682189941,
        -0.0015999078750610352,
        0.046753108501434326,
        0.2035490870475769,
        0.17192614078521729,
        0.23148274421691895,
        0.29481494426727295,
        0.1557769775390625,
        0.38236767053604126,
        0.259480357170105,
        0.35200047492980957,
        0.3992505669593811,
        0.5048586130142212,
        0.40761154890060425,
        0.34943974018096924,
        0.4572453498840332,
        0.3666684627532959,
        0.46777188777923584,
        0.5180414319038391,
        0.44119876623153687,
        0.30540794134140015,
        0.40220654010772705,
        0.39224547147750854,
        0.22552531957626343,
        0.3366326689720154,
        0.49924182891845703,
        0.5410711765289307,
        0.5721113681793213,
        0.6157336235046387,
        0.5518656969070435,
        0.5992048978805542,
        0.43766146898269653,
        0.5399025082588196,
        0.5778893232345581,
        0.561829686164856,
        0.6233539581298828,
        0.44316577911376953,
        0.5702680349349976,
        0.5659787654876709,
        0.5158987641334534,
        0.6511449813842773,
        0.530342161655426,
        0.5938958525657654,
        0.4050877094268799,
        0.5061091184616089,
        0.5946650505065918,
        0.4795987606048584,
        0.5478178262710571
    ],
    "test_r2_history": [
        -0.39515674114227295,
        -0.30876612663269043,
        -0.192815899848938,
        -0.09546732902526855,
        0.033169686794281006,
        0.22358298301696777,
        0.387783944606781,
        0.3566672205924988,
        0.33094459772109985,
        0.37378060817718506,
        0.4304370880126953,
        0.35526174306869507,
        0.3794592618942261,
        0.46908050775527954,
        0.4753883481025696,
        0.2391931414604187,
        0.2781582474708557,
        0.5269772410392761,
        0.4119243621826172,
        0.18775731325149536,
        0.5354350805282593,
        0.5938636660575867,
        0.41459542512893677,
        0.45907026529312134,
        0.3633308410644531,
        0.45062166452407837,
        0.46701890230178833,
        0.34451812505722046,
        0.5783500671386719,
        0.6145820617675781,
        0.653148353099823,
        0.24334651231765747,
        0.25298070907592773,
        0.2851825952529907,
        0.5659456253051758,
        0.6109533309936523,
        0.39743608236312866,
        0.5151455402374268,
        0.6112810373306274,
        0.562362790107727,
        0.603477418422699,
        0.5732061862945557,
        0.48544007539749146,
        0.45037519931793213,
        0.40629345178604126,
        0.4689439535140991,
        0.4935811758041382,
        0.5014458894729614,
        0.4755324125289917,
        0.467157244682312
    ],
    "train_loss_history": [
        39.836421966552734,
        35.04936038123237,
        33.177787356906464,
        30.443904664781357,
        29.19611570570204,
        24.31105793846978,
        25.19729937447442,
        23.453887727525498,
        21.31868574354384,
        25.869618733723957,
        18.74941084120009,
        22.62595950232612,
        19.66847250196669,
        18.410239219665527,
        14.99951860639784,
        18.16428608364529,
        19.873885578579372,
        16.47133991453383,
        19.097974459330242,
        16.393951363033718,
        14.57721405559116,
        17.294880708058674,
        21.199268976847332,
        18.174102147420246,
        18.351536591847736,
        23.42083936267429,
        20.19023349550035,
        15.10301783349779,
        13.952734470367432,
        12.980860710144043,
        11.683260758717855,
        13.536827988094753,
        12.089238087336222,
        17.506632619433933,
        14.15914958053165,
        12.813061012162102,
        13.292412916819254,
        11.726591401629978,
        16.91652578777737,
        13.112655295266045,
        13.487540086110434,
        14.660345395406088,
        10.583255926767984,
        14.507574849658543,
        12.623446491029528,
        18.419827037387424,
        15.213081492318047,
        12.43422524134318,
        15.890001561906603,
        13.785212463802761
    ],
    "test_loss_history": [
        78.65148162841797,
        73.78124237060547,
        67.24459075927734,
        61.756591796875,
        54.504730224609375,
        43.77024841308594,
        34.513465881347656,
        36.267669677734375,
        37.717769622802734,
        35.30290603637695,
        32.108917236328125,
        36.34689712524414,
        34.982765197753906,
        29.930404663085938,
        29.574798583984375,
        42.890220642089844,
        40.69357681274414,
        26.666500091552734,
        33.152565002441406,
        45.7899055480957,
        26.189687728881836,
        22.895797729492188,
        33.001983642578125,
        30.494726181030273,
        35.89200210571289,
        30.97101402282715,
        30.046627044677734,
        36.95256423950195,
        23.77037239074707,
        21.72780418395996,
        19.55364227294922,
        42.65608596801758,
        42.11295700073242,
        40.297584533691406,
        24.46966552734375,
        21.932373046875,
        33.969329833984375,
        27.3335018157959,
        21.913894653320312,
        24.671648025512695,
        22.353822708129883,
        24.06035614013672,
        29.00813865661621,
        30.98491096496582,
        33.47000503540039,
        29.93810272216797,
        28.549184799194336,
        28.105815887451172,
        29.56668472290039,
        30.038829803466797
    ]
}