{
    "num_conv_blocks": 4,
    "initial_channels": 16,
    "dropout_rate": 0.33,
    "learning_rate": 0.0001,
    "best_test_r2": 0.434076726436615,
    "best_test_loss": 0.5783721804618835,
    "final_train_r2": 0.2240937352180481,
    "train_r2_history": [
        -1.5674474239349365,
        -0.43028438091278076,
        0.030632972717285156,
        0.04350721836090088,
        0.07213109731674194,
        -0.07465708255767822,
        0.09983688592910767,
        0.15893477201461792,
        0.0831296443939209,
        0.21127688884735107,
        0.13791924715042114,
        0.1574147343635559,
        0.2816222906112671,
        0.0973440408706665,
        0.06457507610321045,
        0.2045089602470398,
        0.2281394600868225,
        0.13777810335159302,
        0.20268064737319946,
        0.15195780992507935,
        0.24324560165405273,
        0.24425077438354492,
        0.06578856706619263,
        0.2895027995109558,
        0.2515428066253662,
        0.10444599390029907,
        0.27766215801239014,
        0.25859779119491577,
        0.1729394793510437,
        0.39642202854156494,
        0.3251528739929199,
        0.2240937352180481
    ],
    "test_r2_history": [
        -1.9643223285675049,
        -1.3763062953948975,
        -0.941077709197998,
        -0.6702060699462891,
        -0.535399317741394,
        -0.4489032030105591,
        -0.30346012115478516,
        -0.15988588333129883,
        -0.04320693016052246,
        0.06377172470092773,
        0.19351965188980103,
        0.3036748170852661,
        0.434076726436615,
        0.41556447744369507,
        0.2846343517303467,
        0.31500452756881714,
        0.17427825927734375,
        0.1451016068458557,
        0.04317665100097656,
        0.10970979928970337,
        0.11468356847763062,
        0.25631994009017944,
        0.2968558073043823,
        0.4105088710784912,
        0.33427518606185913,
        0.362174928188324,
        0.29332852363586426,
        0.33726978302001953,
        0.3477973937988281,
        0.366877019405365,
        0.317849338054657,
        0.3789639472961426
    ],
    "train_loss_history": [
        2.6315348976188235,
        1.4776296218236287,
        0.9943088193734487,
        0.9959138433138529,
        0.9595492449071672,
        1.105815899040964,
        0.9371443771653705,
        0.8676782912678189,
        0.9559016989337074,
        0.812485956483417,
        0.8939400580194261,
        0.8715159859922197,
        0.7489847739537557,
        0.929751800166236,
        0.9645566509829627,
        0.818373570839564,
        0.8063727054331038,
        0.895162840684255,
        0.8173448029491637,
        0.8700396087434557,
        0.7949736383226182,
        0.7834705577956306,
        0.9741698271698422,
        0.734630223777559,
        0.7735040717654758,
        0.9271359609233009,
        0.746180953250991,
        0.7712685300244225,
        0.8576661480797662,
        0.6246821449862586,
        0.6973968942960104,
        0.8116642584403356
    ],
    "test_loss_history": [
        3.0295302867889404,
        2.428579330444336,
        1.9837768077850342,
        1.7069464921951294,
        1.5691745281219482,
        1.4807754755020142,
        1.3321330547332764,
        1.1854006052017212,
        1.0661550760269165,
        0.9568232297897339,
        0.8242210149765015,
        0.7116427421569824,
        0.5783721804618835,
        0.5972917675971985,
        0.7311019897460938,
        0.7000638246536255,
        0.8438857197761536,
        0.8737041354179382,
        0.977871298789978,
        0.909874439239502,
        0.9047912359237671,
        0.7600392699241638,
        0.7186117172241211,
        0.6024585366249084,
        0.6803691387176514,
        0.6518557667732239,
        0.7222164869308472,
        0.6773087382316589,
        0.6665495038032532,
        0.6470502018928528,
        0.6971563696861267,
        0.6346973776817322
    ]
}