{
    "num_conv_blocks": 4,
    "initial_channels": 32,
    "dropout_rate": 0.33,
    "learning_rate": 0.001,
    "best_test_r2": 0.4014418125152588,
    "best_test_loss": 201.7056121826172,
    "final_train_r2": 0.3766574263572693,
    "train_r2_history": [
        -1.2443535327911377,
        -0.8107166290283203,
        -0.24269413948059082,
        -0.16624462604522705,
        -0.054727792739868164,
        -0.008377790451049805,
        -0.05978059768676758,
        0.020599186420440674,
        -0.030319929122924805,
        0.1667267084121704,
        0.10334360599517822,
        0.23304873704910278,
        0.2098187804222107,
        0.2915518283843994,
        0.3239492177963257,
        0.1827370524406433,
        0.39173638820648193,
        0.4103098511695862,
        0.28667891025543213,
        0.400982141494751,
        0.33293312788009644,
        0.16438770294189453,
        0.3048326373100281,
        0.32711488008499146,
        0.2801479697227478,
        0.3074175715446472,
        0.39058834314346313,
        0.33122318983078003,
        0.32005876302719116,
        0.41593825817108154,
        0.3535098433494568,
        0.4186740517616272,
        0.38896262645721436,
        0.455194354057312,
        0.40412139892578125,
        0.45869600772857666,
        0.423944354057312,
        0.3766574263572693
    ],
    "test_r2_history": [
        -2.6705782413482666,
        -1.175013542175293,
        -0.6270416975021362,
        -0.20286905765533447,
        0.0733538269996643,
        0.1874271035194397,
        0.046728312969207764,
        0.17309004068374634,
        0.021902084350585938,
        0.06040292978286743,
        0.07579511404037476,
        0.11112695932388306,
        0.175673246383667,
        0.26670199632644653,
        0.3607681393623352,
        0.3306201100349426,
        0.33519160747528076,
        0.32612669467926025,
        0.4014418125152588,
        0.2663458585739136,
        0.3018338680267334,
        0.3474006652832031,
        0.14442569017410278,
        0.39995265007019043,
        0.1331976056098938,
        0.13010942935943604,
        0.31011706590652466,
        0.2650742530822754,
        0.3062132000923157,
        0.35761427879333496,
        0.2662527561187744,
        0.2879123091697693,
        0.2892796993255615,
        0.33080780506134033,
        0.34636247158050537,
        0.3470354676246643,
        0.3758643865585327,
        0.34250402450561523
    ],
    "train_loss_history": [
        773.9469807942709,
        625.2081722683376,
        433.6611802842882,
        401.63663906521265,
        368.0909830729167,
        351.8866712782118,
        366.59816487630206,
        338.22815958658856,
        366.02708435058594,
        289.2652570936415,
        315.8667992485894,
        266.8495915730794,
        272.7383041381836,
        247.31686147054037,
        235.64454481336804,
        280.8355441623264,
        211.02219475640192,
        201.36026424831815,
        248.90814208984375,
        208.0205535888672,
        235.10091739230685,
        295.0002678765191,
        243.52504136827258,
        234.62742360432944,
        250.2803217569987,
        237.34817674424914,
        216.66741180419922,
        236.31808047824435,
        236.6283925374349,
        204.07933892144098,
        226.74994405110678,
        203.49571058485242,
        215.6068344116211,
        188.4725833468967,
        208.0917036268446,
        188.42719523111978,
        199.33942413330078,
        217.00978978474936
    ],
    "test_loss_history": [
        1236.9327392578125,
        732.9486694335938,
        548.2900390625,
        405.34979248046875,
        312.2666015625,
        273.8255310058594,
        321.2390441894531,
        278.65692138671875,
        329.6051330566406,
        316.630859375,
        311.44390869140625,
        299.53759765625,
        277.7864074707031,
        247.11102294921875,
        215.41207885742188,
        225.571533203125,
        224.03099060058594,
        227.08572387695312,
        201.7056121826172,
        247.2310028076172,
        235.27206420898438,
        219.91673278808594,
        288.31640625,
        202.2074432373047,
        292.10015869140625,
        293.1407775878906,
        232.4807891845703,
        247.65956115722656,
        233.79632568359375,
        216.474853515625,
        247.26239013671875,
        239.9634552001953,
        239.50267028808594,
        225.50827026367188,
        220.26658630371094,
        220.03977966308594,
        210.32484436035156,
        221.5668182373047
    ]
}