{
    "num_conv_blocks": 4,
    "initial_channels": 32,
    "dropout_rate": 0.33,
    "learning_rate": 0.001,
    "best_test_r2": 0.5838350653648376,
    "best_test_loss": 4.353383541107178,
    "final_train_r2": -0.6234540939331055,
    "train_r2_history": [
        -15.368997573852539,
        -3.322291374206543,
        -1.5641276836395264,
        -1.8045868873596191,
        -2.2134346961975098,
        -1.9025838375091553,
        -2.101670026779175,
        -1.8839545249938965,
        -1.2803092002868652,
        -1.7599818706512451,
        -1.1897242069244385,
        -1.1534686088562012,
        -1.5155408382415771,
        -0.8557814359664917,
        -0.6664227247238159,
        -1.3709840774536133,
        -1.1745100021362305,
        -0.9180110692977905,
        -0.5734416246414185,
        -0.6013610363006592,
        -1.3657472133636475,
        -1.4178264141082764,
        -1.077601671218872,
        -1.0807852745056152,
        -0.9440205097198486,
        -1.0099575519561768,
        -0.5224992036819458,
        -1.3055164813995361,
        -1.2228333950042725,
        -0.9231139421463013,
        -1.1078541278839111,
        -0.7990695238113403,
        -0.5738756656646729,
        -0.6718868017196655,
        -1.1891989707946777,
        -0.6466342210769653,
        -0.8845469951629639,
        -0.6720833778381348,
        -1.180469274520874,
        -0.8743524551391602,
        -0.8070785999298096,
        -1.0298163890838623,
        -0.6234540939331055
    ],
    "test_r2_history": [
        -11.89722728729248,
        -8.845510482788086,
        -2.8707704544067383,
        -0.1951230764389038,
        -0.19396543502807617,
        -0.2634216547012329,
        0.4291224479675293,
        -1.0211215019226074,
        0.011181414127349854,
        0.38120847940444946,
        0.33533579111099243,
        -0.006152153015136719,
        0.2688482999801636,
        0.5313242673873901,
        0.23922955989837646,
        0.2836539149284363,
        0.3762742877006531,
        0.3275361657142639,
        0.4195813536643982,
        0.3413093090057373,
        0.48543453216552734,
        0.3914884328842163,
        0.49506378173828125,
        0.5838350653648376,
        0.2977639436721802,
        0.3967568278312683,
        0.46396327018737793,
        0.299927294254303,
        0.11926835775375366,
        0.3944198489189148,
        0.32308948040008545,
        0.41562312841415405,
        0.373457670211792,
        0.4182031750679016,
        0.4623402953147888,
        0.4832664132118225,
        0.44021040201187134,
        0.3860533833503723,
        0.3630496859550476,
        0.36027246713638306,
        0.46847712993621826,
        0.47732800245285034,
        0.4666992425918579
    ],
    "train_loss_history": [
        164.15964126586914,
        43.27736473083496,
        25.273529635535347,
        28.127396901448567,
        32.61262607574463,
        28.68351438310411,
        31.77697541978624,
        29.370828681521946,
        22.50197426478068,
        27.905871709187824,
        21.972377989027237,
        21.605061107211643,
        25.096378220452202,
        18.615278032090927,
        17.007650481330025,
        23.73296727074517,
        21.767967965867783,
        19.187209447224934,
        15.502200444539389,
        16.215063095092773,
        23.58651198281182,
        24.349350505405003,
        20.769852956136067,
        20.929215007358128,
        19.417102495829266,
        20.346847931543987,
        15.39777331882053,
        22.79532591501872,
        22.046582221984863,
        19.15809705522325,
        21.35535939534505,
        18.009609328375923,
        15.727503352695042,
        16.976847330729168,
        21.780714326434666,
        16.443653848436142,
        19.130231618881226,
        16.582337697347004,
        22.073432127634685,
        18.69746658537123,
        18.11324665281508,
        20.255607446034748,
        16.151836024390327
    ],
    "test_loss_history": [
        134.91421508789062,
        102.99110412597656,
        40.49102783203125,
        12.50184154510498,
        12.48973274230957,
        13.21629524230957,
        5.971787929534912,
        21.142379760742188,
        10.343750953674316,
        6.4730024337768555,
        6.952863693237305,
        10.52507209777832,
        7.648368835449219,
        4.902684211730957,
        7.9582037925720215,
        7.49349308013916,
        6.524618148803711,
        7.034452438354492,
        6.07159423828125,
        6.89037561416626,
        5.382723331451416,
        6.365467548370361,
        5.281993865966797,
        4.353383541107178,
        7.345891952514648,
        6.3103556632995605,
        5.607327461242676,
        7.323260307312012,
        9.213083267211914,
        6.334800720214844,
        7.080968856811523,
        6.113000392913818,
        6.554081439971924,
        6.08601188659668,
        5.624305725097656,
        5.405403137207031,
        5.855800628662109,
        6.422321319580078,
        6.6629557609558105,
        6.6920084953308105,
        5.560108661651611,
        5.46752405166626,
        5.578707218170166
    ]
}