{
    "num_conv_blocks": 2,
    "initial_channels": 64,
    "dropout_rate": 0.33,
    "learning_rate": 0.0001,
    "best_test_r2": 0.5782359838485718,
    "best_test_loss": 142.1284942626953,
    "final_train_r2": 0.5406746864318848,
    "train_r2_history": [
        -2.3460662364959717,
        -0.5605118274688721,
        -0.04677903652191162,
        0.15922027826309204,
        0.07045304775238037,
        0.1716853380203247,
        0.3429175615310669,
        0.2811957597732544,
        0.024779319763183594,
        0.15579599142074585,
        0.1658976674079895,
        0.2853584289550781,
        0.29124248027801514,
        0.0050234198570251465,
        0.31220370531082153,
        0.2782101631164551,
        0.3579716682434082,
        0.3736070394515991,
        0.150387704372406,
        0.35205507278442383,
        0.30697137117385864,
        0.49053990840911865,
        0.28901422023773193,
        0.33791303634643555,
        0.3639950156211853,
        0.3598672151565552,
        0.2945405840873718,
        0.562793493270874,
        0.3983016610145569,
        0.587613582611084,
        0.38840657472610474,
        0.4482669234275818,
        0.6280086040496826,
        0.5782719850540161,
        0.4513711929321289,
        0.5406746864318848
    ],
    "test_r2_history": [
        -3.199260711669922,
        -2.190945863723755,
        -1.0612659454345703,
        -0.4912536144256592,
        -0.2491389513015747,
        -0.010956287384033203,
        0.135872483253479,
        0.2668967843055725,
        0.30860209465026855,
        0.379563570022583,
        0.3549116253852844,
        0.44026726484298706,
        0.4324115514755249,
        0.4071040153503418,
        0.4227670431137085,
        0.5343347787857056,
        0.5782359838485718,
        0.5170307755470276,
        0.3542219400405884,
        0.4371092915534973,
        0.4384101629257202,
        0.5004492402076721,
        0.5057429075241089,
        0.42376965284347534,
        0.44736695289611816,
        0.5273640751838684,
        0.5219595432281494,
        0.5590600967407227,
        0.5613977313041687,
        0.5356989502906799,
        0.5251225233078003,
        0.5236853361129761,
        0.5502856969833374,
        0.5526742935180664,
        0.550391674041748,
        0.565406322479248
    ],
    "train_loss_history": [
        1151.9806111653645,
        539.3866288926866,
        363.5549570719401,
        290.0385233561198,
        326.7561620076497,
        288.5135243733724,
        230.626400841607,
        250.83272976345486,
        334.2577379014757,
        304.5131344265408,
        292.3714616563585,
        247.76656511094836,
        247.11352369520398,
        347.2833129035102,
        238.25068706936307,
        254.01369137234158,
        223.88618554009332,
        223.25075954861111,
        295.1064953274197,
        226.01270039876303,
        239.21801333957248,
        176.3630379570855,
        250.1506847805447,
        230.45160166422525,
        222.75506846110025,
        222.83811272515192,
        246.52916632758246,
        151.63018290201822,
        207.8214399549696,
        145.0720469156901,
        209.08571158515082,
        190.96318817138672,
        130.5664037068685,
        144.55040656195746,
        190.86861928304037,
        156.9850705464681
    ],
    "test_loss_history": [
        1415.0911865234375,
        1075.3033447265625,
        694.617431640625,
        502.5313415527344,
        420.94207763671875,
        340.6778869628906,
        291.1986999511719,
        247.04539489746094,
        232.9912567138672,
        209.0782470703125,
        217.3856201171875,
        188.6219940185547,
        191.26922607421875,
        199.7975311279297,
        194.51931762695312,
        156.9225616455078,
        142.1284942626953,
        162.7537841796875,
        217.6180877685547,
        189.68617248535156,
        189.247802734375,
        168.34152221679688,
        166.5576171875,
        194.18142700195312,
        186.2294921875,
        159.2716064453125,
        161.0928497314453,
        148.59051513671875,
        147.802734375,
        156.46287536621094,
        160.0269775390625,
        160.51129150390625,
        151.5473175048828,
        150.74240112304688,
        151.51162719726562,
        146.451904296875
    ]
}