{
    "num_conv_blocks": 4,
    "initial_channels": 32,
    "dropout_rate": 0.33,
    "learning_rate": 0.0001,
    "best_test_r2": 0.7272011637687683,
    "best_test_loss": 0.27879977226257324,
    "final_train_r2": 0.45359277725219727,
    "train_r2_history": [
        -0.5638463497161865,
        -0.11101973056793213,
        0.0009359121322631836,
        -0.05828750133514404,
        0.23332637548446655,
        0.25131213665008545,
        0.01873070001602173,
        0.4429585337638855,
        0.39794379472732544,
        0.08687359094619751,
        0.3024653196334839,
        0.03379261493682861,
        0.2487216591835022,
        0.3704072833061218,
        0.3190685510635376,
        0.34914106130599976,
        0.20129239559173584,
        0.2721250653266907,
        0.2880106568336487,
        0.450719952583313,
        0.3750874400138855,
        0.4194487929344177,
        0.43516433238983154,
        0.30884045362472534,
        0.5209061503410339,
        0.4335397481918335,
        0.5065674781799316,
        0.35585278272628784,
        0.4502860903739929,
        0.3972631096839905,
        0.44042420387268066,
        0.5095998644828796,
        0.45359277725219727
    ],
    "test_r2_history": [
        -1.2114133834838867,
        -0.735409140586853,
        -0.5724949836730957,
        -0.3981137275695801,
        -0.19583892822265625,
        -0.0851891040802002,
        -0.11616754531860352,
        -0.07768964767456055,
        0.30255061388015747,
        0.40469276905059814,
        0.3311123251914978,
        0.08507001399993896,
        0.38220250606536865,
        0.7272011637687683,
        0.4797213673591614,
        0.6087343692779541,
        0.615945041179657,
        0.4448728561401367,
        0.5365791320800781,
        0.6367447376251221,
        0.5980101823806763,
        0.6174189448356628,
        0.6349001526832581,
        0.6677017211914062,
        0.5900732278823853,
        0.6233701705932617,
        0.6353633999824524,
        0.6706598997116089,
        0.6508976221084595,
        0.6591824889183044,
        0.6306101083755493,
        0.6503132581710815,
        0.6988312005996704
    ],
    "train_loss_history": [
        1.6059725822673903,
        1.1418975061840482,
        1.0310328205426533,
        1.1017781992753346,
        0.7964338925149705,
        0.7751167217890421,
        1.0098058150874243,
        0.5961195296711392,
        0.6167045831680298,
        0.9487190776401095,
        0.7307107746601105,
        1.013703241944313,
        0.7796042263507843,
        0.6619947552680969,
        0.7059184941980574,
        0.6858775665362676,
        0.8318033085929023,
        0.7515874008337656,
        0.7365609970357683,
        0.5669271722435951,
        0.6454863780074649,
        0.6073437896039751,
        0.5862873643636703,
        0.7158230899108781,
        0.5048821022113165,
        0.5900479472345777,
        0.5120867126517825,
        0.6654378920793533,
        0.5798122733831406,
        0.63894208934572,
        0.5854309085342619,
        0.5114025713668929,
        0.5683915975193182
    ],
    "test_loss_history": [
        2.260059356689453,
        1.7735838890075684,
        1.607086420059204,
        1.4288688898086548,
        1.2221444845199585,
        1.1090607643127441,
        1.1407206058502197,
        1.1013963222503662,
        0.7127916812896729,
        0.6084025502204895,
        0.6836016774177551,
        0.935056209564209,
        0.6313875317573547,
        0.27879977226257324,
        0.5317234992980957,
        0.3998725712299347,
        0.3925032615661621,
        0.5673385858535767,
        0.47361505031585693,
        0.37124601006507874,
        0.41083264350891113,
        0.39099693298339844,
        0.3731311559677124,
        0.3396081030368805,
        0.41894420981407166,
        0.3849148452281952,
        0.37265774607658386,
        0.33658480644226074,
        0.35678181052207947,
        0.34831467270851135,
        0.37751564383506775,
        0.3573789894580841,
        0.30779385566711426
    ]
}