{
    "num_conv_blocks": 2,
    "initial_channels": 16,
    "dropout_rate": 0.33,
    "learning_rate": 0.001,
    "best_test_r2": 0.5735372304916382,
    "best_test_loss": 0.4358440041542053,
    "final_train_r2": 0.17670470476150513,
    "train_r2_history": [
        -2.459071636199951,
        -0.8528972864151001,
        -0.41925597190856934,
        -0.38081443309783936,
        -0.41425931453704834,
        -0.22812020778656006,
        -0.20712339878082275,
        -0.00498044490814209,
        -0.08257472515106201,
        -0.2876474857330322,
        -0.10320520401000977,
        -0.09032368659973145,
        0.00019890069961547852,
        -0.005768418312072754,
        0.13849622011184692,
        0.0787050724029541,
        -0.14661931991577148,
        -0.033347487449645996,
        -0.11716330051422119,
        0.054605722427368164,
        0.13150334358215332,
        0.1841004490852356,
        0.1418999433517456,
        0.10114836692810059,
        0.48581236600875854,
        -0.1854013204574585,
        0.17670470476150513
    ],
    "test_r2_history": [
        -1.641191005706787,
        -1.1520609855651855,
        -0.2782778739929199,
        0.08849018812179565,
        -0.07290613651275635,
        -0.1235731840133667,
        0.07882094383239746,
        0.5735372304916382,
        0.28183263540267944,
        -0.331354022026062,
        0.38563233613967896,
        0.41716450452804565,
        0.10166358947753906,
        0.4250115156173706,
        -0.04430544376373291,
        0.1011209487915039,
        0.19672924280166626,
        0.09262895584106445,
        0.3184557557106018,
        0.14751547574996948,
        0.15840065479278564,
        0.3282490372657776,
        0.15768128633499146,
        0.32393383979797363,
        0.5144906044006348,
        0.2400774359703064,
        -0.033529043197631836
    ],
    "train_loss_history": [
        3.560608618789249,
        1.9106254445181952,
        1.470947629875607,
        1.4182418651050992,
        1.4756895502408345,
        1.279740207725101,
        1.2480981714195676,
        1.0535806996954813,
        1.121824949979782,
        1.3270568185382419,
        1.1314974129199982,
        1.1305861158503427,
        1.030103365580241,
        1.0592496544122696,
        0.8924614687760671,
        0.9624945935275819,
        1.1688539849387274,
        1.0622703631718953,
        1.141917284992006,
        0.9856012927161323,
        0.8912633740239673,
        0.8465016302135255,
        0.9081264601813422,
        0.9242885526683595,
        0.5252807943357362,
        1.2226321895917256,
        0.8572467499309115
    ],
    "test_loss_history": [
        2.6992907524108887,
        2.1994011402130127,
        1.3063969612121582,
        0.9315608739852905,
        1.0965076684951782,
        1.1482889652252197,
        0.9414428472518921,
        0.4358440041542053,
        0.7339654564857483,
        1.3606408834457397,
        0.6278823614120483,
        0.5956565141677856,
        0.9180976748466492,
        0.5876368880271912,
        1.0672779083251953,
        0.9186522960662842,
        0.8209409117698669,
        0.9273310899734497,
        0.6965366005897522,
        0.8712373375892639,
        0.8601125478744507,
        0.6865279078483582,
        0.8608477711677551,
        0.6909379959106445,
        0.4961894750595093,
        0.7766389846801758,
        1.0562641620635986
    ]
}