{
    "num_conv_blocks": 4,
    "initial_channels": 32,
    "dropout_rate": 0.33,
    "learning_rate": 0.0001,
    "best_test_r2": 0.8669794797897339,
    "best_test_loss": 0.1359466314315796,
    "final_train_r2": 0.44399499893188477,
    "train_r2_history": [
        -0.36596524715423584,
        0.03983438014984131,
        0.1278933882713318,
        0.08762723207473755,
        0.160447359085083,
        0.17210525274276733,
        0.0019660592079162598,
        0.02857416868209839,
        -0.0072324275970458984,
        0.3468613624572754,
        0.3711346387863159,
        0.33856141567230225,
        0.476024329662323,
        0.2930871844291687,
        0.17016816139221191,
        0.5393191576004028,
        0.4058893322944641,
        0.387164831161499,
        0.2687607407569885,
        0.20093506574630737,
        0.35399872064590454,
        0.4313167333602905,
        0.3307039737701416,
        0.5183365345001221,
        0.3520135283470154,
        0.33849817514419556,
        0.39856207370758057,
        0.42377179861068726,
        0.5884685516357422,
        0.4724956154823303,
        0.41312700510025024,
        0.2943500876426697,
        0.20558679103851318,
        0.3364667296409607,
        0.540509819984436,
        0.6206177473068237,
        0.5236232280731201,
        0.5467653870582581,
        0.6196942329406738,
        0.4516720771789551,
        0.5130531787872314,
        0.495369553565979,
        0.5943326354026794,
        0.5948522090911865,
        0.5386750102043152,
        0.5492085218429565,
        0.45824217796325684,
        0.44399499893188477
    ],
    "test_r2_history": [
        -1.166961908340454,
        -0.9403786659240723,
        -0.777759313583374,
        -0.5738577842712402,
        -0.47170794010162354,
        -0.2989002466201782,
        -0.06305944919586182,
        0.024985194206237793,
        0.09072107076644897,
        0.22473573684692383,
        0.31410396099090576,
        0.33265918493270874,
        0.5675168633460999,
        0.5231866836547852,
        0.3378975987434387,
        0.44813013076782227,
        0.46868717670440674,
        0.4162965416908264,
        0.6798335313796997,
        0.5856110453605652,
        0.49358171224594116,
        0.5970836877822876,
        0.49859923124313354,
        0.45112311840057373,
        0.7010784149169922,
        0.48758870363235474,
        0.5769157409667969,
        0.778903603553772,
        0.8669794797897339,
        0.6565432548522949,
        0.6232991218566895,
        0.6861060261726379,
        0.6174435615539551,
        0.7434287071228027,
        0.7228800058364868,
        0.6025024056434631,
        0.661716639995575,
        0.7079483270645142,
        0.663796603679657,
        0.7498382329940796,
        0.7178640365600586,
        0.7341322898864746,
        0.7295842170715332,
        0.7638126611709595,
        0.7267661094665527,
        0.7424911856651306,
        0.7136660218238831,
        0.6939750909805298
    ],
    "train_loss_history": [
        1.3954326079951391,
        0.9935248659716712,
        0.8971864134073257,
        0.953087094757292,
        0.8756746351718903,
        0.8618745572037168,
        1.0409898791048262,
        1.0013620654741924,
        1.0601852072609796,
        0.6866805156071981,
        0.653834753566318,
        0.7025904224978553,
        0.5446165833208296,
        0.7366830988062752,
        0.8709577901495827,
        0.47226058608955807,
        0.6079573391212357,
        0.6513846317927042,
        0.7561665227015814,
        0.8261774910820855,
        0.6732008498575952,
        0.5923605263233185,
        0.6987415204445521,
        0.5022231754329469,
        0.6790801650947995,
        0.6880118548870087,
        0.6246601326598061,
        0.6123268927137057,
        0.4274667153755824,
        0.5423963268597921,
        0.6118283818165461,
        0.7311313682132297,
        0.8131868342558543,
        0.6935493606660101,
        0.4822755108277003,
        0.39823414385318756,
        0.49641186330053544,
        0.4763541652096642,
        0.3849695689148373,
        0.5680849932961993,
        0.5025819854603873,
        0.5268705702490277,
        0.4247117903497484,
        0.4195828272236718,
        0.4763726534114944,
        0.46756507125165725,
        0.5700816214084625,
        0.5686048087146547
    ],
    "test_loss_history": [
        2.214630126953125,
        1.9830626249313354,
        1.8168658018112183,
        1.6084789037704468,
        1.5040823221206665,
        1.3274728059768677,
        1.08644437789917,
        0.9964627623558044,
        0.9292808175086975,
        0.7923183441162109,
        0.7009841203689575,
        0.6820207834243774,
        0.4419967532157898,
        0.4873020648956299,
        0.6766670346260071,
        0.5640097856521606,
        0.5430005192756653,
        0.5965434908866882,
        0.3272094130516052,
        0.423504501581192,
        0.5175582766532898,
        0.4117795526981354,
        0.5124304294586182,
        0.5609508156776428,
        0.3054971694946289,
        0.5236831903457642,
        0.43239110708236694,
        0.22596000134944916,
        0.1359466314315796,
        0.3510119915008545,
        0.38498735427856445,
        0.3207988739013672,
        0.390971839427948,
        0.2622152268886566,
        0.2832159996032715,
        0.40624159574508667,
        0.34572482109069824,
        0.29847609996795654,
        0.3435991108417511,
        0.25566476583480835,
        0.28834226727485657,
        0.2717162072658539,
        0.2763643264770508,
        0.24138286709785461,
        0.2792443335056305,
        0.2631734013557434,
        0.29263266921043396,
        0.3127566874027252
    ]
}