{
    "num_conv_blocks": 3,
    "initial_channels": 64,
    "dropout_rate": 0.33,
    "learning_rate": 0.001,
    "best_test_r2": 0.5023225545883179,
    "best_test_loss": 28.056400299072266,
    "final_train_r2": 0.6662818789482117,
    "train_r2_history": [
        -0.15905582904815674,
        -0.6046794652938843,
        -0.023253440856933594,
        0.24206703901290894,
        0.08273482322692871,
        0.31507837772369385,
        -0.1227724552154541,
        0.18133443593978882,
        0.06556427478790283,
        0.3218122720718384,
        0.416096031665802,
        0.08513748645782471,
        0.25273168087005615,
        0.09312808513641357,
        0.0005041360855102539,
        0.13785266876220703,
        0.08977252244949341,
        0.24509400129318237,
        0.3501752018928528,
        0.28557848930358887,
        0.4289133548736572,
        0.40900129079818726,
        0.43693965673446655,
        0.5284960865974426,
        0.2537184953689575,
        0.46528393030166626,
        0.3988444209098816,
        0.4023739695549011,
        0.4462997317314148,
        0.5205801725387573,
        0.5338472127914429,
        0.48262906074523926,
        0.5406200885772705,
        0.3790987730026245,
        0.47311294078826904,
        0.448641836643219,
        0.4767167568206787,
        0.5014325976371765,
        0.6467363834381104,
        0.5466302633285522,
        0.46887892484664917,
        0.48230278491973877,
        0.6074824333190918,
        0.49612271785736084,
        0.5891401171684265,
        0.5582219958305359,
        0.5400179624557495,
        0.6662818789482117
    ],
    "test_r2_history": [
        0.12775123119354248,
        -0.17849946022033691,
        -0.041239142417907715,
        0.1570923924446106,
        0.3670350909233093,
        0.11023050546646118,
        0.223798930644989,
        0.30882853269577026,
        0.174635112285614,
        0.3233484625816345,
        0.41518688201904297,
        0.10129421949386597,
        0.27523863315582275,
        0.08601433038711548,
        -0.06357324123382568,
        0.14925235509872437,
        0.19750440120697021,
        0.1958256959915161,
        0.27068525552749634,
        0.3218008279800415,
        0.24842655658721924,
        0.2853221893310547,
        0.3264871835708618,
        0.33091461658477783,
        0.3455411195755005,
        0.36686068773269653,
        0.41565102338790894,
        0.47675639390945435,
        0.5023225545883179,
        0.40669506788253784,
        0.3964698314666748,
        0.39794325828552246,
        0.4279257655143738,
        0.36737924814224243,
        0.3775865435600281,
        0.34671276807785034,
        0.3163694739341736,
        0.351068377494812,
        0.3682186007499695,
        0.39694637060165405,
        0.3394361734390259,
        0.35078924894332886,
        0.33288872241973877,
        0.32674598693847656,
        0.3930246829986572,
        0.41366273164749146,
        0.3715646266937256,
        0.34724318981170654
    ],
    "train_loss_history": [
        35.872195879618324,
        48.65858777364095,
        31.097242249382866,
        23.039333237542046,
        28.05779764387343,
        21.28269820743137,
        34.01729838053385,
        24.753440697987873,
        29.768177403344048,
        20.640153672960068,
        18.34090624915229,
        27.876205762227375,
        22.597816626230877,
        27.982709248860676,
        30.373078770107693,
        26.339322143130833,
        27.729806264241535,
        23.03637758890788,
        19.669918908013237,
        21.97609731886122,
        17.54055881500244,
        18.171239852905273,
        17.099055978986954,
        14.396203411950005,
        22.606506877475315,
        16.155872715844048,
        18.261510531107586,
        18.103440549638535,
        16.737297693888348,
        14.582399527231852,
        14.20254627863566,
        15.709161069658068,
        13.948789834976196,
        19.065990500979954,
        16.08105272716946,
        16.79225730895996,
        15.931454022725424,
        15.133976141611734,
        10.75820361243354,
        14.140492704179552,
        16.017144176695084,
        15.659341070387098,
        11.923809369405111,
        15.26674583223131,
        12.387587123446995,
        13.349201361338297,
        14.082586394415962,
        10.1580650806427
    ],
    "test_loss_history": [
        49.172725677490234,
        66.4375,
        58.69950866699219,
        47.51862335205078,
        35.68317794799805,
        50.16044616699219,
        43.7580680847168,
        38.96455001831055,
        46.5296630859375,
        38.14599609375,
        32.9686393737793,
        50.66423034667969,
        40.85817337036133,
        51.525630950927734,
        59.95856857299805,
        47.960601806640625,
        45.240413665771484,
        45.33505630493164,
        41.1148681640625,
        38.233245849609375,
        42.36969757080078,
        40.28971862792969,
        37.96905517578125,
        37.71945571899414,
        36.8948974609375,
        35.69301223754883,
        32.942474365234375,
        29.497678756713867,
        28.056400299072266,
        33.44736099243164,
        34.023807525634766,
        33.94074249267578,
        32.250492095947266,
        35.66377639770508,
        35.088348388671875,
        36.8288459777832,
        38.53943634033203,
        36.58329772949219,
        35.61646270751953,
        33.99694061279297,
        37.23905944824219,
        36.59903335571289,
        37.6081657409668,
        37.9544677734375,
        34.218017578125,
        33.054561614990234,
        35.427825927734375,
        36.798946380615234
    ]
}