{
    "num_conv_blocks": 2,
    "initial_channels": 64,
    "dropout_rate": 0.33,
    "learning_rate": 0.001,
    "best_test_r2": 0.5286605954170227,
    "best_test_loss": 26.57159996032715,
    "final_train_r2": 0.3892067074775696,
    "train_r2_history": [
        -0.3716317415237427,
        -0.06314277648925781,
        -0.10541379451751709,
        0.10876888036727905,
        0.15915685892105103,
        0.16791945695877075,
        0.10912364721298218,
        0.2061697244644165,
        0.25172728300094604,
        0.2738664150238037,
        0.3296111226081848,
        0.28509557247161865,
        0.30697083473205566,
        0.48290687799453735,
        0.3923683166503906,
        0.5073261260986328,
        0.3549599051475525,
        0.4350820779800415,
        0.1269618272781372,
        0.3228647708892822,
        0.33288174867630005,
        0.41297775506973267,
        0.5047480463981628,
        0.4257670044898987,
        0.47824299335479736,
        0.4786645174026489,
        0.5689411759376526,
        0.3439474105834961,
        0.5688331723213196,
        0.5519074201583862,
        0.6102173924446106,
        0.399707555770874,
        0.36611855030059814,
        0.3892067074775696
    ],
    "test_r2_history": [
        -0.1904134750366211,
        -0.2806680202484131,
        -0.02976548671722412,
        0.3413345217704773,
        0.19618993997573853,
        0.3601876497268677,
        0.22041630744934082,
        0.5181668996810913,
        0.3639402985572815,
        0.07106399536132812,
        0.25494807958602905,
        0.32900911569595337,
        0.2811896800994873,
        0.17109888792037964,
        0.5286605954170227,
        0.34426605701446533,
        0.27533382177352905,
        0.32467538118362427,
        0.3543018698692322,
        0.23206883668899536,
        0.40529865026474,
        0.41799598932266235,
        0.5266815423965454,
        0.451494038105011,
        0.42254704236984253,
        0.5212975740432739,
        0.47794049978256226,
        0.43503570556640625,
        0.4150019884109497,
        0.4363645911216736,
        0.45910775661468506,
        0.4716925621032715,
        0.43838226795196533,
        0.45771801471710205
    ],
    "train_loss_history": [
        41.75740538703071,
        32.51569069756402,
        33.43956608242459,
        27.032623079087998,
        25.595796797010635,
        25.313373671637642,
        26.928973886701797,
        24.553024821811253,
        22.799971368577744,
        22.381306489308674,
        20.58626100752089,
        21.924617131551106,
        21.10210911432902,
        15.947711904843649,
        18.47525543636746,
        15.366837872399223,
        19.825764338175457,
        17.216957410176594,
        26.584816614786785,
        20.561289893256294,
        20.269670221540665,
        17.98395472102695,
        15.098039786020914,
        17.530391905042862,
        16.051644987530178,
        15.82038958867391,
        13.083392222722372,
        19.808407306671143,
        13.123299598693848,
        13.710982375674778,
        11.767442067464193,
        18.285079108344185,
        19.277060906092327,
        18.479321267869736
    ],
    "test_loss_history": [
        67.1091537475586,
        72.19721984863281,
        58.052669525146484,
        37.132041931152344,
        45.314510345458984,
        36.0692024230957,
        43.948768615722656,
        27.163175582885742,
        35.857643127441406,
        52.36844253540039,
        42.00204849243164,
        37.826881408691406,
        40.522682189941406,
        46.7290153503418,
        26.57159996032715,
        36.96677780151367,
        40.852806091308594,
        38.07119369506836,
        36.40100860595703,
        43.2918586730957,
        33.526084899902344,
        32.81027603149414,
        26.68316650390625,
        30.921836853027344,
        32.5537109375,
        26.986684799194336,
        29.430923461914062,
        31.849668502807617,
        32.97905731201172,
        31.77475357055664,
        30.492618560791016,
        29.78314781188965,
        31.661006927490234,
        30.570964813232422
    ]
}