{
    "num_conv_blocks": 3,
    "initial_channels": 32,
    "dropout_rate": 0.33,
    "learning_rate": 0.001,
    "best_test_r2": 0.8471230268478394,
    "best_test_loss": 0.15623988211154938,
    "final_train_r2": 0.4721527099609375,
    "train_r2_history": [
        -0.8002029657363892,
        -0.1205059289932251,
        -0.35047030448913574,
        0.12108373641967773,
        -0.530624270439148,
        -0.04435324668884277,
        0.08703446388244629,
        0.0441548228263855,
        0.22007101774215698,
        -0.048575758934020996,
        -0.042106032371520996,
        0.19161242246627808,
        0.226529061794281,
        -0.03287076950073242,
        0.057326316833496094,
        0.30036813020706177,
        0.2719060778617859,
        0.32330626249313354,
        0.2365097999572754,
        0.33561110496520996,
        0.22628545761108398,
        0.5515973567962646,
        0.3849191665649414,
        0.39309853315353394,
        0.12740707397460938,
        0.37223219871520996,
        0.3615519404411316,
        0.4149775505065918,
        0.17595839500427246,
        0.2804343104362488,
        0.3900086283683777,
        0.450756311416626,
        0.4985286593437195,
        0.28964120149612427,
        0.42887234687805176,
        0.3441997766494751,
        0.397768497467041,
        0.37301361560821533,
        0.5352749824523926,
        0.45331084728240967,
        0.4608750343322754,
        0.45066606998443604,
        0.4123610854148865,
        0.441775918006897,
        0.49305814504623413,
        0.4661262035369873,
        0.5621352791786194,
        0.4721527099609375
    ],
    "test_r2_history": [
        -0.7299809455871582,
        -0.5198538303375244,
        -0.5591316223144531,
        -0.24015593528747559,
        0.24831748008728027,
        0.5073174238204956,
        0.5736302733421326,
        0.7482736110687256,
        0.4563448429107666,
        0.28463393449783325,
        0.6677439212799072,
        0.6915667653083801,
        0.4799891710281372,
        0.44835102558135986,
        0.5188021063804626,
        0.5215142965316772,
        0.6308543086051941,
        0.638925313949585,
        0.6347652077674866,
        0.5226241946220398,
        0.6638249754905701,
        0.7613245248794556,
        0.8041857481002808,
        0.6730002760887146,
        0.6503070592880249,
        0.7542721033096313,
        0.7886091470718384,
        0.8135983943939209,
        0.8471230268478394,
        0.8467872142791748,
        0.8326517939567566,
        0.728010356426239,
        0.801744818687439,
        0.7144910097122192,
        0.5381819009780884,
        0.7697995901107788,
        0.7417553067207336,
        0.769408643245697,
        0.7516936659812927,
        0.7034697532653809,
        0.7020872831344604,
        0.6793081760406494,
        0.6785165071487427,
        0.6553939580917358,
        0.7449912428855896,
        0.7658224701881409,
        0.7748562693595886,
        0.7930599451065063
    ],
    "train_loss_history": [
        1.8694133808215458,
        1.1744624409410689,
        1.401331557167901,
        0.9079160292943319,
        1.5663968506786559,
        1.0734333544969559,
        0.942850778500239,
        0.9867538809776306,
        0.8021185563670264,
        1.0797287457519107,
        1.0670169194539387,
        0.8374498701757855,
        0.8019108010662926,
        1.0837325404087703,
        0.9727146228154501,
        0.7207416693369547,
        0.7581858999199338,
        0.6984878927469254,
        0.7893288665347629,
        0.6932484805583954,
        0.8014101733764013,
        0.4696344882249832,
        0.6365506615903642,
        0.6238876606027285,
        0.9089948402510749,
        0.6456121918227937,
        0.6549676259358724,
        0.606189144982232,
        0.8530115683873495,
        0.740205716755655,
        0.6326665381590525,
        0.5830317652887769,
        0.5242030620574951,
        0.7275529719061322,
        0.6007600244548585,
        0.6853583173619376,
        0.6192898518509335,
        0.6458035078313615,
        0.4751785745223363,
        0.5663649439811707,
        0.5586713386906518,
        0.5634217941098743,
        0.5994263357586331,
        0.5780722796916962,
        0.5249825699461831,
        0.5554952240652509,
        0.4523216916455163,
        0.5429286836749978
    ],
    "test_loss_history": [
        1.7680364847183228,
        1.553287148475647,
        1.5934289693832397,
        1.2674365043640137,
        0.7682177424430847,
        0.5035204887390137,
        0.4357488453388214,
        0.25726377964019775,
        0.5556142330169678,
        0.731102466583252,
        0.3395649194717407,
        0.315218061208725,
        0.5314497947692871,
        0.5637840032577515,
        0.49178311228752136,
        0.489011287689209,
        0.3772660195827484,
        0.36901745200157166,
        0.37326905131340027,
        0.48787689208984375,
        0.34357014298439026,
        0.24392575025558472,
        0.20012167096138,
        0.3341929316520691,
        0.3573853373527527,
        0.25113335251808167,
        0.2160409837961197,
        0.19050204753875732,
        0.15623988211154938,
        0.15658311545848846,
        0.1710294634103775,
        0.2779727876186371,
        0.20261630415916443,
        0.2917894721031189,
        0.47197702527046204,
        0.23526430130004883,
        0.2639254629611969,
        0.23566381633281708,
        0.2537685036659241,
        0.30305323004722595,
        0.3044661283493042,
        0.32774627208709717,
        0.3285553455352783,
        0.3521865904331207,
        0.26061832904815674,
        0.23932889103889465,
        0.23009634017944336,
        0.21149228513240814
    ]
}