{
    "num_conv_blocks": 4,
    "initial_channels": 64,
    "dropout_rate": 0.33,
    "learning_rate": 0.001,
    "best_test_r2": 0.6189897656440735,
    "best_test_loss": 3.985639810562134,
    "final_train_r2": -0.4955482482910156,
    "train_r2_history": [
        -12.567320823669434,
        -4.292989730834961,
        -2.4458208084106445,
        -2.029326915740967,
        -1.5225608348846436,
        -1.2553160190582275,
        -1.6608586311340332,
        -1.9177272319793701,
        -2.524461030960083,
        -1.0608868598937988,
        -1.4161829948425293,
        -1.7257483005523682,
        -0.8029351234436035,
        -0.975704550743103,
        -1.0532820224761963,
        -0.9820263385772705,
        -1.1893467903137207,
        -0.5928114652633667,
        -0.6973193883895874,
        -0.974838137626648,
        -0.9569761753082275,
        -1.1357090473175049,
        -0.4955482482910156
    ],
    "test_r2_history": [
        -14.429126739501953,
        -23.139141082763672,
        -8.17971134185791,
        0.6189897656440735,
        -0.6120917797088623,
        0.33970576524734497,
        0.29726535081863403,
        -0.04529118537902832,
        -0.02564215660095215,
        0.07435160875320435,
        0.2721875309944153,
        -0.01688230037689209,
        -0.03712308406829834,
        0.45162665843963623,
        -0.22034597396850586,
        0.4583001732826233,
        0.2717910408973694,
        0.3349965810775757,
        0.35321688652038574,
        0.39107972383499146,
        0.29288023710250854,
        0.23588567972183228,
        0.2745746374130249
    ],
    "train_loss_history": [
        134.5697824160258,
        52.70980358123779,
        34.66646957397461,
        30.101887914869522,
        25.513511233859592,
        22.196945190429688,
        26.739378929138184,
        29.30717404683431,
        34.89783244662814,
        21.244027031792534,
        24.02543354034424,
        26.96459282769097,
        17.78565698199802,
        19.839006000094944,
        21.190682411193848,
        20.031962182786728,
        21.90936501820882,
        15.811312039693197,
        16.9083219104343,
        19.962223688761394,
        19.376285447014702,
        21.50135061475966,
        15.204716285069784
    ],
    "test_loss_history": [
        161.3997039794922,
        252.5126953125,
        96.0263442993164,
        3.985639810562134,
        16.86363410949707,
        6.9071502685546875,
        7.351107597351074,
        10.934494018554688,
        10.728949546813965,
        9.682944297790527,
        7.613439559936523,
        10.637317657470703,
        10.84904956817627,
        5.736377716064453,
        12.765691757202148,
        5.666568279266357,
        7.617587089538574,
        6.956412315368652,
        6.765815258026123,
        6.369741439819336,
        7.396979808807373,
        7.993183135986328,
        7.588468551635742
    ]
}