{
    "num_conv_blocks": 4,
    "initial_channels": 32,
    "dropout_rate": 0.33,
    "learning_rate": 0.001,
    "best_test_r2": 0.49847888946533203,
    "best_test_loss": 28.273080825805664,
    "final_train_r2": 0.28272271156311035,
    "train_r2_history": [
        -0.12534785270690918,
        -0.07297611236572266,
        0.0550653338432312,
        0.03752624988555908,
        0.13718348741531372,
        0.1645033359527588,
        0.2111494541168213,
        0.18856221437454224,
        0.30578458309173584,
        0.24466824531555176,
        0.2091580629348755,
        0.2204439640045166,
        0.30207788944244385,
        0.3603885769844055,
        0.3701353073120117,
        0.3167985677719116,
        0.18667656183242798,
        0.16388827562332153,
        0.2697039246559143,
        0.3116506338119507,
        0.3716176152229309,
        0.33102643489837646,
        0.41259872913360596,
        0.40249717235565186,
        0.31717127561569214,
        0.3828028440475464,
        0.33161312341690063,
        0.4012796878814697,
        0.41318756341934204,
        0.2808878421783447,
        0.28272271156311035
    ],
    "test_r2_history": [
        -0.34229063987731934,
        -0.36719465255737305,
        -0.15955984592437744,
        0.17184358835220337,
        0.2166041135787964,
        0.1550006866455078,
        0.4284932017326355,
        0.38728392124176025,
        0.28812485933303833,
        0.39333581924438477,
        0.45133811235427856,
        0.49847888946533203,
        0.4321989417076111,
        0.28739678859710693,
        0.4122025966644287,
        0.32172852754592896,
        0.403800904750824,
        0.35315269231796265,
        0.34717631340026855,
        0.39788365364074707,
        0.23494887351989746,
        0.40272998809814453,
        0.3883483409881592,
        0.3626917600631714,
        0.39541131258010864,
        0.36396700143814087,
        0.3481636047363281,
        0.16362470388412476,
        0.1300814151763916,
        0.3702217936515808,
        0.44889694452285767
    ],
    "train_loss_history": [
        34.21642748514811,
        32.57308366563585,
        28.62402629852295,
        29.226668145921494,
        26.478902075025772,
        25.278432687123615,
        23.96287801530626,
        24.758992460038925,
        20.971694628397625,
        23.291414472791885,
        24.12995253668891,
        23.543326483832466,
        21.37839190165202,
        19.472159809536404,
        19.371216668023003,
        20.823773596021866,
        24.55497497982449,
        25.69475449456109,
        22.27986431121826,
        20.932470427619087,
        19.030481815338135,
        20.30136924319797,
        17.91179847717285,
        18.089676327175564,
        21.0483185450236,
        18.763569513956707,
        20.20845815870497,
        18.11689938439263,
        17.922904544406467,
        21.691196547614204,
        21.949458440144856
    ],
    "test_loss_history": [
        75.6711654663086,
        77.07513427734375,
        65.36979675292969,
        46.687034606933594,
        44.16366958618164,
        47.63655471801758,
        32.21849822998047,
        34.54166030883789,
        40.131717681884766,
        34.200477600097656,
        30.930620193481445,
        28.273080825805664,
        32.00959014892578,
        40.17276382446289,
        33.136878967285156,
        38.23732376098633,
        33.61052322387695,
        36.46579360961914,
        36.80270767211914,
        33.9441032409668,
        43.129493713378906,
        33.67089080810547,
        34.48165512084961,
        35.928035736083984,
        34.08348083496094,
        35.85614776611328,
        36.74705505371094,
        47.15037536621094,
        49.04136276245117,
        35.5035285949707,
        31.068248748779297
    ]
}