{
    "num_conv_blocks": 2,
    "initial_channels": 64,
    "dropout_rate": 0.33,
    "learning_rate": 0.001,
    "best_test_r2": 0.49233949184417725,
    "best_test_loss": 5.310492038726807,
    "final_train_r2": -0.9249889850616455,
    "train_r2_history": [
        -13.256316184997559,
        -3.822033405303955,
        -4.541839122772217,
        -3.5267300605773926,
        -3.6355223655700684,
        -2.9501707553863525,
        -3.2053470611572266,
        -3.4831271171569824,
        -1.9513602256774902,
        -1.8825082778930664,
        -2.224130868911743,
        -2.9860312938690186,
        -3.7893800735473633,
        -2.2131805419921875,
        -2.936291456222534,
        -2.986652135848999,
        -2.2157390117645264,
        -2.7629570960998535,
        -1.6514053344726562,
        -1.2854809761047363,
        -2.0165040493011475,
        -1.3472743034362793,
        -2.225233316421509,
        -1.849205732345581,
        -1.9124665260314941,
        -1.2770969867706299,
        -1.7851717472076416,
        -0.9088677167892456,
        -1.5262742042541504,
        -1.9940600395202637,
        -1.0698928833007812,
        -1.504359483718872,
        -1.6446666717529297,
        -1.886000633239746,
        -0.5585950613021851,
        -0.7686309814453125,
        -1.2284762859344482,
        -1.5762786865234375,
        -1.4794645309448242,
        -1.3678562641143799,
        -0.966637134552002,
        -1.4110069274902344,
        -0.9412140846252441,
        -1.3508729934692383,
        -0.9249889850616455
    ],
    "test_r2_history": [
        -21.027299880981445,
        -3.948791980743408,
        -2.6518824100494385,
        -1.6906497478485107,
        -1.0799336433410645,
        -0.6917035579681396,
        -0.8999840021133423,
        0.1556900143623352,
        -0.49555397033691406,
        -0.05182218551635742,
        -0.325459361076355,
        -0.32695698738098145,
        -3.482112407684326,
        -0.4666846990585327,
        -3.5457701683044434,
        -0.8702898025512695,
        -1.2184219360351562,
        -0.6600344181060791,
        -1.1903083324432373,
        0.31529152393341064,
        -0.47085583209991455,
        -0.37788987159729004,
        -1.402853012084961,
        -0.27801382541656494,
        -1.0730938911437988,
        0.49233949184417725,
        -0.22800171375274658,
        0.11437320709228516,
        0.05661213397979736,
        -0.3756812810897827,
        -0.7898114919662476,
        -0.03559720516204834,
        0.4752865433692932,
        0.09351396560668945,
        0.3489401936531067,
        -0.1734786033630371,
        0.011676490306854248,
        -0.5651623010635376,
        -0.9193073511123657,
        -0.274324893951416,
        0.021094858646392822,
        -0.17461919784545898,
        -0.36743593215942383,
        -0.13063061237335205,
        -0.11284410953521729
    ],
    "train_loss_history": [
        141.99613528781467,
        49.182515462239586,
        55.04331196679009,
        45.01574579874674,
        46.190257178412544,
        39.62689230177138,
        42.36807017856174,
        45.248946401808,
        29.370562447441948,
        29.07692442999946,
        32.08508120642768,
        39.75727801852756,
        48.53958977593316,
        32.073299672868515,
        39.347141901652016,
        39.91570705837674,
        31.904415130615234,
        37.58622953626845,
        27.143353568183052,
        22.7834177547031,
        30.472558339436848,
        23.799639066060383,
        32.14287916819254,
        28.585056728786892,
        29.36953608194987,
        22.616994751824272,
        28.46930800543891,
        19.151607725355362,
        25.07766882578532,
        30.02645884619819,
        20.616708861456978,
        25.036491923862034,
        26.910321341620552,
        28.797428131103516,
        15.486079533894857,
        17.62143357594808,
        22.015505684746635,
        25.81740877363417,
        24.935034963819717,
        23.758501476711697,
        19.91069663895501,
        24.624296877119278,
        19.340052074856228,
        23.9283873240153,
        19.0739901860555
    ],
    "test_loss_history": [
        230.42132568359375,
        51.767913818359375,
        38.20130157470703,
        28.146121978759766,
        21.757593154907227,
        17.696430206298828,
        19.875192642211914,
        8.832086563110352,
        15.644564628601074,
        11.002812385559082,
        13.865254402160645,
        13.880919456481934,
        46.8861083984375,
        15.342571258544922,
        47.552001953125,
        19.5645694732666,
        23.206279754638672,
        17.365148544311523,
        22.91219139099121,
        7.162540912628174,
        15.386202812194824,
        14.413713455200195,
        25.135562896728516,
        13.368940353393555,
        21.686044692993164,
        5.310492038726807,
        12.845776557922363,
        9.264290809631348,
        9.868512153625488,
        14.39061164855957,
        18.72270965576172,
        10.833088874816895,
        5.488879203796387,
        9.482492446899414,
        6.810552597045898,
        12.275425910949707,
        10.338571548461914,
        16.37272071838379,
        20.077327728271484,
        13.33034896850586,
        10.2400484085083,
        12.287358283996582,
        14.304357528686523,
        11.827205657958984,
        11.641146659851074
    ]
}