{
    "num_conv_blocks": 3,
    "initial_channels": 64,
    "dropout_rate": 0.33,
    "learning_rate": 0.0001,
    "best_test_r2": 0.6510121822357178,
    "best_test_loss": 3.650662660598755,
    "final_train_r2": -0.6849045753479004,
    "train_r2_history": [
        -27.856502532958984,
        -9.701343536376953,
        -2.9559922218322754,
        -2.875089645385742,
        -1.8736882209777832,
        -1.8533844947814941,
        -1.2492058277130127,
        -1.4146101474761963,
        -1.7783739566802979,
        -1.32448148727417,
        -1.2442495822906494,
        -2.2966835498809814,
        -1.2574827671051025,
        -1.0571515560150146,
        -1.7444500923156738,
        -1.087188720703125,
        -1.4850654602050781,
        -0.8684796094894409,
        -1.1540782451629639,
        -0.7627052068710327,
        -0.6630808115005493,
        -1.6808702945709229,
        -0.9878590106964111,
        -1.0951242446899414,
        -0.7020586729049683,
        -0.6804200410842896,
        -0.7709704637527466,
        -0.6466008424758911,
        -0.9163069725036621,
        -1.2323853969573975,
        -0.45718586444854736,
        -0.7814236879348755,
        -0.5016454458236694,
        -0.7535587549209595,
        -0.6282792091369629,
        -0.7947368621826172,
        -0.6171112060546875,
        -0.677872896194458,
        -0.2103722095489502,
        -0.6022777557373047,
        -0.3975032567977905,
        -0.5176506042480469,
        -0.6849045753479004
    ],
    "test_r2_history": [
        -31.86966323852539,
        -22.753215789794922,
        -10.105155944824219,
        -5.194469451904297,
        -3.7019166946411133,
        -1.9961042404174805,
        -1.0729105472564697,
        -0.9703823328018188,
        -0.8735272884368896,
        -0.19735825061798096,
        -0.9348917007446289,
        0.14252203702926636,
        -0.3886890411376953,
        -1.190429449081421,
        -0.4638265371322632,
        -1.171649694442749,
        -0.12465095520019531,
        0.1489543914794922,
        -0.07850754261016846,
        -0.11086153984069824,
        -0.3412967920303345,
        0.25305962562561035,
        0.3035154342651367,
        0.6510121822357178,
        0.4435403347015381,
        0.34743404388427734,
        0.38073456287384033,
        0.21766453981399536,
        0.5017507076263428,
        0.28362178802490234,
        -0.004074454307556152,
        -0.37764501571655273,
        -0.3621983528137207,
        0.3886941075325012,
        0.5078725814819336,
        0.4201294183731079,
        0.523959755897522,
        0.5371206402778625,
        0.5548011064529419,
        0.4801073670387268,
        0.3923441171646118,
        0.43938326835632324,
        0.4674983024597168
    ],
    "train_loss_history": [
        287.0344458685981,
        105.43648486667209,
        40.379428227742515,
        38.568453047010635,
        28.842852062649197,
        29.017039510938858,
        22.456576453314888,
        24.23162661658393,
        27.35983000861274,
        23.007645924886067,
        22.281002256605362,
        33.45132859547933,
        22.497956699795193,
        20.572184138827854,
        27.21406141916911,
        21.540281295776367,
        24.780597580803764,
        18.640544891357422,
        21.922202746073406,
        17.542341656155056,
        16.557958179050022,
        26.96095583173964,
        20.274568027920193,
        20.886604097154404,
        17.08704180187649,
        16.936381498972576,
        17.713802946938408,
        16.777689721849228,
        19.22607379489475,
        22.576387617323135,
        14.508864932590061,
        17.806938913133408,
        15.203191386328804,
        17.68515247768826,
        16.516833517286514,
        18.100020302666557,
        16.09233750237359,
        16.801629066467285,
        12.01528294881185,
        15.805671797858345,
        14.095367617077297,
        15.221166822645399,
        16.692077106899685
    ],
    "test_loss_history": [
        343.8401794433594,
        248.4756317138672,
        116.1678695678711,
        64.798583984375,
        49.1854133605957,
        31.34139633178711,
        21.684127807617188,
        20.61161231994629,
        19.59843635559082,
        12.525224685668945,
        20.240354537963867,
        8.969833374023438,
        14.526680946350098,
        22.9134578704834,
        15.312673568725586,
        22.717010498046875,
        11.764654159545898,
        8.902546882629395,
        11.281959533691406,
        11.620407104492188,
        14.030922889709473,
        7.813530921936035,
        7.2857279777526855,
        3.650662660598755,
        5.820966720581055,
        6.826308250427246,
        6.477960109710693,
        8.183789253234863,
        5.212042808532715,
        7.493828773498535,
        10.503336906433105,
        14.411152839660645,
        14.249570846557617,
        6.394697189331055,
        5.14800500869751,
        6.065861225128174,
        4.979721546173096,
        4.842049598693848,
        4.65709924697876,
        5.438448905944824,
        6.356514930725098,
        5.864452362060547,
        5.570348739624023
    ]
}