{
    "num_conv_blocks": 4,
    "initial_channels": 16,
    "dropout_rate": 0.33,
    "learning_rate": 0.001,
    "best_test_r2": 0.6210689544677734,
    "best_test_loss": 3.9638900756835938,
    "final_train_r2": -1.3580994606018066,
    "train_r2_history": [
        -22.150362014770508,
        -6.315495491027832,
        -3.66176176071167,
        -1.9494297504425049,
        -3.636685848236084,
        -1.3426580429077148,
        -2.2630460262298584,
        -1.5558695793151855,
        -1.4394612312316895,
        -0.7874560356140137,
        -1.113415241241455,
        -0.977873682975769,
        -1.193673849105835,
        -1.7086591720581055,
        -1.3473780155181885,
        -1.3883864879608154,
        -1.238532304763794,
        -0.8602830171585083,
        -1.760098934173584,
        -0.9477202892303467,
        -1.1378297805786133,
        -1.4296314716339111,
        -1.312199592590332,
        -0.7839268445968628,
        -0.9683036804199219,
        -0.9016255140304565,
        -1.1150970458984375,
        -1.3580994606018066
    ],
    "test_r2_history": [
        -25.269527435302734,
        -11.382628440856934,
        -6.207174777984619,
        0.4277305006980896,
        -1.8468782901763916,
        -0.26765894889831543,
        -0.25153934955596924,
        -0.03584778308868408,
        0.6210689544677734,
        -0.005611896514892578,
        0.49407052993774414,
        0.1885303258895874,
        0.2589089870452881,
        -1.0352518558502197,
        -0.909642219543457,
        -0.13988745212554932,
        0.28608548641204834,
        0.45920491218566895,
        -0.027205228805541992,
        0.06780380010604858,
        0.09087413549423218,
        0.09922581911087036,
        -0.11997807025909424,
        0.22953814268112183,
        0.2543390989303589,
        -0.15598070621490479,
        0.0946771502494812,
        0.0074155330657958984
    ],
    "train_loss_history": [
        228.12457784016928,
        72.24672020806207,
        46.446247312757706,
        29.106688605414497,
        46.42112520005968,
        23.250544018215603,
        32.978264066908096,
        25.52174186706543,
        24.70109674665663,
        18.055393113030327,
        21.054458724127876,
        19.812974399990505,
        21.98849211798774,
        26.815512551201714,
        23.701831287807888,
        23.69409105512831,
        22.208430290222168,
        18.744043350219727,
        27.926076465182835,
        19.651485231187607,
        21.178488890329998,
        24.077435387505425,
        23.1087064743042,
        17.8172992600335,
        20.17499107784695,
        18.91915692223443,
        21.60332457224528,
        23.41223626666599
    ],
    "test_loss_history": [
        274.79803466796875,
        129.53115844726562,
        75.39220428466797,
        5.986347675323486,
        29.780385971069336,
        13.2606201171875,
        13.091997146606445,
        10.835710525512695,
        3.9638900756835938,
        10.519420623779297,
        5.292384624481201,
        8.488553047180176,
        7.7523417472839355,
        21.290191650390625,
        19.976226806640625,
        11.924038887023926,
        7.468056678771973,
        5.657103061676025,
        10.745302200317383,
        9.751439094543457,
        9.510107040405273,
        9.42274284362793,
        11.715770721435547,
        8.059582710266113,
        7.800147533416748,
        12.092385292053223,
        9.47032642364502,
        10.38314437866211
    ]
}