{
    "num_conv_blocks": 2,
    "initial_channels": 32,
    "dropout_rate": 0.33,
    "learning_rate": 0.001,
    "best_test_r2": 0.6753267049789429,
    "best_test_loss": 0.3318153917789459,
    "final_train_r2": 0.062337636947631836,
    "train_r2_history": [
        -3.4787344932556152,
        -0.655868649482727,
        -0.6837502717971802,
        -0.17836534976959229,
        -0.6846421957015991,
        -0.2540215253829956,
        -0.1991368532180786,
        -0.051550984382629395,
        -0.18309342861175537,
        -0.06178581714630127,
        0.05485504865646362,
        -0.23532211780548096,
        0.05338871479034424,
        -0.23277676105499268,
        0.19100183248519897,
        -0.043300747871398926,
        -0.05498611927032471,
        0.017264723777770996,
        0.14766806364059448,
        0.1513161063194275,
        -0.08226752281188965,
        0.08735406398773193,
        0.26849061250686646,
        0.10600787401199341,
        0.22203397750854492,
        0.062337636947631836
    ],
    "test_r2_history": [
        -0.7019919157028198,
        -0.49134159088134766,
        -0.08508527278900146,
        -0.025303959846496582,
        -0.02751636505126953,
        0.5792152881622314,
        0.6753267049789429,
        -0.21738052368164062,
        0.5641874074935913,
        -0.13214361667633057,
        -0.17167699337005615,
        0.4335394501686096,
        0.19200873374938965,
        0.32675206661224365,
        0.6690072417259216,
        0.5167341232299805,
        0.553701639175415,
        0.26391977071762085,
        0.6446642875671387,
        0.5976788401603699,
        0.48739010095596313,
        0.5121131539344788,
        0.5671063661575317,
        0.6374374628067017,
        0.5344716310501099,
        0.5108223557472229
    ],
    "train_loss_history": [
        4.581090105904473,
        1.6928500533103943,
        1.7302654137214024,
        1.2050710916519165,
        1.737846679157681,
        1.30890072716607,
        1.2573820600907009,
        1.0992754565344915,
        1.2135503192742665,
        1.1010433865918055,
        0.9800751672850715,
        1.2815656695100996,
        0.973454432355033,
        1.279793659845988,
        0.8453650507662032,
        1.0812165190776188,
        1.092806488275528,
        1.0297896133528814,
        0.8946514510446124,
        0.8670334584183164,
        1.1132157676749759,
        0.9432746569315592,
        0.7544747491677603,
        0.924896177318361,
        0.8141347368558248,
        0.9890580375989279
    ],
    "test_loss_history": [
        1.7394317388534546,
        1.524147629737854,
        1.108954668045044,
        1.0478582382202148,
        1.0501192808151245,
        0.43004098534584045,
        0.3318153917789459,
        1.2441600561141968,
        0.4453994631767273,
        1.157048225402832,
        1.197451114654541,
        0.578921377658844,
        0.8257651329040527,
        0.6880577802658081,
        0.3382737934589386,
        0.49389657378196716,
        0.4561159014701843,
        0.7522721886634827,
        0.36315226554870605,
        0.4111712872982025,
        0.5238860845565796,
        0.4986192286014557,
        0.44241634011268616,
        0.37053802609443665,
        0.47576889395713806,
        0.499938428401947
    ]
}