{
    "num_conv_blocks": 4,
    "initial_channels": 32,
    "dropout_rate": 0.33,
    "learning_rate": 0.0001,
    "best_test_r2": 0.26820802688598633,
    "best_test_loss": 246.603515625,
    "final_train_r2": 0.36965304613113403,
    "train_r2_history": [
        -3.2465128898620605,
        -2.935699701309204,
        -2.4058752059936523,
        -1.6321277618408203,
        -0.7653615474700928,
        -0.1990600824356079,
        0.09692490100860596,
        0.10539162158966064,
        0.16778349876403809,
        -0.05239236354827881,
        -0.11313843727111816,
        -0.023508310317993164,
        0.023240864276885986,
        0.3320881128311157,
        0.07273012399673462,
        0.30772095918655396,
        0.2134774923324585,
        0.31375324726104736,
        0.31758052110671997,
        0.1623363494873047,
        0.18362224102020264,
        0.26947206258773804,
        0.22465884685516357,
        0.415999174118042,
        0.1307782530784607,
        0.25072580575942993,
        0.2519577145576477,
        0.23935526609420776,
        0.3523215651512146,
        0.3220357298851013,
        0.26232171058654785,
        0.37313735485076904,
        0.3127313256263733,
        0.36965304613113403
    ],
    "test_r2_history": [
        -3.5981669425964355,
        -3.483090400695801,
        -3.202199935913086,
        -2.7013041973114014,
        -2.0459234714508057,
        -1.2957854270935059,
        -0.3916127681732178,
        -0.36689960956573486,
        -0.13222801685333252,
        -0.06832242012023926,
        -0.2486569881439209,
        -0.35240983963012695,
        -0.14069747924804688,
        0.18452495336532593,
        0.26820802688598633,
        0.1585131287574768,
        0.23531478643417358,
        0.05705612897872925,
        0.03754490613937378,
        0.11218678951263428,
        0.08387935161590576,
        0.1549520492553711,
        0.1964516043663025,
        0.24507218599319458,
        0.17827534675598145,
        0.2087000608444214,
        0.1748918890953064,
        0.18802613019943237,
        0.23011547327041626,
        0.24008655548095703,
        0.21115374565124512,
        0.20542973279953003,
        0.1864801049232483,
        0.15292900800704956
    ],
    "train_loss_history": [
        1471.2867024739583,
        1363.3226182725693,
        1178.6924913194443,
        909.8570149739584,
        612.6106397840712,
        415.27721828884546,
        319.7208438449436,
        308.66695488823785,
        286.30940585666235,
        366.2092692057292,
        390.45385403103296,
        355.2226282755534,
        338.72980244954425,
        229.2683465745714,
        319.5239198472765,
        239.42467837863498,
        270.8765165540907,
        237.0296024746365,
        239.2877960205078,
        293.9807603624132,
        283.8132264879015,
        253.689092848036,
        274.7376708984375,
        200.48834567599826,
        300.8399658203125,
        258.8402565850152,
        257.9696909586589,
        264.21522352430554,
        225.15956285264758,
        234.55350240071616,
        255.6597400241428,
        217.12487030029297,
        237.53248850504556,
        219.40317408243814
    ],
    "test_loss_history": [
        1549.5167236328125,
        1510.7379150390625,
        1416.0816650390625,
        1247.286865234375,
        1026.43310546875,
        773.6471557617188,
        468.9537658691406,
        460.6257629394531,
        381.5447998046875,
        360.00946044921875,
        420.7796630859375,
        455.7429504394531,
        384.3988342285156,
        274.80352783203125,
        246.603515625,
        283.5691223144531,
        257.68804931640625,
        317.7586975097656,
        324.33367919921875,
        299.18048095703125,
        308.7196350097656,
        284.7691345214844,
        270.784423828125,
        254.3999481201172,
        276.9095458984375,
        266.6568603515625,
        278.0497131347656,
        273.62371826171875,
        259.440185546875,
        256.0800476074219,
        265.83001708984375,
        267.7589111328125,
        274.1446533203125,
        285.450927734375
    ]
}