{
    "num_conv_blocks": 4,
    "initial_channels": 16,
    "dropout_rate": 0.33,
    "learning_rate": 0.001,
    "best_test_r2": 0.8114686012268066,
    "best_test_loss": 0.19267867505550385,
    "final_train_r2": 0.21704888343811035,
    "train_r2_history": [
        -0.8643862009048462,
        -0.5050626993179321,
        -0.10754215717315674,
        0.009233951568603516,
        -0.125075101852417,
        0.0690000057220459,
        0.11263936758041382,
        -0.1282562017440796,
        -0.2670658826828003,
        0.0441402792930603,
        0.014280915260314941,
        0.1757604479789734,
        0.16019165515899658,
        0.11916494369506836,
        0.33056068420410156,
        0.0433160662651062,
        0.04076308012008667,
        0.18997228145599365,
        0.36882686614990234,
        0.15905195474624634,
        0.39161598682403564,
        0.20405298471450806,
        0.1583234667778015,
        0.09554076194763184,
        -0.09153711795806885,
        0.2127324938774109,
        0.22583931684494019,
        0.26154375076293945,
        0.4540901184082031,
        0.21599572896957397,
        0.12417834997177124,
        0.3305267095565796,
        0.21704888343811035
    ],
    "test_r2_history": [
        -1.3456306457519531,
        -0.4201873540878296,
        0.10935372114181519,
        0.10305273532867432,
        0.28271156549453735,
        0.5408424139022827,
        0.4643442630767822,
        0.15860629081726074,
        0.3975238800048828,
        0.7485142946243286,
        0.7376019954681396,
        0.6851091384887695,
        0.5725118517875671,
        0.8114686012268066,
        0.59438157081604,
        0.781915545463562,
        0.427015483379364,
        0.7534862160682678,
        0.7727756500244141,
        0.3953799605369568,
        0.474160373210907,
        0.5748504400253296,
        0.6684677600860596,
        0.731858491897583,
        0.5130391120910645,
        0.5944293737411499,
        0.5654292106628418,
        0.6418602466583252,
        0.7434279918670654,
        0.7590643167495728,
        0.6789301633834839,
        0.6352014541625977,
        0.6509739756584167
    ],
    "train_loss_history": [
        1.928378485971027,
        1.5620919896496668,
        1.1404586897956,
        1.0281807018650904,
        1.1734261934955914,
        0.9576784604125552,
        0.9253154695034027,
        1.165270275539822,
        1.3130873425139322,
        0.9930290447341071,
        1.0182829598585765,
        0.8483866353829702,
        0.8683759404553307,
        0.9064367430077659,
        0.6971966988510556,
        0.9983863333861033,
        0.9921992785400815,
        0.8553863134649065,
        0.6504575146569146,
        0.8633180624908872,
        0.6335419432984458,
        0.8324439856741164,
        0.8978949122958713,
        0.9402311974101596,
        1.1250549488597446,
        0.8217328488826752,
        0.7974450786908468,
        0.7758886847231123,
        0.565078897608651,
        0.8135644412702985,
        0.9007186955875821,
        0.7089713861544927,
        0.801485237148073
    ],
    "test_loss_history": [
        2.397228956222534,
        1.4514281749725342,
        0.9102383852005005,
        0.9166780114173889,
        0.7330670952796936,
        0.46925798058509827,
        0.54743891954422,
        0.8599023222923279,
        0.6157291531562805,
        0.2570178210735321,
        0.26817017793655396,
        0.3218177258968353,
        0.43689191341400146,
        0.19267867505550385,
        0.41454118490219116,
        0.22288179397583008,
        0.5855887532234192,
        0.25193649530410767,
        0.23222272098064423,
        0.6179202198982239,
        0.537406861782074,
        0.4345017969608307,
        0.33882519602775574,
        0.27403995394706726,
        0.497672975063324,
        0.41449227929115295,
        0.44413039088249207,
        0.36601799726486206,
        0.26221591234207153,
        0.24623572826385498,
        0.328132688999176,
        0.3728232979774475,
        0.35670381784439087
    ]
}