{
    "num_conv_blocks": 4,
    "initial_channels": 32,
    "dropout_rate": 0.33,
    "learning_rate": 0.001,
    "best_test_r2": 0.8177430629730225,
    "best_test_loss": 0.18626612424850464,
    "final_train_r2": 0.19215160608291626,
    "train_r2_history": [
        -0.5175856351852417,
        -0.4189159870147705,
        -0.1412191390991211,
        -0.1701277494430542,
        0.09014749526977539,
        0.16970551013946533,
        -0.06777811050415039,
        -0.22298789024353027,
        -0.0978463888168335,
        0.12682580947875977,
        0.20893925428390503,
        0.3410303592681885,
        -0.018902897834777832,
        -0.020257234573364258,
        0.09041792154312134,
        0.23073738813400269,
        0.2534746527671814,
        0.2590620517730713,
        0.2169472575187683,
        0.317305326461792,
        0.32170015573501587,
        0.44685661792755127,
        0.30073821544647217,
        0.3746653199195862,
        0.19215160608291626
    ],
    "test_r2_history": [
        -0.695655345916748,
        -0.11635184288024902,
        0.2184920310974121,
        0.6916534900665283,
        0.7745987772941589,
        0.8177430629730225,
        0.6558270454406738,
        0.6627180576324463,
        0.3161594867706299,
        0.4425421357154846,
        0.7113054990768433,
        0.7321262359619141,
        0.741051435470581,
        0.5680893659591675,
        0.6841583251953125,
        0.4848346710205078,
        0.532220721244812,
        0.6119605302810669,
        0.6851993799209595,
        0.6738611459732056,
        0.6714918613433838,
        0.7025178670883179,
        0.7811475992202759,
        0.805691123008728,
        0.8043007850646973
    ],
    "train_loss_history": [
        1.5670388920439615,
        1.4835569560527802,
        1.1887745029396481,
        1.2208071417278714,
        0.947065509027905,
        0.8570628033743964,
        1.099308990769916,
        1.2613292684157689,
        1.1317654914326138,
        0.9169942984978358,
        0.8390266597270966,
        0.6905597084098392,
        1.0470934576458402,
        1.0590997669431899,
        0.9327016009224786,
        0.7951341172059377,
        0.7734920117590163,
        0.7696943531433741,
        0.8111031999190649,
        0.7045978142155541,
        0.710976286066903,
        0.5749015957117081,
        0.7298446098963419,
        0.6603918919960657,
        0.8183408280213674
    ],
    "test_loss_history": [
        1.732955813407898,
        1.1409090757369995,
        0.7986993193626404,
        0.3151293396949768,
        0.2303595393896103,
        0.18626612424850464,
        0.3517439663410187,
        0.34470134973526,
        0.6988834142684937,
        0.5697205662727356,
        0.2950451374053955,
        0.2737663984298706,
        0.2646447718143463,
        0.4414116442203522,
        0.32278943061828613,
        0.5264977812767029,
        0.4780692756175995,
        0.3965754210948944,
        0.3217255175113678,
        0.3333131670951843,
        0.3357345461845398,
        0.3040260374546051,
        0.22366659343242645,
        0.19858324527740479,
        0.20000413060188293
    ]
}