{
    "num_conv_blocks": 4,
    "initial_channels": 16,
    "dropout_rate": 0.33,
    "learning_rate": 0.0001,
    "best_test_r2": 0.6081955432891846,
    "best_test_loss": 22.087839126586914,
    "final_train_r2": 0.393332839012146,
    "train_r2_history": [
        -0.32207000255584717,
        -0.19681811332702637,
        -0.13135075569152832,
        -0.03096449375152588,
        0.03436321020126343,
        0.017663240432739258,
        0.09580522775650024,
        0.009713590145111084,
        0.10951626300811768,
        0.14726275205612183,
        0.19018733501434326,
        0.1914292573928833,
        0.2906010150909424,
        0.2737877368927002,
        0.17557716369628906,
        0.3727651834487915,
        0.2631980776786804,
        0.411510705947876,
        0.17469269037246704,
        0.2966007590293884,
        0.3471090793609619,
        0.49225717782974243,
        0.39506328105926514,
        0.3788788318634033,
        0.34686172008514404,
        0.4546931982040405,
        0.45063674449920654,
        0.4703100919723511,
        0.3418304920196533,
        0.5110034942626953,
        0.40650904178619385,
        0.29197388887405396,
        0.37406057119369507,
        0.5252698063850403,
        0.37007641792297363,
        0.3553408980369568,
        0.4880805015563965,
        0.4498636722564697,
        0.4676719307899475,
        0.4882863163948059,
        0.4273553490638733,
        0.393332839012146
    ],
    "test_r2_history": [
        -0.4095250368118286,
        -0.362377405166626,
        -0.2856487035751343,
        -0.19405853748321533,
        -0.0693202018737793,
        0.06562340259552002,
        0.1534334421157837,
        0.17467033863067627,
        0.23666244745254517,
        0.306272029876709,
        0.26251834630966187,
        0.3646000027656555,
        0.4566916227340698,
        0.4769994616508484,
        0.36285489797592163,
        0.42703938484191895,
        0.4000609517097473,
        0.4923969507217407,
        0.31777507066726685,
        0.32067495584487915,
        0.3754030466079712,
        0.5361969470977783,
        0.6081955432891846,
        0.6010552644729614,
        0.5791898965835571,
        0.5425127148628235,
        0.5715738534927368,
        0.26024365425109863,
        0.25174927711486816,
        0.451357901096344,
        0.5268680453300476,
        0.5772130489349365,
        0.5068468451499939,
        0.48837441205978394,
        0.5225111842155457,
        0.46628934144973755,
        0.5043654441833496,
        0.5312541723251343,
        0.5437990427017212,
        0.5476523637771606,
        0.5458689332008362,
        0.5669146180152893
    ],
    "train_loss_history": [
        40.20599280463325,
        36.316496743096245,
        34.376066313849556,
        31.35949526892768,
        29.321689499749077,
        29.922626389397514,
        27.60679605272081,
        30.231579250759548,
        27.09500641292996,
        26.226019435458714,
        24.82654921213786,
        24.74943055046929,
        21.829308827718098,
        22.234171125623917,
        25.10830243428548,
        18.966651810540093,
        22.505801518758137,
        17.921940326690674,
        25.10038397047255,
        21.71423594156901,
        19.82718351152208,
        15.488580067952475,
        18.62153000301785,
        19.066028065151638,
        20.471363067626953,
        16.535346931881374,
        17.125467194451225,
        16.127768516540527,
        19.888301796383328,
        15.049042383829752,
        18.345467143588596,
        21.453330304887558,
        19.121975792778862,
        14.3116840256585,
        19.296223852369522,
        19.545980082617866,
        15.694002840254042,
        17.061956034766304,
        16.194627655877007,
        15.589323143164316,
        17.260945479075115,
        18.435304005940754
    ],
    "test_loss_history": [
        79.46148681640625,
        76.80355834960938,
        72.4780044555664,
        67.31463623046875,
        60.282562255859375,
        52.67515563964844,
        47.72490310668945,
        46.52767562866211,
        43.032894134521484,
        39.10867691040039,
        41.575279235839844,
        35.820457458496094,
        30.62882423400879,
        29.48397445678711,
        35.9188346862793,
        32.30046081542969,
        33.82135772705078,
        28.615951538085938,
        38.4601936340332,
        38.296714782714844,
        35.2114372253418,
        26.1467342376709,
        22.087839126586914,
        22.490373611450195,
        23.7230224609375,
        25.790685653686523,
        24.152374267578125,
        41.70351028442383,
        42.1823844909668,
        30.92951011657715,
        26.672653198242188,
        23.83447265625,
        27.801340103149414,
        28.84271812438965,
        26.91826629638672,
        30.087753295898438,
        27.94122886657715,
        26.425382614135742,
        25.71817398071289,
        25.500938415527344,
        25.601482391357422,
        24.4150390625
    ]
}