{
    "num_conv_blocks": 2,
    "initial_channels": 16,
    "dropout_rate": 0.33,
    "learning_rate": 0.0001,
    "best_test_r2": 0.34656745195388794,
    "best_test_loss": 220.19749450683594,
    "final_train_r2": 0.36575382947921753,
    "train_r2_history": [
        -2.9199326038360596,
        -2.069202184677124,
        -1.0448541641235352,
        -0.23584234714508057,
        0.1249656081199646,
        0.0076819658279418945,
        0.11105257272720337,
        0.12848317623138428,
        0.14227283000946045,
        0.14769160747528076,
        0.1900731325149536,
        0.07214277982711792,
        0.390714168548584,
        0.33462125062942505,
        0.3144204020500183,
        0.3245770335197449,
        0.28191477060317993,
        0.2567030191421509,
        0.3717881441116333,
        0.33749598264694214,
        0.29384493827819824,
        0.37664794921875,
        0.1624290943145752,
        0.4083750247955322,
        0.366912305355072,
        0.3351283073425293,
        0.36930257081985474,
        0.19176262617111206,
        0.37292540073394775,
        0.2200075387954712,
        0.36575382947921753
    ],
    "test_r2_history": [
        -3.491140842437744,
        -3.0550642013549805,
        -2.3570306301116943,
        -1.4111328125,
        -0.4322627782821655,
        0.014616191387176514,
        0.08889752626419067,
        -0.014395594596862793,
        -0.040335655212402344,
        0.07085400819778442,
        0.21900326013565063,
        0.34656745195388794,
        0.31474006175994873,
        0.2703610062599182,
        0.1875603199005127,
        0.25140219926834106,
        0.2990763187408447,
        0.20264077186584473,
        0.2377554178237915,
        0.23720234632492065,
        0.2265445590019226,
        0.20479774475097656,
        0.26310282945632935,
        0.27071136236190796,
        0.2610059380531311,
        0.2422221302986145,
        0.23751646280288696,
        0.25143933296203613,
        0.2385990023612976,
        0.280325710773468,
        0.26429373025894165
    ],
    "train_loss_history": [
        1355.8855523003472,
        1062.0989990234375,
        708.0093790690104,
        430.58195326063367,
        303.44734870062933,
        344.6149614122179,
        310.0746621025933,
        299.98938920762805,
        297.2186448838976,
        302.82025570339624,
        281.2720667521159,
        324.46959092881946,
        211.6779810587565,
        234.85727564493814,
        242.02200826009116,
        234.59228091769748,
        245.77526346842447,
        256.98623233371313,
        221.45337592230902,
        230.7553422715929,
        243.68800947401257,
        215.8093202379015,
        291.36420186360675,
        206.9916737874349,
        219.19972483317056,
        228.8697221544054,
        218.04462305704752,
        283.2992926703559,
        220.01248508029514,
        273.50432671440973,
        221.0878880818685
    ],
    "test_loss_history": [
        1513.45068359375,
        1366.499267578125,
        1131.271728515625,
        812.5175170898438,
        482.6522216796875,
        332.06036376953125,
        307.0285949707031,
        341.83697509765625,
        350.578369140625,
        313.1089782714844,
        263.1848449707031,
        220.19749450683594,
        230.92283630371094,
        245.8779754638672,
        273.7806396484375,
        252.26683044433594,
        236.2012939453125,
        268.69873046875,
        256.8656311035156,
        257.052001953125,
        260.6434631347656,
        267.97186279296875,
        248.32391357421875,
        245.75990295410156,
        249.03050231933594,
        255.3603973388672,
        256.94610595703125,
        252.2542724609375,
        256.5813293457031,
        242.52001953125,
        247.92259216308594
    ]
}