{
    "num_conv_blocks": 4,
    "initial_channels": 32,
    "dropout_rate": 0.33,
    "learning_rate": 0.0001,
    "best_test_r2": 0.5523022413253784,
    "best_test_loss": 4.683238983154297,
    "final_train_r2": -0.4330143928527832,
    "train_r2_history": [
        -31.21082305908203,
        -21.152851104736328,
        -9.643240928649902,
        -2.638922691345215,
        -1.9889006614685059,
        -2.15193510055542,
        -1.4966490268707275,
        -1.1925675868988037,
        -1.75285005569458,
        -1.2695791721343994,
        -1.6440613269805908,
        -1.114189863204956,
        -0.9354697465896606,
        -0.7410385608673096,
        -0.8480552434921265,
        -0.8970118761062622,
        -0.9440345764160156,
        -1.3811836242675781,
        -0.7756366729736328,
        -1.421633005142212,
        -0.48782575130462646,
        -1.1148972511291504,
        -0.6156586408615112,
        -1.1538984775543213,
        -1.2932369709014893,
        -0.67577064037323,
        -1.1168079376220703,
        -1.0200786590576172,
        -1.0058393478393555,
        -0.5089786052703857,
        -1.2951221466064453,
        -0.8056769371032715,
        -0.7402616739273071,
        -0.4267754554748535,
        -0.55457603931427,
        -0.5803238153457642,
        -0.40865957736968994,
        -0.6231555938720703,
        -0.7164251804351807,
        -0.8526523113250732,
        -0.7682628631591797,
        -0.4330143928527832
    ],
    "test_r2_history": [
        -32.739959716796875,
        -29.2028865814209,
        -21.71122169494629,
        -11.40976619720459,
        -3.757473945617676,
        -2.825815439224243,
        -4.196881294250488,
        -3.357846260070801,
        -2.06156325340271,
        -1.7812433242797852,
        -0.24509108066558838,
        0.287503719329834,
        0.26633328199386597,
        -0.5716155767440796,
        -0.49254727363586426,
        -0.6574695110321045,
        -0.06417441368103027,
        0.0709313154220581,
        -0.042574405670166016,
        0.0011217594146728516,
        0.24520045518875122,
        0.42601609230041504,
        0.5523022413253784,
        0.5091880559921265,
        0.34532320499420166,
        0.1260787844657898,
        0.14869999885559082,
        0.36454206705093384,
        0.32046282291412354,
        0.36568278074264526,
        0.37039345502853394,
        0.2941034436225891,
        0.2652469277381897,
        0.15072029829025269,
        0.26483774185180664,
        0.32521647214889526,
        0.3994544744491577,
        0.44207847118377686,
        0.5114383697509766,
        0.5054529905319214,
        0.4092100262641907,
        0.35068339109420776
    ],
    "train_loss_history": [
        322.25093926323785,
        221.0520273844401,
        105.55473030938043,
        36.69767369164361,
        30.672817866007488,
        31.72016217973497,
        25.344515164693195,
        23.004313204023575,
        27.906840642293293,
        22.57529566023085,
        26.444443490770126,
        20.959926711188423,
        19.645019319322373,
        17.439594798617893,
        18.689231978522407,
        19.055495580037434,
        19.317456245422363,
        24.216359986199272,
        17.931024498409695,
        24.559286541408962,
        14.896707110934788,
        21.24926233291626,
        16.538032637702095,
        21.61846415201823,
        22.99101146062215,
        16.82682704925537,
        21.420761744181316,
        20.09427981906467,
        19.844819492763943,
        15.068499326705933,
        22.743902418348526,
        18.226154327392578,
        17.401045693291557,
        14.243079874250624,
        15.401588333977593,
        16.051756699879963,
        14.158087730407715,
        16.32293356789483,
        17.127235147688125,
        18.718213505215115,
        17.739585982428657,
        14.595843209160698
    ],
    "test_loss_history": [
        352.9441223144531,
        315.94384765625,
        237.57565307617188,
        129.81503295898438,
        49.76658248901367,
        40.0207633972168,
        54.363094329833984,
        45.5861930847168,
        32.02614212036133,
        29.093795776367188,
        13.024541854858398,
        7.453220367431641,
        7.674679279327393,
        16.44022560119629,
        15.613112449645996,
        17.33831787109375,
        11.132024765014648,
        9.718722343444824,
        10.906074523925781,
        10.448980331420898,
        7.8957438468933105,
        6.004282474517822,
        4.683238983154297,
        5.134244441986084,
        6.848388195037842,
        9.141841888427734,
        8.905207633972168,
        6.647344589233398,
        7.1084442138671875,
        6.635412216186523,
        6.586135387420654,
        7.384183406829834,
        7.686042308807373,
        8.884074211120605,
        7.690323829650879,
        7.058718681335449,
        6.282135963439941,
        5.8362579345703125,
        5.11070442199707,
        5.173315525054932,
        6.180086612701416,
        6.792316913604736
    ]
}