{
    "num_conv_blocks": 4,
    "initial_channels": 16,
    "dropout_rate": 0.33,
    "learning_rate": 0.001,
    "best_test_r2": 0.5551890730857849,
    "best_test_loss": 4.653040409088135,
    "final_train_r2": -0.6253365278244019,
    "train_r2_history": [
        -17.03017234802246,
        -3.3250889778137207,
        -2.0945918560028076,
        -1.6335022449493408,
        -2.0592105388641357,
        -2.2918481826782227,
        -1.0277228355407715,
        -1.0057873725891113,
        -1.5682437419891357,
        -1.0700159072875977,
        -0.7635891437530518,
        -1.6418287754058838,
        -0.46221017837524414,
        -1.0364320278167725,
        -1.2810173034667969,
        -1.40456223487854,
        -0.8961544036865234,
        -0.9145636558532715,
        -0.9004347324371338,
        -0.3305250406265259,
        -1.3682441711425781,
        -1.0432355403900146,
        -0.6679568290710449,
        -0.8993332386016846,
        -0.4919254779815674,
        -0.9058190584182739,
        -0.9781745672225952,
        -0.7127693891525269,
        -0.5993086099624634,
        -0.6708327531814575,
        -0.7344664335250854,
        -0.6919219493865967,
        -0.7512251138687134,
        -0.69256591796875,
        -0.4160083532333374,
        -0.812248706817627,
        -0.25716233253479004,
        -0.6405975818634033,
        -0.7283741235733032,
        -0.7206182479858398,
        -0.25925612449645996,
        -0.6317360401153564,
        -0.8739041090011597,
        -1.0344629287719727,
        -1.1538691520690918,
        -0.45447373390197754,
        -0.39509785175323486,
        -0.6241114139556885,
        -1.6089763641357422,
        -0.48515498638153076,
        -0.49799907207489014,
        -0.37592434883117676,
        -0.7914328575134277,
        -0.4728153944015503,
        -0.7705503702163696,
        -0.9772562980651855,
        -0.3206913471221924,
        -0.4242830276489258,
        -1.0555226802825928,
        -1.1141023635864258,
        -0.5382182598114014,
        -1.280818223953247,
        -0.39409351348876953,
        -0.6408158540725708,
        -0.6763173341751099,
        -0.799237847328186,
        -0.6643059253692627,
        -0.8001997470855713,
        -0.5388387441635132,
        -0.6253365278244019
    ],
    "test_r2_history": [
        -19.189746856689453,
        -11.145496368408203,
        -0.6658717393875122,
        -2.2889811992645264,
        -1.3456194400787354,
        0.2514726519584656,
        0.1658397912979126,
        0.06612902879714966,
        0.13560211658477783,
        -0.5857336521148682,
        0.07364332675933838,
        -1.328629970550537,
        0.036779046058654785,
        -0.243338942527771,
        -0.012571215629577637,
        0.07645183801651001,
        0.011822879314422607,
        0.21631509065628052,
        0.11920320987701416,
        0.004984617233276367,
        0.053156375885009766,
        0.18354356288909912,
        0.283927321434021,
        0.3314383029937744,
        0.43388110399246216,
        0.3951411247253418,
        0.1915341019630432,
        0.1357576847076416,
        0.18169528245925903,
        0.07939720153808594,
        0.05189812183380127,
        0.2413489818572998,
        0.31094545125961304,
        0.18799960613250732,
        0.2715640664100647,
        0.33658456802368164,
        0.4834607243537903,
        0.4809970259666443,
        0.19366639852523804,
        0.2485593557357788,
        0.43752163648605347,
        0.4450766444206238,
        0.4852663278579712,
        0.5253758430480957,
        0.4017098546028137,
        0.30540353059768677,
        0.33884352445602417,
        0.45087873935699463,
        0.42249804735183716,
        0.4521307945251465,
        0.5551890730857849,
        0.5276843309402466,
        0.40241777896881104,
        0.5031610131263733,
        0.5311826467514038,
        0.5232768058776855,
        0.4166739583015442,
        0.3851415514945984,
        0.3622669577598572,
        0.33341890573501587,
        0.38702547550201416,
        0.44687068462371826,
        0.40556997060775757,
        0.4233442544937134,
        0.4521375298500061,
        0.4396533966064453,
        0.4104601740837097,
        0.4518715739250183,
        0.49823397397994995,
        0.4285125732421875
    ],
    "train_loss_history": [
        177.84399308098688,
        43.0163894229465,
        30.917476918962265,
        26.370485093858505,
        31.18988577524821,
        32.8902276357015,
        20.327506065368652,
        19.8658889664544,
        25.476871278550888,
        20.962073802947998,
        17.754847526550293,
        26.555981000264484,
        14.566395971510145,
        20.257552411821152,
        22.831823031107586,
        24.1453791724311,
        19.110541979471844,
        19.120697604285347,
        19.038725429111057,
        13.225675609376696,
        23.606425285339355,
        20.370943599277073,
        16.674480703141953,
        18.991219838460285,
        14.886283291710747,
        19.219210730658638,
        19.555823644002277,
        17.453868760002983,
        16.104663133621216,
        16.81948052512275,
        17.745653470357258,
        16.923823674519856,
        17.801421695285374,
        17.169583055708145,
        14.248964097764757,
        18.163740370008682,
        12.492168744405111,
        16.33472400241428,
        17.438106536865234,
        17.15374443266127,
        12.858361085255941,
        16.27305073208279,
        18.61433662308587,
        20.654880894554985,
        21.65905910068088,
        14.675595707363552,
        13.771679083506266,
        16.14107868406508,
        25.889448165893555,
        14.702580955293444,
        14.952117443084717,
        13.654672039879692,
        18.056466102600098,
        14.703366067674425,
        17.565406163533527,
        19.85026714536879,
        13.323759290907118,
        14.178719255659315,
        20.49546326531304,
        21.43275197347005,
        16.045369360182022,
        23.042029062906902,
        13.976836363474527,
        16.372748136520386,
        16.925141599443222,
        17.923147625393337,
        16.78460481431749,
        18.40964439180162,
        15.385585837894016,
        16.122959189944797
    ],