{
    "num_conv_blocks": 2,
    "initial_channels": 64,
    "dropout_rate": 0.33,
    "learning_rate": 0.001,
    "best_test_r2": 0.5792174339294434,
    "best_test_loss": 0.4300388693809509,
    "final_train_r2": -0.02856886386871338,
    "train_r2_history": [
        -9.278392791748047,
        -1.9190962314605713,
        -0.36515724658966064,
        -1.9339840412139893,
        -0.7178657054901123,
        -0.37621140480041504,
        -0.17152678966522217,
        -0.46480393409729004,
        -0.24861741065979004,
        -0.17280972003936768,
        -0.08898937702178955,
        -0.05656540393829346,
        -0.0002568960189819336,
        -0.22662198543548584,
        -0.039840102195739746,
        0.03558164834976196,
        0.09445840120315552,
        0.16629457473754883,
        0.02839505672454834,
        0.1367572546005249,
        0.10893100500106812,
        -0.02856886386871338
    ],
    "test_r2_history": [
        -0.553962230682373,
        -0.47910475730895996,
        0.5792174339294434,
        -0.1930924654006958,
        0.018167555332183838,
        0.5355479717254639,
        0.4506939649581909,
        -0.4242396354675293,
        0.09876781702041626,
        0.3037247061729431,
        0.23688995838165283,
        0.34957408905029297,
        0.3449990749359131,
        0.27239978313446045,
        0.24508780241012573,
        0.26304054260253906,
        0.33905720710754395,
        0.4106101393699646,
        0.483059823513031,
        0.491943895816803,
        0.5189732909202576,
        0.5029101967811584
    ],
    "train_loss_history": [
        10.432991756333244,
        2.993064886993832,
        1.4406103293100994,
        3.0282210310300193,
        1.7704484628306494,
        1.419716368118922,
        1.2160092327329848,
        1.519490596320894,
        1.2830525139967601,
        1.2295203937424555,
        1.137695398595598,
        1.094488725066185,
        1.0525063292847738,
        1.2740512126021915,
        1.0788229157527287,
        1.0071392936838999,
        0.9573900865183936,
        0.8707505961259207,
        1.0111751970317628,
        0.8927679227458106,
        0.9213175152738889,
        1.0647123489114974
    ],
    "test_loss_history": [
        1.5881457328796387,
        1.5116416215896606,
        0.4300388693809509,
        1.2193377017974854,
        1.0034304857254028,
        0.47466886043548584,
        0.5613895058631897,
        1.4555693864822388,
        0.9210571050643921,
        0.7115916609764099,
        0.7798966765403748,
        0.6647337079048157,
        0.6694093346595764,
        0.7436057329177856,
        0.7715184688568115,
        0.7531707882881165,
        0.6754819750785828,
        0.6023550033569336,
        0.5283116698265076,
        0.5192320942878723,
        0.491608202457428,
        0.5080246329307556
    ]
}