{
    "num_conv_blocks": 2,
    "initial_channels": 32,
    "dropout_rate": 0.33,
    "learning_rate": 0.001,
    "best_test_r2": 0.47746193408966064,
    "best_test_loss": 29.45790672302246,
    "final_train_r2": 0.4293767809867859,
    "train_r2_history": [
        -0.07154977321624756,
        -0.03793144226074219,
        0.12983137369155884,
        0.07328599691390991,
        0.06251561641693115,
        0.15032678842544556,
        0.1557946801185608,
        0.045966148376464844,
        0.10868161916732788,
        0.11847668886184692,
        0.16356498003005981,
        0.3467124104499817,
        0.35117465257644653,
        0.4248170852661133,
        0.3140549063682556,
        0.21899694204330444,
        0.23719418048858643,
        0.38213950395584106,
        0.35666215419769287,
        0.4720035791397095,
        0.3290752172470093,
        0.31881117820739746,
        0.5110105276107788,
        0.5035547018051147,
        0.3543921709060669,
        0.4504833221435547,
        0.3571056127548218,
        0.5322407484054565,
        0.41751134395599365,
        0.4201449155807495,
        0.49303364753723145,
        0.3398982882499695,
        0.4896889328956604,
        0.46803927421569824,
        0.3924095630645752,
        0.4293767809867859
    ],
    "test_r2_history": [
        -0.2567265033721924,
        -0.17192137241363525,
        -0.10372745990753174,
        0.23711514472961426,
        -0.00821983814239502,
        0.19403386116027832,
        0.12959492206573486,
        0.07886683940887451,
        0.14831584692001343,
        0.20058941841125488,
        0.19291609525680542,
        0.29532569646835327,
        0.31767821311950684,
        0.3632258176803589,
        0.2885313630104065,
        0.28462475538253784,
        0.47746193408966064,
        0.3456934690475464,
        0.27460038661956787,
        0.2866125702857971,
        0.3019449710845947,
        0.3613346815109253,
        0.3562096357345581,
        0.2738247513771057,
        0.2912912368774414,
        0.22865229845046997,
        0.2612037658691406,
        0.22313416004180908,
        0.4130418300628662,
        0.3744036555290222,
        0.34559082984924316,
        0.3851732015609741,
        0.3839064836502075,
        0.35000079870224,
        0.38314956426620483,
        0.3578258156776428
    ],
    "train_loss_history": [
        32.767167515224884,
        31.652336438496906,
        26.520605723063152,
        28.298934936523438,
        28.454586135016548,
        25.96144167582194,
        25.800641695658367,
        28.894574271308052,
        26.967661645677353,
        26.82313410441081,
        25.346113628811306,
        19.79393434524536,
        20.009099377526177,
        17.48885456720988,
        20.694390482372707,
        23.88236379623413,
        22.99979019165039,
        19.08481984668308,
        19.540708541870117,
        15.965576781166924,
        20.276418421003555,
        20.724022335476345,
        14.801030158996582,
        15.141009860568577,
        19.574881659613716,
        16.695152547624375,
        19.510448349846733,
        14.26769314871894,
        17.885867330763077,
        17.570245636834038,
        15.456192122565376,
        19.99852418899536,
        15.489961942036947,
        16.085667080349392,
        18.541645685831707,
        17.234295924504597
    ],
    "test_loss_history": [
        70.84752655029297,
        66.06666564941406,
        62.222259521484375,
        43.00737380981445,
        56.83804702758789,
        45.436065673828125,
        49.06879425048828,
        51.92856979370117,
        48.013397216796875,
        45.066505432128906,
        45.499080657958984,
        39.72576904296875,
        38.46565628051758,
        35.897926330566406,
        40.10879898071289,
        40.32904052734375,
        29.45790672302246,
        36.88630294799805,
        40.89415740966797,
        40.21696853637695,
        39.35261154174805,
        36.00453567504883,
        36.29346466064453,
        40.93788528442383,
        39.95322036743164,
        43.484466552734375,
        41.649383544921875,
        43.79553985595703,
        33.08956527709961,
        35.26778030395508,
        36.892093658447266,
        34.66065216064453,
        34.73206329345703,
        36.64348220825195,
        34.77472686767578,
        36.20234680175781
    ]
}