{
    "num_conv_blocks": 2,
    "initial_channels": 64,
    "dropout_rate": 0.33,
    "learning_rate": 0.0001,
    "best_test_r2": 0.6547362804412842,
    "best_test_loss": 19.46412467956543,
    "final_train_r2": 0.6897665858268738,
    "train_r2_history": [
        -0.17416155338287354,
        0.07367706298828125,
        0.20922952890396118,
        0.44109398126602173,
        0.36868542432785034,
        0.5518630743026733,
        0.3816962242126465,
        0.5206809043884277,
        0.5481908917427063,
        0.4932836890220642,
        0.4550546407699585,
        0.5471682548522949,
        0.5098868608474731,
        0.4775044322013855,
        0.5545419454574585,
        0.4721314311027527,
        0.5886303186416626,
        0.6114814877510071,
        0.6083135008811951,
        0.6909120082855225,
        0.6433752775192261,
        0.6744964122772217,
        0.5279408693313599,
        0.5552021265029907,
        0.6235862970352173,
        0.6875951290130615,
        0.5470384359359741,
        0.6627436280250549,
        0.7587495446205139,
        0.7048443555831909,
        0.6974552869796753,
        0.6874476671218872,
        0.7109708786010742,
        0.6828879714012146,
        0.613781750202179,
        0.6388123035430908,
        0.6897665858268738
    ],
    "test_r2_history": [
        -0.34420323371887207,
        -0.23692107200622559,
        -0.17621183395385742,
        -0.04122030735015869,
        0.08855456113815308,
        0.29462385177612305,
        0.29265981912612915,
        0.35337263345718384,
        0.5450884103775024,
        0.6230860948562622,
        0.5118080973625183,
        0.47001540660858154,
        0.5129510164260864,
        0.3880671262741089,
        0.5055345296859741,
        0.594785749912262,
        0.6475591659545898,
        0.6547362804412842,
        0.618384838104248,
        0.5150115489959717,
        0.46189481019973755,
        0.4843488931655884,
        0.5390863418579102,
        0.5330842733383179,
        0.517219066619873,
        0.48624467849731445,
        0.461378812789917,
        0.48790979385375977,
        0.5462183952331543,
        0.6073898077011108,
        0.5904000997543335,
        0.5840122699737549,
        0.5122184157371521,
        0.5040616393089294,
        0.4835174083709717,
        0.5053287148475647,
        0.5207822322845459
    ],
    "train_loss_history": [
        35.56389723883735,
        28.21635299258762,
        24.047671635945637,
        17.08643823199802,
        19.479025999704998,
        13.520773887634277,
        18.721379968855118,
        14.911027961307102,
        13.914685249328613,
        15.619384977552626,
        16.582176473405625,
        13.873958322736952,
        14.916628784603542,
        15.89717149734497,
        13.423487530814278,
        16.008883794148762,
        12.631057951185438,
        11.831644005245632,
        11.91635647084978,
        9.367467880249023,
        10.78971693250868,
        9.88256143199073,
        14.272043863932291,
        13.590468247731527,
        11.435372114181519,
        9.675323830710518,
        13.704151815838284,
        10.231622536977133,
        7.306294759114583,
        9.066799375745985,
        9.179140475061205,
        9.646928124957615,
        8.775571664174398,
        9.679462644788954,
        11.800737486945259,
        11.014992422527737,
        9.485156933466593
    ],
    "test_loss_history": [
        75.77900695800781,
        69.73100280761719,
        66.30854034423828,
        58.69843673706055,
        51.38242721557617,
        39.76533889770508,
        39.876060485839844,
        36.453392028808594,
        25.64548683166504,
        21.248394012451172,
        27.521652221679688,
        29.877700805664062,
        27.45722007751465,
        34.49750518798828,
        27.875320434570312,
        22.843812942504883,
        19.868732452392578,
        19.46412467956543,
        21.513425827026367,
        27.341060638427734,
        30.33548927307129,
        29.069652557373047,
        25.983850479125977,
        26.322214126586914,
        27.21661376953125,
        28.962783813476562,
        30.364585876464844,
        28.868907928466797,
        25.5817813873291,
        22.133264541625977,
        23.09105110168457,
        23.45116424560547,
        27.498519897460938,
        27.958358764648438,
        29.116527557373047,
        27.886924743652344,
        27.015743255615234
    ]
}