{
    "num_conv_blocks": 4,
    "initial_channels": 64,
    "dropout_rate": 0.33,
    "learning_rate": 0.0001,
    "best_test_r2": 0.7486668825149536,
    "best_test_loss": 2.629124402999878,
    "final_train_r2": -0.04154515266418457,
    "train_r2_history": [
        -26.760847091674805,
        -7.789992332458496,
        -2.8394112586975098,
        -1.3516552448272705,
        -1.6460464000701904,
        -1.2976689338684082,
        -0.8534685373306274,
        -1.5806162357330322,
        -1.2781133651733398,
        -1.4803297519683838,
        -0.588637113571167,
        -0.9190595149993896,
        -1.1014869213104248,
        -1.0582153797149658,
        -0.7228784561157227,
        -1.2182044982910156,
        -1.0054078102111816,
        -0.49245405197143555,
        -1.0164532661437988,
        -0.42560017108917236,
        -0.7347100973129272,
        -0.3787649869918823,
        -0.930182933807373,
        -0.604117751121521,
        -0.8203110694885254,
        -0.41406261920928955,
        -0.6940163373947144,
        -0.008835077285766602,
        -0.4136894941329956,
        -0.45133256912231445,
        -0.4930746555328369,
        -0.37920641899108887,
        -0.4352731704711914,
        -0.07196152210235596,
        -0.09341013431549072,
        -0.510414719581604,
        -0.1649845838546753,
        -0.5426496267318726,
        -0.3186911344528198,
        -0.11312329769134521,
        -0.7040451765060425,
        -0.549561619758606,
        -0.29936468601226807,
        -0.39946889877319336,
        -0.2323697805404663,
        -0.028925299644470215,
        -0.5119932889938354,
        -0.533882737159729,
        -0.02532780170440674,
        -0.47121644020080566,
        -0.44447779655456543,
        -0.36530137062072754,
        -0.5477674007415771,
        -0.5383104085922241,
        -0.41318821907043457,
        -0.050190091133117676,
        -0.09478282928466797,
        -0.04154515266418457
    ],
    "test_r2_history": [
        -31.333942413330078,
        -20.413516998291016,
        -8.4468412399292,
        -7.048476219177246,
        -5.190682411193848,
        -3.0258383750915527,
        -1.33534574508667,
        -1.6634414196014404,
        -0.9862253665924072,
        0.11527055501937866,
        0.3567282557487488,
        0.231300950050354,
        0.19366824626922607,
        -0.7429606914520264,
        0.212660551071167,
        -0.04267168045043945,
        -0.23300349712371826,
        0.4017532467842102,
        -0.054981231689453125,
        -0.057062387466430664,
        0.2458783984184265,
        0.45017504692077637,
        0.3958628177642822,
        0.3857123851776123,
        0.33716148138046265,
        0.5407347083091736,
        0.3226543068885803,
        0.27974504232406616,
        0.5282022356987,
        0.7357052564620972,
        0.5695874094963074,
        0.45463478565216064,
        0.3016015291213989,
        0.5707700252532959,
        0.4940738081932068,
        0.31198859214782715,
        0.5464962124824524,
        0.7316920757293701,
        0.7486668825149536,
        0.660751461982727,
        0.47997885942459106,
        0.4475114941596985,
        0.5861283540725708,
        0.6298508644104004,
        0.674319863319397,
        0.657936692237854,
        0.6284078359603882,
        0.6280524730682373,
        0.6325962543487549,
        0.6910145282745361,
        0.6332317590713501,
        0.6677122712135315,
        0.672446608543396,
        0.6361135244369507,
        0.6428896188735962,
        0.6437124013900757,
        0.6526989936828613,
        0.6575650572776794
    ],
    "train_loss_history": [
        276.4998067220052,
        86.93214543660481,
        38.54875082439847,
        23.685886489020454,
        26.400076813167995,
        23.0065434773763,
        18.411741892496746,
        26.176074451870388,
        23.220787313249375,
        24.76373502943251,
        15.769907845391167,
        19.534819497002495,
        20.812510384453667,
        20.666525416904026,
        17.135888417561848,
        22.365176253848606,
        19.965705924563938,
        14.916929403940836,
        20.17736562093099,
        14.271669679217869,
        17.429178555806477,
        13.81826745139228,
        19.555806636810303,
        15.983505990770128,
        18.13523006439209,
        14.085244099299112,
        17.210573328865898,
        10.112805896335178,
        14.281933148701986,
        14.757507589128283,
        14.815698941548666,
        13.883477316962349,
        14.579166306389702,
        10.627556694878471,
        10.933726257748074,
        15.206668429904514,
        11.642153554492527,
        15.357148276435005,
        13.148603863186306,
        11.099553134706285,
        17.121688577863907,
        15.691782845391167,
        13.021051671769884,
        13.898133701748318,
        12.409706592559814,
        10.42902029885186,
        15.49195803536309,
        15.203918986850315,
        10.26422225104438,
        14.83778296576606,
        14.479007403055826,
        13.483164098527697,
        15.591407405005562,
        15.193566587236193,
        13.909789694680107,
        10.514984051386515,
        10.997365845574272,
        10.373404449886745
    ],
    "test_loss_history": [
        338.2361755371094,
        224.00071716308594,
        98.82073974609375,
        84.19282531738281,
        64.75897216796875,
        42.1131477355957,
        24.42938804626465,
        27.861501693725586,
        20.7773380279541,
        9.254902839660645,
        6.729084014892578,
        8.041142463684082,
        8.434807777404785,
        18.23261833190918,
        8.236133575439453,
        10.907092094421387,
        12.898098945617676,
        6.258089542388916,
        11.035858154296875,
        11.05762767791748,
        7.888652801513672,
        5.751562595367432,
        6.31970739364624,
        6.425889015197754,
        6.933766841888428,
        4.804243564605713,
        7.0855207443237305,
        7.534382343292236,
        4.935342311859131,
        2.76471209526062,
        4.502423286437988,
        5.7049102783203125,
        7.3057475090026855,
        4.490053653717041,
        5.292349815368652,
        7.197092533111572,
        4.743974208831787,
        2.806692600250244,
        2.629124402999878,
        3.5487821102142334,
        5.439793109893799,
        5.779425621032715,
        4.3293938636779785,
        3.8720245361328125,
        3.4068472385406494,
        3.5782275199890137,
        3.887119770050049,
        3.8908376693725586,
        3.8433055877685547,
        3.2322094440460205,
        3.8366575241088867,
        3.4759674072265625,
        3.426443338394165,
        3.8065123558044434,
        3.7356300354003906,
        3.7270236015319824,
        3.63301682472229,
        3.5821149349212646
    ]
}