{
    "num_conv_blocks": 2,
    "initial_channels": 32,
    "dropout_rate": 0.33,
    "learning_rate": 0.0001,
    "best_test_r2": 0.3786664605140686,
    "best_test_loss": 209.38055419921875,
    "final_train_r2": 0.4805259108543396,
    "train_r2_history": [
        -2.6968629360198975,
        -1.3674578666687012,
        -0.1840578317642212,
        0.05970817804336548,
        0.11807912588119507,
        0.2735380530357361,
        0.21890991926193237,
        0.081229567527771,
        0.09989649057388306,
        0.060894906520843506,
        0.23848456144332886,
        0.17154812812805176,
        0.19129329919815063,
        0.2516438364982605,
        0.2060532569885254,
        0.25944894552230835,
        0.3553538918495178,
        0.3466537594795227,
        0.34559857845306396,
        0.4529171586036682,
        0.19992953538894653,
        0.25122755765914917,
        0.35010242462158203,
        0.3474341034889221,
        0.3454751968383789,
        0.40388423204421997,
        0.34155529737472534,
        0.39159148931503296,
        0.29125767946243286,
        0.301835298538208,
        0.4438708424568176,
        0.45750927925109863,
        0.37873131036758423,
        0.4805259108543396
    ],
    "test_r2_history": [
        -3.4397377967834473,
        -2.9614956378936768,
        -2.034346580505371,
        -1.147158145904541,
        -0.7065616846084595,
        -0.4824172258377075,
        -0.31006062030792236,
        -0.17556285858154297,
        0.18164855241775513,
        0.3066294193267822,
        0.21746188402175903,
        0.27277833223342896,
        0.3156755566596985,
        0.3548494577407837,
        0.3786664605140686,
        0.179765522480011,
        0.244889497756958,
        0.3503696322441101,
        0.305401086807251,
        0.13541966676712036,
        0.20512694120407104,
        0.26414257287979126,
        0.37124866247177124,
        0.3523557186126709,
        0.3315458297729492,
        0.2666069269180298,
        0.32723331451416016,
        0.29810774326324463,
        0.2650935649871826,
        0.2259892225265503,
        0.27101296186447144,
        0.2717781662940979,
        0.32550764083862305,
        0.340434193611145
    ],
    "train_loss_history": [
        1277.5936211480034,
        818.2638753255209,
        402.987786187066,
        327.17620256212024,
        310.1922370062934,
        251.63000996907553,
        270.54830763075086,
        324.3844117058648,
        312.0192599826389,
        326.56031545003253,
        265.7894804212782,
        290.46021864149304,
        278.55736372205945,
        265.9465611775716,
        279.4224404229058,
        259.5889536539714,
        225.12440660264758,
        229.51743740505643,
        222.97716352674695,
        190.4822154574924,
        280.10750071207684,
        258.06517791748047,
        226.723999871148,
        225.33693355984158,
        228.70264858669705,
        210.72874789767795,
        233.47901831732855,
        210.55577172173395,
        247.6480009290907,
        242.8118862575955,
        192.8921390109592,
        187.23970625135632,
        213.8370361328125,
        181.55196719699435
    ],
    "test_loss_history": [
        1496.1285400390625,
        1334.9678955078125,
        1022.5317993164062,
        723.5618286132812,
        575.0870971679688,
        499.55364990234375,
        441.4717712402344,
        396.14801025390625,
        275.7728271484375,
        233.65603637695312,
        263.7042236328125,
        245.06336975097656,
        230.60765075683594,
        217.4065704345703,
        209.38055419921875,
        276.4073791503906,
        254.46151733398438,
        218.91619873046875,
        234.06996154785156,
        291.35125732421875,
        267.8609619140625,
        247.9735107421875,
        211.8802947998047,
        218.2469024658203,
        225.25955200195312,
        247.14306640625,
        226.71282958984375,
        236.52772521972656,
        247.65304565429688,
        260.83062744140625,
        245.65829467773438,
        245.4004364013672,
        227.2943572998047,
        222.26434326171875
    ]
}