{
    "num_conv_blocks": 4,
    "initial_channels": 16,
    "dropout_rate": 0.33,
    "learning_rate": 0.001,
    "best_test_r2": 0.38616472482681274,
    "best_test_loss": 206.85374450683594,
    "final_train_r2": 0.2925071120262146,
    "train_r2_history": [
        -1.8254625797271729,
        -0.280556321144104,
        -0.13587331771850586,
        -0.15291690826416016,
        -0.27871155738830566,
        0.022366881370544434,
        -0.022557854652404785,
        0.0791921615600586,
        0.14086133241653442,
        0.06954509019851685,
        0.06636637449264526,
        0.15015625953674316,
        -0.030041098594665527,
        0.14511901140213013,
        0.25503009557724,
        0.14169174432754517,
        0.11698096990585327,
        0.30258792638778687,
        0.1647791862487793,
        0.21154475212097168,
        0.13149893283843994,
        0.21473276615142822,
        0.20044130086898804,
        0.23786461353302002,
        0.38570886850357056,
        0.3067191243171692,
        0.31999075412750244,
        0.2570646405220032,
        0.2383873462677002,
        0.19962573051452637,
        0.3941690921783447,
        0.2126515507698059,
        0.28078240156173706,
        0.2183322310447693,
        0.2519821524620056,
        0.37294846773147583,
        0.4179205298423767,
        0.29194730520248413,
        0.2925071120262146
    ],
    "test_r2_history": [
        -2.711529493331909,
        -1.6021556854248047,
        -1.7160577774047852,
        -0.20228052139282227,
        -0.03609788417816162,
        0.3101806044578552,
        0.21367418766021729,
        0.3253936171531677,
        -0.4441479444503784,
        0.1151387095451355,
        0.33388859033584595,
        0.2914320230484009,
        -0.1703941822052002,
        0.1200377345085144,
        0.25901538133621216,
        -0.1117478609085083,
        0.0337715744972229,
        0.37060946226119995,
        0.19357562065124512,
        0.38616472482681274,
        0.3314715623855591,
        0.2679661512374878,
        0.312433660030365,
        0.27820152044296265,
        0.22572451829910278,
        0.13588452339172363,
        0.2194421887397766,
        0.2856011986732483,
        0.306545615196228,
        0.3231305480003357,
        0.3012453317642212,
        0.28127652406692505,
        0.297169029712677,
        0.3077082633972168,
        0.3332555890083313,
        0.3455882668495178,
        0.3429257273674011,
        0.3543093204498291,
        0.34180325269699097
    ],
    "train_loss_history": [
        962.282935248481,
        440.83875868055554,
        391.39327663845484,
        409.2074847751194,
        439.0363532172309,
        334.20955234103735,
        351.9902114868164,
        318.3188764784071,
        305.13245900472003,
        322.6357905069987,
        330.05918375651044,
        296.2346606784397,
        359.54200744628906,
        296.2146962483724,
        259.0481652153863,
        299.11409929063586,
        308.8511750962999,
        243.61098056369357,
        289.1573079427083,
        274.67937554253473,
        299.4773695203993,
        272.8506919013129,
        278.8700637817383,
        264.9763632880317,
        212.27729288736978,
        238.84901852077908,
        235.97964562310113,
        258.48802354600696,
        266.5535142686632,
        284.5368609958225,
        211.35341474745007,
        273.07628292507593,
        255.52569834391275,
        272.3326873779297,
        262.85691324869794,
        221.75693851047092,
        202.07201215955945,
        250.21087137858072,
        247.12000868055554
    ],
    "test_loss_history": [
        1250.7327880859375,
        876.889404296875,
        915.27294921875,
        405.15142822265625,
        349.1502685546875,
        232.4593505859375,
        264.9806213378906,
        227.33279418945312,
        486.6573791503906,
        298.1856994628906,
        224.4700927734375,
        238.77734375,
        394.4062194824219,
        296.5347900390625,
        249.7012939453125,
        374.64324951171875,
        325.60528564453125,
        212.09567260742188,
        271.7535705566406,
        206.85374450683594,
        225.2845916748047,
        246.68502807617188,
        231.7001190185547,
        243.23583984375,
        260.9198303222656,
        291.19464111328125,
        263.0368957519531,
        240.7422637939453,
        233.68426513671875,
        228.09539794921875,
        235.47039794921875,
        242.1996307373047,
        236.8440704345703,
        233.29248046875,
        224.68338012695312,
        220.5274658203125,
        221.42469787597656,
        217.58859252929688,
        221.80296325683594
    ]
}