{
    "num_conv_blocks": 2,
    "initial_channels": 16,
    "dropout_rate": 0.33,
    "learning_rate": 0.0001,
    "best_test_r2": 0.612308144569397,
    "best_test_loss": 21.85599708557129,
    "final_train_r2": 0.6567331552505493,
    "train_r2_history": [
        -0.238547682762146,
        -0.05376553535461426,
        -0.06040084362030029,
        -0.0746840238571167,
        -0.01839292049407959,
        0.07498908042907715,
        0.16232925653457642,
        0.1762712001800537,
        0.12788039445877075,
        0.09812122583389282,
        0.19433492422103882,
        0.27204638719558716,
        0.23980975151062012,
        0.2934592366218567,
        0.34656453132629395,
        0.42916595935821533,
        0.36394333839416504,
        0.36634403467178345,
        0.3801729083061218,
        0.3209955096244812,
        0.3117017149925232,
        0.4323194622993469,
        0.3553037643432617,
        0.33468347787857056,
        0.4912853240966797,
        0.3612825870513916,
        0.4691978096961975,
        0.4204711318016052,
        0.4940336346626282,
        0.45363765954971313,
        0.6400463581085205,
        0.5546485185623169,
        0.40865856409072876,
        0.6629681587219238,
        0.5943173766136169,
        0.5804059505462646,
        0.45958584547042847,
        0.6724652051925659,
        0.5257463455200195,
        0.42788928747177124,
        0.5431194305419922,
        0.5760794878005981,
        0.6566604375839233,
        0.5249282121658325,
        0.6151993870735168,
        0.6662374138832092,
        0.6281057596206665,
        0.6567331552505493
    ],
    "test_r2_history": [
        -0.35814452171325684,
        -0.24437642097473145,
        -0.19640982151031494,
        -0.20300602912902832,
        -0.17936718463897705,
        -0.1077725887298584,
        -0.02756631374359131,
        0.2095482349395752,
        0.2763527035713196,
        0.2299962043762207,
        0.11148333549499512,
        0.2416713833808899,
        0.41949695348739624,
        0.4402844309806824,
        0.4802283048629761,
        0.4487978219985962,
        0.3173542022705078,
        0.2894986867904663,
        0.193415105342865,
        0.4878470301628113,
        0.5300086736679077,
        0.5355004072189331,
        0.47831910848617554,
        0.4310435652732849,
        0.28986096382141113,
        0.23098987340927124,
        0.4959278106689453,
        0.5755072236061096,
        0.612308144569397,
        0.3795338273048401,
        0.37931668758392334,
        0.4623274803161621,
        0.3656063675880432,
        0.38778144121170044,
        0.5309109091758728,
        0.5715070962905884,
        0.6049297451972961,
        0.6064055562019348,
        0.5784056186676025,
        0.5901057720184326,
        0.4302378296852112,
        0.4660290479660034,
        0.5038292407989502,
        0.4401203393936157,
        0.4749454855918884,
        0.4559754729270935,
        0.483303427696228,
        0.5668293833732605
    ],
    "train_loss_history": [
        37.52447032928467,
        31.95677842034234,
        32.316203594207764,
        32.71507083045112,
        31.09609752231174,
        28.216531647576225,
        25.389529546101887,
        25.141492525736492,
        26.480116102430557,
        27.31546645694309,
        24.564358287387424,
        22.312011506822373,
        23.234886169433594,
        21.64250002966987,
        20.274539099799263,
        17.32036198510064,
        19.26873625649346,
        19.267556375927395,
        19.07896661758423,
        20.717411359151203,
        20.93655686908298,
        17.16552993986342,
        19.691821787092422,
        20.508151372273762,
        15.574441115061441,
        19.395381715562607,
        16.071274545457626,
        17.510877953635323,
        15.492179075876871,
        16.813185956743027,
        10.898512072033352,
        13.596951537662083,
        18.161118507385254,
        10.427227099736532,
        12.307882997724745,
        12.782501485612658,
        16.502864003181458,
        10.067072550455729,
        14.393766721089682,
        17.345004717508953,
        14.108822716606987,
        12.82739649878608,
        10.404167095820108,
        14.440969732072618,
        11.643761290444267,
        10.22046246793535,
        11.234736575020683,
        10.433498826291826
    ],
    "test_loss_history": [
        76.56493377685547,
        70.15129089355469,
        67.44719696044922,
        67.81906127929688,
        66.48640441894531,
        62.45030212402344,
        57.92869186401367,
        44.56145095825195,
        40.79536819458008,
        43.4087028503418,
        50.08982467651367,
        42.750511169433594,
        32.72565841674805,
        31.55377197265625,
        29.301952362060547,
        31.07383155822754,
        38.48392105102539,
        40.05426788330078,
        45.470947265625,
        28.872447967529297,
        26.495601654052734,
        26.186002731323242,
        29.409582138061523,
        32.07472610473633,
        40.033843994140625,
        43.352684020996094,
        28.416900634765625,
        23.930633544921875,
        21.85599708557129,
        34.97856521606445,
        34.990814208984375,
        30.31109619140625,
        35.76372146606445,
        34.513614654541016,
        26.44473648071289,
        24.156143188476562,
        22.271949768066406,
        22.188751220703125,
        23.76724624633789,
        23.107643127441406,
        32.12014389038086,
        30.102426528930664,
        27.97145652770996,
        31.56302261352539,
        29.599767684936523,
        30.669200897216797,
        29.12859344482422,
        24.419841766357422
    ]
}