{
    "num_conv_blocks": 3,
    "initial_channels": 64,
    "dropout_rate": 0.33,
    "learning_rate": 0.001,
    "best_test_r2": 0.38083237409591675,
    "best_test_loss": 208.6507110595703,
    "final_train_r2": 0.615328311920166,
    "train_r2_history": [
        -1.4461607933044434,
        -0.7693575620651245,
        -0.18181633949279785,
        -0.46209049224853516,
        -0.14531099796295166,
        -0.06382930278778076,
        0.028811335563659668,
        0.07359868288040161,
        -0.052210450172424316,
        0.18243247270584106,
        0.1193397045135498,
        0.05754554271697998,
        0.11639189720153809,
        0.2872315049171448,
        0.13900423049926758,
        0.26834821701049805,
        0.17496353387832642,
        0.4785546660423279,
        0.5051158666610718,
        0.24307018518447876,
        0.312127947807312,
        0.38792043924331665,
        0.28195619583129883,
        0.4714246392250061,
        0.47386831045150757,
        0.43707334995269775,
        0.496307909488678,
        0.46205806732177734,
        0.5344506502151489,
        0.5107172727584839,
        0.3544865846633911,
        0.477527379989624,
        0.4687928557395935,
        0.5469869375228882,
        0.526310384273529,
        0.5065213441848755,
        0.487512469291687,
        0.5938507318496704,
        0.6333036422729492,
        0.5439466834068298,
        0.6881300210952759,
        0.6129435300827026,
        0.6016774773597717,
        0.6739203929901123,
        0.5280294418334961,
        0.595318078994751,
        0.5500751733779907,
        0.556920051574707,
        0.5496348142623901,
        0.6496229767799377,
        0.4978784918785095,
        0.5266247987747192,
        0.6141592264175415,
        0.5821462869644165,
        0.5236387848854065,
        0.615645706653595,
        0.5608556270599365,
        0.6053071022033691,
        0.5736797451972961,
        0.615328311920166
    ],
    "test_r2_history": [
        -1.6956839561462402,
        -0.6979962587356567,
        -0.16578996181488037,
        -0.08042740821838379,
        0.09538346529006958,
        0.010009586811065674,
        -0.03178274631500244,
        0.13168931007385254,
        0.08629459142684937,
        0.27134978771209717,
        0.13288259506225586,
        -0.12076759338378906,
        0.05378371477127075,
        0.20761525630950928,
        -0.10622811317443848,
        0.13109546899795532,
        0.36998480558395386,
        0.333337664604187,
        0.28428757190704346,
        0.17885875701904297,
        0.33873075246810913,
        0.09925687313079834,
        0.25505274534225464,
        0.26442253589630127,
        0.30731838941574097,
        0.33313339948654175,
        0.2671889066696167,
        0.3051280379295349,
        0.36204808950424194,
        0.34836554527282715,
        0.2942802906036377,
        0.29338616132736206,
        0.2993308901786804,
        0.3024429678916931,
        0.3079819679260254,
        0.35450059175491333,
        0.380714476108551,
        0.36880117654800415,
        0.3637270927429199,
        0.38047975301742554,
        0.38083237409591675,
        0.35756516456604004,
        0.2946696877479553,
        0.29644399881362915,
        0.3063110113143921,
        0.3474663496017456,
        0.372769296169281,
        0.37101882696151733,
        0.3520859479904175,
        0.35602664947509766,
        0.34619688987731934,
        0.33875924348831177,
        0.3290315866470337,
        0.31616538763046265,
        0.3240633010864258,
        0.3461177349090576,
        0.3307046890258789,
        0.3546066880226135,
        0.3583667278289795,
        0.34851276874542236
    ],
    "train_loss_history": [
        858.2888624403212,
        610.7979498969185,
        411.1951836480035,
        506.84053209092883,
        393.6818330552843,
        364.04484219021265,
        341.10150316026477,
        322.6166720920139,
        364.38824462890625,
        281.8033464219835,
        307.63726298014325,
        330.58981153700086,
        308.15751605563696,
        244.0639122856988,
        300.21690877278644,
        255.34498172336154,
        283.05065070258246,
        179.94393157958984,
        175.99551137288412,
        265.75208452012805,
        240.61163669162326,
        211.77388085259332,
        250.35499403211804,
        182.78795835706921,
        183.8687973022461,
        194.68398242526584,
        175.3296364678277,
        185.42278459337024,
        161.35724470350476,
        168.34942118326822,
        226.03695805867514,
        179.25220150417752,
        186.94541888766818,
        159.14275699191623,
        164.7056049770779,
        170.58958095974393,
        178.87589263916016,
        142.59103732638889,
        129.56863657633463,
        160.93880971272787,
        108.64867358737521,
        134.13869010077582,
        136.66521072387695,
        111.71330939398871,
        162.82173792521158,
        142.06155649820963,
        153.45202806260852,
        153.43113284640842,
        156.5054668850369,
        120.0357551574707,
        173.81167772081164,
        165.73628531561957,
        132.97929424709744,
        144.6999740600586,
        164.57901509602866,
        131.87782414754233,
        155.03885989718967,
        135.65077124701605,
        146.24729326036243,
        134.9285413953993
    ],
    "test_loss_history": [
        908.4073486328125,
        572.2005615234375,
        392.85467529296875,
        364.0887145996094,
        304.84295654296875,
        333.61273193359375,
        347.6961364746094,
        292.6083984375,
        307.90576171875,
        245.54476928710938,
        292.206298828125,
        377.68280029296875,
        318.8614196777344,
        267.02239990234375,
        372.7831726074219,
        292.8084716796875,
        212.3061981201172,
        224.65574645996094,
        241.18495178222656,
        276.71295166015625,
        222.83836364746094,
        303.53765869140625,
        251.0366668701172,
        247.87918090820312,
        233.4238739013672,
        224.72457885742188,
        246.94691467285156,
        234.1620330810547,
        214.98074340820312,
        219.59153747558594,
        237.8175048828125,
        238.1188201904297,
        236.11550903320312,
        235.0668182373047,
        233.2002410888672,
        217.52410888671875,
        208.6904296875,
        212.70506286621094,
        214.4149627685547,
        208.76953125,
        208.6507110595703,
        216.49139404296875,
        237.68630981445312,
        237.08840942382812,
        233.7633514404297,
        219.8945770263672,
        211.3678436279297,
        211.95773315429688,
        218.3378143310547,
        217.00985717773438,
        220.3223876953125,
        222.82875061035156,
        226.1068115234375,
        230.4425506591797,
        227.7810821533203,
        220.34906005859375,
        225.5430145263672,
        217.4884033203125,
        216.22128295898438,
        219.54196166992188
    ]
}