{
    "num_conv_blocks": 3,
    "initial_channels": 16,
    "dropout_rate": 0.33,
    "learning_rate": 0.0001,
    "best_test_r2": 0.5757080316543579,
    "best_test_loss": 0.43362540006637573,
    "final_train_r2": 0.5048809051513672,
    "train_r2_history": [
        -1.1284878253936768,
        -0.1013251543045044,
        -0.03330206871032715,
        0.020934879779815674,
        0.11242133378982544,
        0.16536074876785278,
        -0.159737229347229,
        0.18591159582138062,
        0.23105740547180176,
        0.2920801043510437,
        0.12323904037475586,
        0.21236127614974976,
        0.1091008186340332,
        0.1026046872138977,
        0.21169984340667725,
        -0.07142531871795654,
        0.3167576193809509,
        0.3261287808418274,
        0.2675304412841797,
        0.24318832159042358,
        0.2939786911010742,
        0.34168535470962524,
        0.35945361852645874,
        0.42090749740600586,
        0.1865302324295044,
        0.28543299436569214,
        0.07255464792251587,
        0.3492678999900818,
        0.3388034701347351,
        0.43327534198760986,
        0.15536457300186157,
        0.26182758808135986,
        0.28962212800979614,
        0.20542532205581665,
        0.44504833221435547,
        0.4319702982902527,
        0.4246223568916321,
        0.21731466054916382,
        0.32374441623687744,
        0.40337425470352173,
        0.2815400958061218,
        0.3517112135887146,
        0.43865299224853516,
        0.3464162349700928,
        0.3908439874649048,
        0.4563632607460022,
        0.5043683052062988,
        0.4431849718093872,
        0.24804842472076416,
        0.30372172594070435,
        0.39631450176239014,
        0.43316543102264404,
        0.2690775394439697,
        0.3735833168029785,
        0.4765092134475708,
        0.5312896966934204,
        0.36319684982299805,
        0.36721521615982056,
        0.39745479822158813,
        0.39504849910736084,
        0.5048809051513672
    ],
    "test_r2_history": [
        -1.1852104663848877,
        -0.6381192207336426,
        -0.4983992576599121,
        -0.4744514226913452,
        -0.2468242645263672,
        -0.013849973678588867,
        0.06224602460861206,
        0.04645884037017822,
        0.1485692858695984,
        0.252200722694397,
        0.25317293405532837,
        0.2747080326080322,
        0.21775603294372559,
        0.28437691926956177,
        0.3338221311569214,
        0.220431387424469,
        0.19266706705093384,
        0.28502601385116577,
        0.21828484535217285,
        0.3347451686859131,
        0.3986210227012634,
        0.44253218173980713,
        0.45081043243408203,
        0.21122092008590698,
        0.38764697313308716,
        0.33794665336608887,
        0.3667387366294861,
        0.44473403692245483,
        0.498741090297699,
        0.37042516469955444,
        0.2695575952529907,
        0.3166118264198303,
        0.23260951042175293,
        0.3755260705947876,
        0.42795443534851074,
        0.29075175523757935,
        0.5052975416183472,
        0.4854552745819092,
        0.4701657295227051,
        0.35334157943725586,
        0.46991944313049316,
        0.5757080316543579,
        0.5454140305519104,
        0.48629361391067505,
        0.4815727472305298,
        0.4981082081794739,
        0.46879613399505615,
        0.4933203458786011,
        0.4765776991844177,
        0.4881429076194763,
        0.43778181076049805,
        0.5000864267349243,
        0.515561044216156,
        0.4861071705818176,
        0.4764619469642639,
        0.48363637924194336,
        0.4796292781829834,
        0.46144765615463257,
        0.48894721269607544,
        0.5014114379882812,
        0.5229043960571289
    ],
    "train_loss_history": [
        2.1837704761160746,
        1.141787780655755,
        1.0697099599573348,
        1.0071208361122344,
        0.9269988636175791,
        0.8779052562183804,
        1.1969671116934881,
        0.8542139463954501,
        0.8010974989997016,
        0.732463538646698,
        0.9153219196531508,
        0.8119246843788359,
        0.9138365056779649,
        0.9299389488167233,
        0.8080390890439352,
        1.1076760192712147,
        0.7103081113762326,
        0.6891609893904792,
        0.7499577005704244,
        0.7876913977993859,
        0.7376713421609666,
        0.6821749872631497,
        0.6613710655106438,
        0.6015668834249178,
        0.8316163520018259,
        0.7333446575535668,
        0.9661584115690656,
        0.6916808916462792,
        0.6754421922895644,
        0.5874280995792813,
        0.8783398618300756,
        0.7634576741192076,
        0.7382224433951907,
        0.8251224855581919,
        0.5786813596884409,
        0.5961793743901782,
        0.6040868129995134,
        0.8157609386576546,
        0.69637281447649,
        0.6127582507001029,
        0.7562178638246324,
        0.6753673967387941,
        0.5938879383934869,
        0.6891779767142402,
        0.6367791791756948,
        0.5558612503939204,
        0.5164643691645728,
        0.5782732533084022,
        0.7831147644254897,
        0.7159979161289003,
        0.6273131155305438,
        0.5891018534700075,
        0.7589687390459908,
        0.6510810338788562,
        0.5528307623333402,
        0.4887948723302947,
        0.6553971792260805,
        0.648982874221272,
        0.6269211694598198,
        0.6292268286148707,
        0.5093934122059081
    ],
    "test_loss_history": [
        2.2332799434661865,
        1.6741540431976318,
        1.5313605070114136,
        1.5068858861923218,
        1.2742514610290527,
        1.0361523628234863,
        0.9583821892738342,
        0.9745168089866638,
        0.8701601028442383,
        0.7642490267753601,
        0.7632554769515991,
        0.7412467002868652,
        0.7994515299797058,
        0.7313651442527771,
        0.6808322072029114,
        0.7967173457145691,
        0.8250924348831177,
        0.730701744556427,
        0.7989110946655273,
        0.6798888444900513,
        0.6146079301834106,
        0.569730818271637,
        0.5612704753875732,
        0.8061303496360779,
        0.6258233785629272,
        0.6766169667243958,
        0.6471914649009705,
        0.5674805045127869,
        0.5122854113578796,
        0.6434239745140076,
        0.7465103268623352,
        0.6984211802482605,
        0.784271240234375,
        0.6382109522819519,
        0.5846291780471802,
        0.7248501777648926,
        0.5055847764015198,
        0.5258634686470032,
        0.54148930311203,
        0.6608834266662598,
        0.5417410731315613,
        0.43362540006637573,
        0.4645857512950897,
        0.5250067710876465,
        0.5298314094543457,
        0.5129322409629822,
        0.5428890585899353,
        0.5178254246711731,
        0.5349363684654236,
        0.5231167078018188,
        0.5745857357978821,
        0.5109105110168457,
        0.49509549140930176,
        0.5251972675323486,
        0.5350546836853027,
        0.5277223587036133,
        0.5318176746368408,
        0.5503991842269897,
        0.522294819355011,
        0.5095562934875488,
        0.48759058117866516
    ]
}