{
    "num_conv_blocks": 4,
    "initial_channels": 16,
    "dropout_rate": 0.33,
    "learning_rate": 0.001,
    "best_test_r2": 0.48829495906829834,
    "best_test_loss": 28.847196578979492,
    "final_train_r2": 0.167216956615448,
    "train_r2_history": [
        -0.1804143190383911,
        -0.026311874389648438,
        0.11001831293106079,
        -0.0024372339248657227,
        0.07313627004623413,
        0.1006394624710083,
        0.19000244140625,
        0.17024695873260498,
        -0.003828287124633789,
        0.1476307511329651,
        0.04769790172576904,
        0.22523826360702515,
        0.12008410692214966,
        0.24846160411834717,
        0.17421644926071167,
        0.21281880140304565,
        0.16855448484420776,
        0.22153371572494507,
        0.20142865180969238,
        0.20409363508224487,
        0.2671157121658325,
        0.21801888942718506,
        0.29710298776626587,
        0.267661452293396,
        0.44421643018722534,
        0.277230441570282,
        0.23167037963867188,
        0.11383342742919922,
        0.2886582016944885,
        0.29577791690826416,
        0.25049662590026855,
        0.17360341548919678,
        0.25103360414505005,
        0.3453928828239441,
        0.37832891941070557,
        0.167216956615448
    ],
    "test_r2_history": [
        -0.21534574031829834,
        -0.12351751327514648,
        -0.07238638401031494,
        -0.0051097869873046875,
        0.1414119005203247,
        0.21211785078048706,
        0.2222335934638977,
        0.38401365280151367,
        0.018461108207702637,
        0.27228236198425293,
        0.3052709698677063,
        0.4565405249595642,
        0.24237823486328125,
        0.23428863286972046,
        0.423309862613678,
        0.4089621305465698,
        0.48829495906829834,
        0.435713529586792,
        0.3684365749359131,
        0.48285073041915894,
        0.4194280505180359,
        0.2663533091545105,
        0.22018861770629883,
        0.22473007440567017,
        0.382143497467041,
        0.4033889174461365,
        0.10764104127883911,
        0.39662981033325195,
        0.34756702184677124,
        0.33336329460144043,
        0.36227601766586304,
        0.3281761407852173,
        0.3271716833114624,
        0.32065635919570923,
        0.3213770389556885,
        0.32376545667648315
    ],
    "train_loss_history": [
        35.837486584981285,
        31.190629959106445,
        27.00753985510932,
        30.95911259121365,
        28.372736824883354,
        27.27447043524848,
        24.502426942189533,
        25.070924864874947,
        30.781140115525986,
        25.74764633178711,
        28.77402204937405,
        23.74140813615587,
        26.933823691474068,
        22.723080688052708,
        24.944552845425076,
        23.784645822313095,
        25.1099976433648,
        23.575852500067818,
        24.19826338026259,
        24.099560419718426,
        22.208158916897244,
        24.011502901713055,
        21.547900941636826,
        22.16824467976888,
        16.852769507302177,
        21.998466703626846,
        23.633390108744305,
        26.986400816175674,
        21.71926138136122,
        21.261796739366318,
        22.960600958930122,
        24.987046877543133,
        22.638055907355415,
        19.766320572959053,
        19.05759122636583,
        25.548637919955784
    ],
    "test_loss_history": [
        68.51470184326172,
        63.337913513183594,
        60.455413818359375,
        56.6627197265625,
        48.402610778808594,
        44.41658401489258,
        43.8463134765625,
        34.72602081298828,
        55.33391571044922,
        41.02482986450195,
        39.16511535644531,
        30.637344360351562,
        42.710670471191406,
        43.166717529296875,
        32.51071548461914,
        33.319557189941406,
        28.847196578979492,
        31.811452865600586,
        35.60417175292969,
        29.154111862182617,
        32.729549407958984,
        41.35908126831055,
        43.96159744262695,
        43.70557403564453,
        34.83144760131836,
        33.63374710083008,
        50.30643844604492,
        34.01478958129883,
        36.78068542480469,
        37.581417083740234,
        35.95146942138672,
        37.873836517333984,
        37.93046188354492,
        38.29776382446289,
        38.257137298583984,
        38.12248992919922
    ]
}