{
    "num_conv_blocks": 4,
    "initial_channels": 32,
    "dropout_rate": 0.33,
    "learning_rate": 0.001,
    "best_test_r2": 0.561892032623291,
    "best_test_loss": 4.582922458648682,
    "final_train_r2": -0.7673600912094116,
    "train_r2_history": [
        -14.148458480834961,
        -3.041132926940918,
        -2.827110528945923,
        -1.7456297874450684,
        -1.8062875270843506,
        -1.7536957263946533,
        -2.2995011806488037,
        -1.525341272354126,
        -1.2305054664611816,
        -0.9441045522689819,
        -1.8664262294769287,
        -0.8901658058166504,
        -1.814488410949707,
        -1.204026222229004,
        -1.6944515705108643,
        -1.1702549457550049,
        -1.1316447257995605,
        -1.1778311729431152,
        -1.4840118885040283,
        -2.2638962268829346,
        -0.8189507722854614,
        -1.4706740379333496,
        -1.1280159950256348,
        -0.5704882144927979,
        -0.896822452545166,
        -0.9738523960113525,
        -0.8265517950057983,
        -0.5135189294815063,
        -0.8490917682647705,
        -0.6262551546096802,
        -0.732620358467102,
        -0.784045934677124,
        -0.510520339012146,
        -0.8645209074020386,
        -0.4002031087875366,
        -0.9618328809738159,
        -0.5236948728561401,
        -0.628491997718811,
        -0.5861319303512573,
        -0.825768232345581,
        -0.8261866569519043,
        -0.6362854242324829,
        -0.803412914276123,
        -0.6110091209411621,
        -0.7576442956924438,
        -0.8613135814666748,
        -0.9733136892318726,
        -0.6972861289978027,
        -0.5319865942001343,
        -0.7056607007980347,
        -0.5895501375198364,
        -0.9528080224990845,
        -0.7673600912094116
    ],
    "test_r2_history": [
        -22.73764991760254,
        -1.8627643585205078,
        -4.3777689933776855,
        -1.2290303707122803,
        -0.6710355281829834,
        -0.012017607688903809,
        -1.1139652729034424,
        0.16154062747955322,
        0.2265910506248474,
        -1.1664526462554932,
        0.01940685510635376,
        0.22088438272476196,
        0.42525923252105713,
        0.44079941511154175,
        -0.8041961193084717,
        0.5160326957702637,
        0.13509052991867065,
        0.3556654453277588,
        -1.078768014907837,
        -0.04786694049835205,
        0.1790943145751953,
        0.30878525972366333,
        0.40967726707458496,
        0.2539157271385193,
        0.5035843849182129,
        0.4315221309661865,
        0.47491705417633057,
        0.24181920289993286,
        0.3642333149909973,
        0.3570899963378906,
        0.38046687841415405,
        0.36905860900878906,
        0.3498554825782776,
        0.561892032623291,
        0.5175139904022217,
        0.32649004459381104,
        0.470228374004364,
        0.36601030826568604,
        0.3629264235496521,
        0.4416946768760681,
        0.33038824796676636,
        0.3268991708755493,
        0.4649238586425781,
        0.48177480697631836,
        0.535834789276123,
        0.4853692054748535,
        0.4925404191017151,
        0.5138466358184814,
        0.491818368434906,
        0.534603476524353,
        0.5320284366607666,
        0.5111464262008667,
        0.5166011452674866
    ],
    "train_loss_history": [
        148.76440027025012,
        40.390141275193955,
        38.481017112731934,
        27.48564995659722,
        28.18353536393907,
        27.057797537909615,
        33.15993054707845,
        25.121900664435493,
        22.417400148179794,
        19.702569749620224,
        28.693841192457413,
        18.989385445912678,
        28.41291681925456,
        21.822272088792587,
        27.19502745734321,
        21.76731798383925,
        21.361452208624947,
        21.73757807413737,
        24.96180608537462,
        32.518504778544106,
        18.299514240688747,
        24.500596682230633,
        21.64357641008165,
        15.708579858144125,
        19.195490837097168,
        20.138499471876358,
        18.02371252907647,
        14.952326721615261,
        18.703809950086807,
        16.457706239488388,
        17.327478567759197,
        17.696826881832546,
        15.017984761132134,
        18.65623378753662,
        14.343084229363335,
        19.960720433129204,
        15.129910416073269,
        16.248745653364395,
        15.934781710306803,
        18.413965966966416,
        18.325714376237656,
        16.523412969377304,
        18.182468520270454,
        16.055994987487793,
        17.51195878452725,
        18.752539316813152,
        19.501012643178303,
        16.840401543511284,
        15.069103664822048,
        16.891426510281033,
        15.763307995266384,
        19.639023145039875,
        18.058562172783745
    ],
    "test_loss_history": [
        248.3127899169922,
        29.946563720703125,
        56.25531005859375,
        23.3172550201416,
        17.480228424072266,
        10.58642864227295,
        22.11358642578125,
        8.770885467529297,
        8.090411186218262,
        22.662647247314453,
        10.257707595825195,
        8.150108337402344,
        6.012200355529785,
        5.84963846206665,
        18.873184204101562,
        5.062644958496094,
        9.047572135925293,
        6.740201473236084,
        21.745399475097656,
        10.96143913269043,
        8.587262153625488,
        7.230600833892822,
        6.175197601318359,
        7.804575443267822,
        5.192862510681152,
        5.946685314178467,
        5.492743015289307,
        7.931114196777344,
        6.65057373046875,
        6.725298881530762,
        6.4807610511779785,
        6.60009765625,
        6.80097770690918,
        4.582922458648682,
        5.047149658203125,
        7.0453972816467285,
        5.54179048538208,
        6.631986141204834,
        6.66424560546875,
        5.840273380279541,
        7.004618167877197,
        7.041115760803223,
        5.597278594970703,
        5.42100715637207,
        4.855500221252441,
        5.383406162261963,
        5.3083906173706055,
        5.085512638092041,
        5.315943717956543,
        4.868381500244141,
        4.895317554473877,
        5.113758563995361,
        5.056697845458984
    ]
}