{
    "num_conv_blocks": 3,
    "initial_channels": 64,
    "dropout_rate": 0.33,
    "learning_rate": 0.001,
    "best_test_r2": 0.3952997922897339,
    "best_test_loss": 6.325597286224365,
    "final_train_r2": -1.0475261211395264,
    "train_r2_history": [
        -15.02859115600586,
        -6.063912391662598,
        -3.910778522491455,
        -3.162336826324463,
        -1.9587833881378174,
        -2.406123638153076,
        -1.902747631072998,
        -1.8851344585418701,
        -1.6092195510864258,
        -1.4549760818481445,
        -1.951575756072998,
        -2.1333658695220947,
        -2.685666084289551,
        -2.3179965019226074,
        -1.8018863201141357,
        -1.8156535625457764,
        -1.4871149063110352,
        -1.6001396179199219,
        -2.1023547649383545,
        -1.3459906578063965,
        -1.7181241512298584,
        -1.6334764957427979,
        -2.359816789627075,
        -1.1013545989990234,
        -1.6990578174591064,
        -1.9350471496582031,
        -1.0590529441833496,
        -1.4925692081451416,
        -1.0763680934906006,
        -1.4123523235321045,
        -1.3703937530517578,
        -1.3408443927764893,
        -1.7999920845031738,
        -0.7827415466308594,
        -1.7541165351867676,
        -0.875555157661438,
        -1.6026806831359863,
        -1.392866611480713,
        -1.1124873161315918,
        -0.8754541873931885,
        -1.0475261211395264
    ],
    "test_r2_history": [
        -25.860586166381836,
        -4.589768409729004,
        -2.6796109676361084,
        -2.9698164463043213,
        -1.5865893363952637,
        -0.2509894371032715,
        -1.3631129264831543,
        0.20659703016281128,
        -0.8106503486633301,
        0.21121138334274292,
        -0.09854185581207275,
        0.19252997636795044,
        -0.6147807836532593,
        -0.42058002948760986,
        -0.3408169746398926,
        0.24574095010757446,
        -0.5388391017913818,
        -1.1219780445098877,
        -0.15569651126861572,
        -0.08432769775390625,
        -1.6964006423950195,
        0.3952997922897339,
        -0.9342931509017944,
        -0.27993035316467285,
        0.34903013706207275,
        -0.5179065465927124,
        -0.015848875045776367,
        -1.0806427001953125,
        -0.31903982162475586,
        0.18269133567810059,
        0.17522287368774414,
        0.026129841804504395,
        -0.047124266624450684,
        0.2805674076080322,
        -0.4893137216567993,
        -0.24411559104919434,
        0.1000288724899292,
        0.16665935516357422,
        -0.02220022678375244,
        0.22347313165664673,
        -0.1350858211517334
    ],
    "train_loss_history": [
        159.60255177815756,
        70.09014468722873,
        48.750706354777016,
        41.92715856764052,
        29.28689368565877,
        34.050171322292755,
        29.18761920928955,
        28.748019218444824,
        26.822348435719807,
        24.470163981119793,
        29.684132681952583,
        31.325805875990127,
        37.706819746229385,
        32.94598409864638,
        28.659855100843643,
        27.7674044503106,
        24.65108087327745,
        25.914020538330078,
        30.912279658847385,
        23.198294798533123,
        27.300434006585014,
        27.15152931213379,
        33.7612706290351,
        20.87544086244371,
        27.035735024346245,
        29.676447444491917,
        20.765616205003525,
        25.366498947143555,
        20.78525193532308,
        24.22006501091851,
        24.078589545355904,
        22.985693348778618,
        27.774241341484917,
        17.802204344007706,
        27.21288087632921,
        18.670125219557022,
        26.229675398932564,
        23.982059743669296,
        21.537168078952366,
        19.068360646565754,
        20.562820964389378
    ],
    "test_loss_history": [
        280.98095703125,
        58.472991943359375,
        38.49136734008789,
        41.527122497558594,
        27.057573318481445,
        13.0862455368042,
        24.7198486328125,
        8.299562454223633,
        18.940698623657227,
        8.251294136047363,
        11.491534233093262,
        8.4467134475708,
        16.89176368713379,
        14.860285758972168,
        14.025907516479492,
        7.890089988708496,
        16.09735679626465,
        22.197410583496094,
        12.089411735534668,
        11.34284496307373,
        28.206283569335938,
        6.325597286224365,
        20.23409080505371,
        13.38898754119873,
        6.809609889984131,
        15.878389358520508,
        10.626506805419922,
        21.7650089263916,
        13.798101425170898,
        8.549633026123047,
        8.627758979797363,
        10.187379837036133,
        10.953668594360352,
        7.525779724121094,
        15.5792875289917,
        13.014339447021484,
        9.414341926574707,
        8.717340469360352,
        10.69294548034668,
        8.123026847839355,
        11.873809814453125
    ]
}