{
    "num_conv_blocks": 2,
    "initial_channels": 64,
    "dropout_rate": 0.33,
    "learning_rate": 0.001,
    "best_test_r2": 0.5826089382171631,
    "best_test_loss": 0.4265727400779724,
    "final_train_r2": 0.24883484840393066,
    "train_r2_history": [
        -18.369426727294922,
        -2.5663750171661377,
        -2.122159957885742,
        -0.5232236385345459,
        -0.6986989974975586,
        -0.6621594429016113,
        -0.3402676582336426,
        -0.29371559619903564,
        -0.1608356237411499,
        -0.39392614364624023,
        -0.13721585273742676,
        -0.2883727550506592,
        -0.173761248588562,
        0.200456440448761,
        -0.4333900213241577,
        -0.18298912048339844,
        -0.12776625156402588,
        -0.18698179721832275,
        -0.1902623176574707,
        0.15131723880767822,
        0.2174309492111206,
        -0.4571276903152466,
        0.08967989683151245,
        -0.19441580772399902,
        0.08795666694641113,
        0.03549361228942871,
        -0.004886031150817871,
        -0.059382081031799316,
        0.20191580057144165,
        0.03373748064041138,
        0.09650081396102905,
        0.02009117603302002,
        0.24883484840393066
    ],
    "test_r2_history": [
        -0.9770488739013672,
        -0.2466418743133545,
        -0.2383671998977661,
        -0.4279435873031616,
        -0.08518195152282715,
        -0.10938405990600586,
        0.2636510729789734,
        0.3758102059364319,
        0.3337927460670471,
        0.009626328945159912,
        0.06150418519973755,
        -0.03985595703125,
        -0.0637211799621582,
        0.5826089382171631,
        0.344993531703949,
        -0.03297078609466553,
        -0.11618006229400635,
        0.1801658272743225,
        0.3172112703323364,
        0.06205040216445923,
        0.21316522359848022,
        0.08900052309036255,
        0.1951799988746643,
        0.1563723087310791,
        0.13424211740493774,
        0.14757484197616577,
        0.2147548794746399,
        0.3509737253189087,
        0.321117639541626,
        0.25104820728302,
        0.23676514625549316,
        0.30547577142715454,
        0.32560622692108154
    ],
    "train_loss_history": [
        19.61035904619429,
        3.7109606530931263,
        3.2043709092670016,
        1.5865969392988417,
        1.7605061928431194,
        1.7153808342085943,
        1.3919045329093933,
        1.3451765576998393,
        1.2118374208609264,
        1.428580532471339,
        1.1802052557468414,
        1.3416121734513178,
        1.2417862200074725,
        0.8292307290765975,
        1.4901454945405324,
        1.217459695206748,
        1.1884577125310898,
        1.2372548116577997,
        1.2313009434276156,
        0.8957111885150274,
        0.8095791339874268,
        1.4900678363111284,
        0.9403177996476492,
        1.2438151505258348,
        0.9673501153786978,
        0.9986082745922936,
        1.0539197814133432,
        1.0974133710066478,
        0.8201049268245697,
        1.0134571095307667,
        0.9251157773865594,
        1.023170938094457,
        0.7789948400523927
    ],
    "test_loss_history": [
        2.0205395221710205,
        1.2740650177001953,
        1.2656084299087524,
        1.459355115890503,
        1.1090534925460815,
        1.1337878704071045,
        0.7525467872619629,
        0.6379205584526062,
        0.6808621883392334,
        1.0121595859527588,
        0.9591406583786011,
        1.0627304315567017,
        1.0871206521987915,
        0.4265727400779724,
        0.6694151759147644,
        1.0556937456130981,
        1.1407333612442017,
        0.8378686308860779,
        0.6978084444999695,
        0.9585822820663452,
        0.8041433095932007,
        0.9310393333435059,
        0.8225241899490356,
        0.8621855974197388,
        0.884802520275116,
        0.8711766004562378,
        0.8025186657905579,
        0.6633033156394958,
        0.6938163042068481,
        0.7654269337654114,
        0.7800242304801941,
        0.7098021507263184,
        0.6892288327217102
    ]
}