{
    "num_conv_blocks": 3,
    "initial_channels": 32,
    "dropout_rate": 0.33,
    "learning_rate": 0.001,
    "best_test_r2": 0.4444187879562378,
    "best_test_loss": 187.2229766845703,
    "final_train_r2": 0.4762902855873108,
    "train_r2_history": [
        -1.4766278266906738,
        -0.17804348468780518,
        -0.4387636184692383,
        -0.19802069664001465,
        0.02287191152572632,
        0.12725681066513062,
        0.05530381202697754,
        -0.00880420207977295,
        -0.10394620895385742,
        0.08492106199264526,
        0.16797059774398804,
        0.1921502947807312,
        0.2518571615219116,
        0.16713547706604004,
        0.3243899941444397,
        0.3774314522743225,
        0.2933899760246277,
        0.2728004455566406,
        0.31282955408096313,
        0.4113178849220276,
        0.233567476272583,
        0.2926821708679199,
        0.26978564262390137,
        0.41276872158050537,
        0.34632277488708496,
        0.3288835883140564,
        0.6457618474960327,
        0.43855738639831543,
        0.45599377155303955,
        0.4199671745300293,
        0.4762902855873108
    ],
    "test_r2_history": [
        -2.713184356689453,
        -0.4498392343521118,
        -1.1976494789123535,
        -0.18222665786743164,
        -0.1174771785736084,
        0.21800798177719116,
        -0.2046034336090088,
        0.13718914985656738,
        -0.017357587814331055,
        0.3557511568069458,
        -0.18783318996429443,
        0.4444187879562378,
        0.22232013940811157,
        -0.06977653503417969,
        0.2786383628845215,
        0.24415695667266846,
        0.29641062021255493,
        0.3431590795516968,
        0.3573777675628662,
        0.3727383017539978,
        0.25768470764160156,
        0.04949235916137695,
        0.3110051155090332,
        0.2833862900733948,
        0.3069469928741455,
        0.3293619751930237,
        0.32523441314697266,
        0.2968090772628784,
        0.2871784567832947,
        0.2855418920516968,
        0.304423987865448
    ],
    "train_loss_history": [
        858.9130927191841,
        410.84510125054254,
        494.3369539048937,
        412.0127817789714,
        340.7583228217231,
        302.12872823079425,
        326.48948160807294,
        353.37264675564234,
        385.47295464409723,
        315.51348876953125,
        290.48585467868384,
        284.52203877766925,
        261.8614917331272,
        296.9097722371419,
        233.05341593424478,
        219.5003229777018,
        250.8567386203342,
        251.7063734266493,
        238.94970703125,
        205.63323169284396,
        264.6772011650933,
        242.40042877197266,
        257.7973115709093,
        204.3271976047092,
        227.63846079508463,
        235.07945505777994,
        124.5789811876085,
        197.8730714586046,
        190.94176610310873,
        203.3525161743164,
        179.35577901204428
    ],
    "test_loss_history": [
        1251.29052734375,
        488.5752868652344,
        740.57666015625,
        398.39361572265625,
        376.573974609375,
        263.52020263671875,
        405.9342346191406,
        290.7550354003906,
        342.8350524902344,
        217.10272216796875,
        400.28289794921875,
        187.2229766845703,
        262.0671081542969,
        360.4995422363281,
        243.088623046875,
        254.7083740234375,
        237.0996551513672,
        221.34608459472656,
        216.5545654296875,
        211.37831115722656,
        250.1497344970703,
        320.3075866699219,
        232.1815185546875,
        241.4886474609375,
        233.54904174804688,
        225.99549865722656,
        227.38641357421875,
        236.96533203125,
        240.21072387695312,
        240.76223754882812,
        234.3992462158203
    ]
}