{
    "num_conv_blocks": 2,
    "initial_channels": 16,
    "dropout_rate": 0.33,
    "learning_rate": 0.001,
    "best_test_r2": -0.022648096084594727,
    "best_test_loss": 10.697630882263184,
    "final_train_r2": -1.2587392330169678,
    "train_r2_history": [
        -14.98188304901123,
        -4.922781944274902,
        -4.150599956512451,
        -1.8874735832214355,
        -3.048438549041748,
        -3.4499669075012207,
        -2.531388759613037,
        -4.632314205169678,
        -1.9987452030181885,
        -3.758775234222412,
        -2.8635172843933105,
        -2.75221586227417,
        -1.5414283275604248,
        -2.9795401096343994,
        -2.6321723461151123,
        -2.4305007457733154,
        -3.2484426498413086,
        -1.7980260848999023,
        -1.4395527839660645,
        -1.3366801738739014,
        -1.7302653789520264,
        -1.592825174331665,
        -1.951608657836914,
        -2.0739691257476807,
        -1.3997855186462402,
        -1.9056580066680908,
        -1.2743818759918213,
        -1.2587392330169678
    ],
    "test_r2_history": [
        -20.925508499145508,
        -11.476065635681152,
        -5.71417760848999,
        -2.72857666015625,
        -0.7231630086898804,
        -3.0048985481262207,
        -1.257007122039795,
        -3.029792308807373,
        -0.022648096084594727,
        -3.881782054901123,
        -0.20919406414031982,
        -1.0432460308074951,
        -0.0878455638885498,
        -1.222151279449463,
        -2.619511365890503,
        -1.0779550075531006,
        -0.17326855659484863,
        -0.7908389568328857,
        -1.15706205368042,
        -0.8471152782440186,
        -1.0625617504119873,
        -0.3861856460571289,
        -0.42249512672424316,
        -0.380462646484375,
        -0.22651278972625732,
        -0.023763060569763184,
        -0.3081021308898926,
        -0.35331451892852783
    ],
    "train_loss_history": [
        157.51181326972113,
        59.0298940870497,
        52.11205503675673,
        28.99743715922038,
        41.247635735405815,
        43.97389051649306,
        35.43491660224067,
        56.81384701199002,
        29.694667392306858,
        48.284638828701446,
        39.21085209316678,
        37.44044844309489,
        26.08626593483819,
        40.12127367655436,
        36.35323015848795,
        34.4099382824368,
        42.31602149539523,
        27.945766766866047,
        24.415810585021973,
        23.451614909701878,
        27.81178463829888,
        26.262496259477402,
        29.14757834540473,
        30.82185236612956,
        24.003545867072212,
        29.725319544474285,
        22.784263186984592,
        22.239617665608723
    ],
    "test_loss_history": [
        229.3564910888672,
        130.5085906982422,
        70.235107421875,
        39.003578186035156,
        18.02552032470703,
        41.89411163330078,
        23.60991096496582,
        42.15451431274414,
        10.697630882263184,
        51.06692886352539,
        12.64903450012207,
        21.373815536499023,
        11.37964153289795,
        23.245290756225586,
        37.86267852783203,
        21.73689842224121,
        12.273226737976074,
        18.733457565307617,
        22.564414978027344,
        19.322147369384766,
        21.57587242126465,
        14.500494003295898,
        14.880315780639648,
        14.440627098083496,
        12.83020305633545,
        10.709294319152832,
        13.683684349060059,
        14.156639099121094
    ]
}