{
    "num_conv_blocks": 3,
    "initial_channels": 64,
    "dropout_rate": 0.33,
    "learning_rate": 0.0001,
    "best_test_r2": 0.43591272830963135,
    "best_test_loss": 190.0894012451172,
    "final_train_r2": 0.4747127890586853,
    "train_r2_history": [
        -2.5591516494750977,
        -0.8775094747543335,
        0.13654911518096924,
        -0.012845158576965332,
        0.22078198194503784,
        0.31897395849227905,
        0.19044065475463867,
        0.19948917627334595,
        0.3116878867149353,
        0.32752615213394165,
        0.3377764821052551,
        0.27958136796951294,
        0.29446184635162354,
        0.42439591884613037,
        0.25612032413482666,
        0.3109726905822754,
        0.2813185453414917,
        0.3853398561477661,
        0.3537323474884033,
        0.29843294620513916,
        0.13226842880249023,
        0.4653967618942261,
        0.4618316888809204,
        0.5138013362884521,
        0.48824572563171387,
        0.4356033205986023,
        0.3546452522277832,
        0.3158348798751831,
        0.5068066120147705,
        0.4973825216293335,
        0.549939751625061,
        0.5319398641586304,
        0.5542826652526855,
        0.5877147912979126,
        0.44447606801986694,
        0.6242643594741821,
        0.48323380947113037,
        0.4747127890586853
    ],
    "test_r2_history": [
        -3.3697500228881836,
        -2.896982431411743,
        -2.6397652626037598,
        -2.1028358936309814,
        -1.543666124343872,
        -0.940886378288269,
        -0.6159642934799194,
        -0.16778182983398438,
        0.13615387678146362,
        0.32516276836395264,
        0.3382602334022522,
        0.3467075824737549,
        0.3148941397666931,
        0.20035529136657715,
        0.19761252403259277,
        0.15345627069473267,
        0.40625208616256714,
        0.3883282542228699,
        0.43591272830963135,
        0.2255868911743164,
        0.28525352478027344,
        0.2981835603713989,
        0.3975188136100769,
        0.42611944675445557,
        0.425459623336792,
        0.31780970096588135,
        0.3047959804534912,
        0.3430851697921753,
        0.3488295078277588,
        0.3672162890434265,
        0.4221966862678528,
        0.42503267526626587,
        0.37614989280700684,
        0.3801112771034241,
        0.3746773600578308,
        0.3758126497268677,
        0.38387739658355713,
        0.4119715690612793
    ],
    "train_loss_history": [
        1228.5751003689236,
        645.5866071912977,
        301.8192537095812,
        355.4102333916558,
        269.79424370659723,
        239.10877227783203,
        280.59405941433374,
        278.13872612847223,
        238.130007425944,
        238.41827731662326,
        229.21985710991754,
        250.1330074734158,
        251.63089413113065,
        202.54681566026477,
        266.2896567450629,
        239.04524739583334,
        249.58953433566623,
        214.36484697129993,
        225.35938347710504,
        245.5576604207357,
        300.3478749593099,
        184.8206469217936,
        188.28592003716363,
        169.67566638522678,
        177.67966885036893,
        194.22217814127603,
        225.50301869710287,
        239.8457768758138,
        169.34466467963324,
        177.0849321153429,
        157.30067740546332,
        163.28406778971353,
        155.64317406548395,
        144.01916037665472,
        190.89349110921225,
        131.0277188618978,
        179.77748446994357,
        182.70682949490018
    ],
    "test_loss_history": [
        1472.5439453125,
        1313.2276611328125,
        1226.5491943359375,
        1045.6116943359375,
        857.1793823242188,
        654.0510864257812,
        544.5569458007812,
        393.52593994140625,
        291.1038818359375,
        227.4105682373047,
        222.9969024658203,
        220.1502685546875,
        230.8709716796875,
        269.4689025878906,
        270.3931884765625,
        285.2732238769531,
        200.0845947265625,
        206.12464904785156,
        190.0894012451172,
        260.9662170410156,
        240.8594512939453,
        236.50218200683594,
        203.02761840820312,
        193.3896026611328,
        193.61195373535156,
        229.888427734375,
        234.27386474609375,
        221.3709716796875,
        219.4352264404297,
        213.2391357421875,
        194.71151733398438,
        193.7558135986328,
        210.22860717773438,
        208.89369201660156,
        210.72488403320312,
        210.34225463867188,
        207.6245880126953,
        198.15721130371094
    ]
}