{
    "num_conv_blocks": 3,
    "initial_channels": 32,
    "dropout_rate": 0.33,
    "learning_rate": 0.0001,
    "best_test_r2": 0.5844972133636475,
    "best_test_loss": 23.423828125,
    "final_train_r2": 0.5477516651153564,
    "train_r2_history": [
        -0.26319169998168945,
        -0.04608154296875,
        -0.04860639572143555,
        -0.017873525619506836,
        0.10435408353805542,
        0.1684899926185608,
        0.33268702030181885,
        0.3528696298599243,
        0.31465840339660645,
        0.2567669153213501,
        0.20204168558120728,
        0.527086079120636,
        0.2179197072982788,
        0.3609103560447693,
        0.29625970125198364,
        0.4366426467895508,
        0.324085533618927,
        0.3327473998069763,
        0.3586050271987915,
        0.5108929872512817,
        0.3334936499595642,
        0.3882567286491394,
        0.37585288286209106,
        0.3797757625579834,
        0.17449462413787842,
        0.318656861782074,
        0.5118495225906372,
        0.48276370763778687,
        0.5477516651153564
    ],
    "test_r2_history": [
        -0.38928699493408203,
        -0.27938902378082275,
        -0.17327547073364258,
        -0.09816575050354004,
        0.008639335632324219,
        0.17431581020355225,
        0.34420347213745117,
        0.5061992406845093,
        0.5766693949699402,
        0.5844972133636475,
        0.429118812084198,
        0.35176992416381836,
        0.4708300828933716,
        0.39144784212112427,
        0.38704079389572144,
        0.49470043182373047,
        0.41737663745880127,
        0.4531697630882263,
        0.5284535884857178,
        0.5423053503036499,
        0.3852347731590271,
        0.38613462448120117,
        0.49335622787475586,
        0.4932404160499573,
        0.5056246519088745,
        0.5258544683456421,
        0.5458495020866394,
        0.4956331253051758,
        0.5220522880554199
    ],
    "train_loss_history": [
        38.36825052897135,
        31.73193973965115,
        32.05333031548394,
        31.026072608100044,
        27.274046897888184,
        25.11446475982666,
        20.22972806294759,
        19.679801517062717,
        20.98183536529541,
        22.426250139872234,
        24.142856280008953,
        14.61961121029324,
        23.892800278133816,
        19.315185176001656,
        21.350367016262478,
        17.179855664571125,
        20.552286518944634,
        20.54042387008667,
        19.555603345235188,
        14.851196659935844,
        20.213752110799152,
        18.443983528349136,
        18.864392704433865,
        18.84812635845608,
        24.956394407484268,
        21.18064308166504,
        14.758036057154337,
        15.584829648335775,
        13.683995935651991
    ],
    "test_loss_history": [
        78.32058715820312,
        72.1251220703125,
        66.14300537109375,
        61.908714294433594,
        55.88761901855469,
        46.54765701293945,
        36.970306396484375,
        27.837846755981445,
        23.865121841430664,
        23.423828125,
        32.183231353759766,
        36.54374694824219,
        29.831771850585938,
        34.306922912597656,
        34.555362701416016,
        28.486087799072266,
        32.845191955566406,
        30.827367782592773,
        26.58327293395996,
        25.802379608154297,
        34.65717697143555,
        34.606449127197266,
        28.56186866760254,
        28.56839942932129,
        27.8702449798584,
        26.729793548583984,
        25.602581024169922,
        28.43350601196289,
        26.944143295288086
    ]
}