{
    "num_conv_blocks": 4,
    "initial_channels": 64,
    "dropout_rate": 0.33,
    "learning_rate": 0.0001,
    "best_test_r2": 0.7716513872146606,
    "best_test_loss": 2.388690710067749,
    "final_train_r2": -0.16362261772155762,
    "train_r2_history": [
        -27.86867904663086,
        -11.108746528625488,
        -1.8705897331237793,
        -1.3256564140319824,
        -1.4796853065490723,
        -1.2707161903381348,
        -1.1005346775054932,
        -0.6548161506652832,
        -0.9890158176422119,
        -1.2657744884490967,
        -1.1992974281311035,
        -0.9475265741348267,
        -0.831005334854126,
        -0.595596432685852,
        -0.9668735265731812,
        -0.9789360761642456,
        -0.9165992736816406,
        -0.6968370676040649,
        -0.9039992094039917,
        -0.5394395589828491,
        -0.8990662097930908,
        -0.668439507484436,
        -0.17347323894500732,
        -1.0312697887420654,
        -0.6654820442199707,
        -0.7748152017593384,
        -0.35773324966430664,
        -0.7383029460906982,
        -0.5425546169281006,
        -0.10097789764404297,
        -0.20406603813171387,
        -0.5079625844955444,
        -0.5503257513046265,
        -0.191290020942688,
        -0.29121315479278564,
        -0.3538041114807129,
        -0.3590294122695923,
        -0.5105273723602295,
        -0.34617578983306885,
        -0.9341392517089844,
        -0.16362261772155762
    ],
    "test_r2_history": [
        -32.1448974609375,
        -24.31771469116211,
        -7.701112747192383,
        -3.4511466026306152,
        -5.374416351318359,
        -3.935617446899414,
        -1.9159703254699707,
        -1.6970982551574707,
        0.28224706649780273,
        -0.17992281913757324,
        0.23868638277053833,
        0.473705530166626,
        0.36777031421661377,
        0.24226850271224976,
        -0.204961895942688,
        0.642003059387207,
        0.27441543340682983,
        0.5590929985046387,
        -0.06783092021942139,
        0.5608478784561157,
        0.33868324756622314,
        0.7716513872146606,
        0.5092405080795288,
        0.5620098114013672,
        0.4798309803009033,
        0.38818204402923584,
        0.26122838258743286,
        0.5423482656478882,
        0.45990222692489624,
        0.3628171682357788,
        0.5030614137649536,
        0.3121834397315979,
        0.49142545461654663,
        0.5166922807693481,
        0.5597198605537415,
        0.6131058931350708,
        0.5629958510398865,
        0.28414785861968994,
        0.29577070474624634,
        0.3777717351913452,
        0.5300425887107849
    ],
    "train_loss_history": [
        287.4216545952691,
        119.95497428046332,
        28.86874220106337,
        23.00125249226888,
        24.79678334130181,
        22.860156483120388,
        20.894280115763348,
        16.51125791337755,
        19.833896425035263,
        22.44670597712199,
        22.27067995071411,
        19.90873596403334,
        18.510240342881943,
        16.289768907758926,
        19.983442624409992,
        19.4907562467787,
        19.319750997755264,
        17.20447063446045,
        19.310381995307075,
        15.35924318101671,
        18.991467846764458,
        16.688941690656875,
        11.921916511323717,
        20.272408379448784,
        16.5780827999115,
        17.829016897413467,
        13.532869127061632,
        17.707239839765762,
        15.434285137388441,
        11.09604197078281,
        12.049575381808811,
        15.241618792215982,
        15.500367376539442,
        11.935327423943413,
        12.915197849273682,
        13.520778867933485,
        13.682021723853218,
        15.182900428771973,
        13.248755825890434,
        19.492963790893555,
        11.835153619448343
    ],
    "test_loss_history": [
        346.7193603515625,
        264.8414001464844,
        91.01986694335938,
        46.56218338012695,
        66.68095397949219,
        51.630088806152344,
        30.503135681152344,
        28.213577270507812,
        7.508208274841309,
        12.3428373336792,
        7.963885307312012,
        5.5054168701171875,
        6.613574981689453,
        7.926413536071777,
        12.604763984680176,
        3.744904041290283,
        7.590134620666504,
        4.612203121185303,
        11.170275688171387,
        4.593845367431641,
        6.917847633361816,
        2.388690710067749,
        5.133695125579834,
        4.581690788269043,
        5.441340446472168,
        6.40005350112915,
        7.728079795837402,
        4.787365436553955,
        5.64980936050415,
        6.665389060974121,
        5.198333740234375,
        7.1950531005859375,
        5.320054054260254,
        5.055744647979736,
        4.605645656585693,
        4.047189235687256,
        4.571375846862793,
        7.488326072692871,
        7.3667426109313965,
        6.508953094482422,
        4.916090488433838
    ]
}