{
    "num_conv_blocks": 3,
    "initial_channels": 64,
    "dropout_rate": 0.33,
    "learning_rate": 0.0001,
    "best_test_r2": 0.6620714664459229,
    "best_test_loss": 19.05060386657715,
    "final_train_r2": 0.6804780960083008,
    "train_r2_history": [
        -0.1342998743057251,
        0.0016512274742126465,
        0.14384609460830688,
        0.3283606171607971,
        0.33783161640167236,
        0.35533833503723145,
        0.26632899045944214,
        0.3651701807975769,
        0.45497971773147583,
        0.4721318483352661,
        0.4254531264305115,
        0.5113377571105957,
        0.3758668303489685,
        0.4866873025894165,
        0.5793237090110779,
        0.6133329272270203,
        0.6222892999649048,
        0.5128981471061707,
        0.547052264213562,
        0.5858194828033447,
        0.5907059907913208,
        0.588832676410675,
        0.6788192391395569,
        0.6559711694717407,
        0.6720126271247864,
        0.6916598081588745,
        0.5997515916824341,
        0.5075939893722534,
        0.6847948431968689,
        0.7561140060424805,
        0.6274658441543579,
        0.7672966122627258,
        0.5552645921707153,
        0.6127339601516724,
        0.7140176892280579,
        0.6804780960083008
    ],
    "test_r2_history": [
        -0.3124721050262451,
        -0.18698298931121826,
        -0.04547679424285889,
        0.21558266878128052,
        0.2972465753555298,
        0.4897463917732239,
        0.3673675060272217,
        0.35407859086990356,
        0.4412257671356201,
        0.5471729040145874,
        0.45663946866989136,
        0.543824315071106,
        0.4997709393501282,
        0.2901061773300171,
        0.45540285110473633,
        0.6175334453582764,
        0.6620714664459229,
        0.6258091926574707,
        0.5353970527648926,
        0.5531719923019409,
        0.5836484432220459,
        0.33548951148986816,
        0.6035261154174805,
        0.6157453060150146,
        0.5226095914840698,
        0.40700215101242065,
        0.5067092180252075,
        0.5654839277267456,
        0.5430570840835571,
        0.5783775448799133,
        0.6038628816604614,
        0.6222426891326904,
        0.6608000993728638,
        0.6512666344642639,
        0.6241745948791504,
        0.5974730253219604
    ],
    "train_loss_history": [
        34.451017803616,
        30.558951165941025,
        26.154870563083225,
        20.83264223734538,
        20.27609634399414,
        19.507491164737278,
        22.09912735886044,
        19.458350976308186,
        17.02139271630181,
        16.080849435594345,
        17.69081409772237,
        14.724135279655457,
        19.37045669555664,
        15.593792703416613,
        12.859591484069824,
        11.89510695139567,
        11.610106547673544,
        14.843150986565483,
        14.224111980862087,
        12.811559862560696,
        12.560202101866404,
        12.805734131071302,
        9.849821223153008,
        10.504549344380697,
        10.113866964975992,
        9.393998954031202,
        12.40783561600579,
        14.900000757641262,
        9.836967335806953,
        7.41229706340366,
        11.280357122421265,
        7.132707834243774,
        13.43755300839742,
        11.884354538387722,
        8.827125019497341,
        9.758321629630196
    ],
    "test_loss_history": [
        73.99015808105469,
        66.91576385498047,
        58.93839645385742,
        44.22126007080078,
        39.61748123168945,
        28.76537322998047,
        35.6644401550293,
        36.41359329223633,
        31.500701904296875,
        25.527971267700195,
        30.631765365600586,
        25.716751098632812,
        28.200246810913086,
        40.02001953125,
        30.70147705078125,
        21.56142234802246,
        19.05060386657715,
        21.094879150390625,
        26.191831588745117,
        25.189775466918945,
        23.4716796875,
        37.4615478515625,
        22.3510799407959,
        21.6622257232666,
        26.9127254486084,
        33.430049896240234,
        27.809099197387695,
        24.495695114135742,
        25.760000228881836,
        23.768821716308594,
        22.332096099853516,
        21.295936584472656,
        19.122278213500977,
        19.659725189208984,
        21.187028884887695,
        22.69232177734375
    ]
}