{
    "num_conv_blocks": 2,
    "initial_channels": 32,
    "dropout_rate": 0.33,
    "learning_rate": 0.001,
    "best_test_r2": 0.5307604074478149,
    "best_test_loss": 158.1270751953125,
    "final_train_r2": 0.5489290952682495,
    "train_r2_history": [
        -0.8570476770401001,
        -0.39377379417419434,
        -0.26941871643066406,
        0.05167567729949951,
        -0.24371623992919922,
        -0.07120561599731445,
        0.2835356593132019,
        0.09803611040115356,
        0.11394208669662476,
        0.12776178121566772,
        0.12382584810256958,
        0.18576514720916748,
        0.10703587532043457,
        0.380657434463501,
        0.43981146812438965,
        0.32521772384643555,
        0.38617342710494995,
        0.28086966276168823,
        0.45545387268066406,
        0.35768556594848633,
        0.5777180790901184,
        0.5126531720161438,
        0.5192304849624634,
        0.49654537439346313,
        0.41444820165634155,
        0.5484237670898438,
        0.5278792977333069,
        0.5203782916069031,
        0.482218861579895,
        0.5959681868553162,
        0.4494110345840454,
        0.6638026237487793,
        0.5999943017959595,
        0.6154674291610718,
        0.6088426113128662,
        0.45066338777542114,
        0.5815365314483643,
        0.5263690948486328,
        0.70115065574646,
        0.5737878680229187,
        0.538673460483551,
        0.620537281036377,
        0.6468878984451294,
        0.6924372911453247,
        0.5752154588699341,
        0.6115350127220154,
        0.5535460710525513,
        0.5872232913970947,
        0.6367107033729553,
        0.6220852732658386,
        0.652457594871521,
        0.5952649712562561,
        0.7089421153068542,
        0.6843756437301636,
        0.5831528902053833,
        0.6432679891586304,
        0.5489290952682495
    ],
    "test_r2_history": [
        -2.246748447418213,
        -0.25606250762939453,
        0.0474967360496521,
        0.23126769065856934,
        0.3997049927711487,
        0.3929709196090698,
        0.44254958629608154,
        0.2986829876899719,
        -0.07091498374938965,
        -0.002440929412841797,
        0.26214081048965454,
        0.3267345428466797,
        0.2992299199104309,
        0.40800195932388306,
        0.3512570261955261,
        0.39098936319351196,
        0.3399152159690857,
        0.40538060665130615,
        0.4765480160713196,
        0.4642670154571533,
        0.4854867458343506,
        0.35466468334198,
        0.42296266555786133,
        0.34206557273864746,
        0.3965120315551758,
        0.3882533311843872,
        0.4131345748901367,
        0.4243251085281372,
        0.2774575352668762,
        0.34447628259658813,
        0.3674948811531067,
        0.44295746088027954,
        0.46551352739334106,
        0.3714239001274109,
        0.46853911876678467,
        0.3721914291381836,
        0.3729185461997986,
        0.5307604074478149,
        0.4875255823135376,
        0.4323381185531616,
        0.40757596492767334,
        0.39744359254837036,
        0.4515344500541687,
        0.48479169607162476,
        0.5048304796218872,
        0.4606107473373413,
        0.4312868118286133,
        0.4556037187576294,
        0.426150381565094,
        0.4512368440628052,
        0.4657415747642517,
        0.476132333278656,
        0.46873939037323,
        0.47877824306488037,
        0.46829211711883545,
        0.43329793214797974,
        0.4297444820404053
    ],
    "train_loss_history": [
        633.0994703504774,
        488.4518466525608,
        438.50862291124133,
        328.23909166124133,
        437.4126671685113,
        371.3695560031467,
        252.91275914510092,
        316.761474609375,
        307.34151458740234,
        304.3623453776042,
        300.22657691107855,
        286.00757175021704,
        308.2074703640408,
        221.5848151312934,
        193.44910091824002,
        230.0476277669271,
        214.07987297905817,
        249.90733506944446,
        189.15104293823242,
        221.3903571234809,
        146.3234943813748,
        172.60332658555774,
        166.84224616156683,
        174.56173706054688,
        202.32967376708984,
        155.62371656629773,
        165.20918485853406,
        167.60380469428168,
        179.90763515896268,
        140.40905337863498,
        192.99442376030817,
        114.84124332004123,
        141.7136747572157,
        133.14126374986438,
        136.88783815171985,
        188.06576538085938,
        143.67059665256076,
        161.92075983683267,
        102.3667572869195,
        152.73475223117404,
        157.9278024037679,
        132.01316663953992,
        123.46666081746419,
        105.99395667182074,
        145.00480609469943,
        133.58150312635632,
        155.55237812466092,
        141.66317876180014,
        127.58214738633897,
        130.70960659450955,
        118.90815862019856,
        138.58481725056967,
        100.29468493991428,
        110.51120715671115,
        144.00792100694446,
        123.89670011732314,
        155.74218220180936
    ],
    "test_loss_history": [
        1094.108154296875,
        423.2752380371094,
        320.9800720214844,
        259.0518798828125,
        202.2908935546875,
        204.5601806640625,
        187.8528594970703,
        236.3338623046875,
        360.8831787109375,
        337.8084411621094,
        248.64808654785156,
        226.8809051513672,
        236.14959716796875,
        199.4949188232422,
        218.6171875,
        205.2279510498047,
        222.43919372558594,
        200.37831115722656,
        176.39588928222656,
        180.534423828125,
        173.3836669921875,
        217.4688262939453,
        194.4534454345703,
        221.71453857421875,
        203.3668975830078,
        206.1499481201172,
        197.76531982421875,
        193.99427795410156,
        243.48655700683594,
        220.90219116210938,
        213.14524841308594,
        187.71542358398438,
        180.11434936523438,
        211.82122802734375,
        179.0947723388672,
        211.5625762939453,
        211.31752014160156,
        158.1270751953125,
        172.6966094970703,
        191.2939910888672,
        199.63851928710938,
        203.052978515625,
        184.8251190185547,
        173.61790466308594,
        166.8651123046875,
        181.76651000976562,
        191.6482696533203,
        183.4538116455078,
        193.3791961669922,
        184.92538452148438,
        180.0375213623047,
        176.53598022460938,
        179.0272979736328,
        175.6443634033203,
        179.177978515625,
        190.97055053710938,
        192.1680145263672
    ]
}