{
    "num_conv_blocks": 4,
    "initial_channels": 32,
    "dropout_rate": 0.33,
    "learning_rate": 0.0001,
    "best_test_r2": 0.446556031703949,
    "best_test_loss": 186.5027313232422,
    "final_train_r2": 0.4017280340194702,
    "train_r2_history": [
        -3.0465569496154785,
        -2.500948905944824,
        -1.8114542961120605,
        -0.9148321151733398,
        -0.19253122806549072,
        0.20368987321853638,
        0.16004174947738647,
        0.17888522148132324,
        0.05777311325073242,
        -0.03761005401611328,
        0.29894208908081055,
        0.07100832462310791,
        0.2519403100013733,
        0.2434448003768921,
        0.04413020610809326,
        0.2306222915649414,
        0.2870687246322632,
        0.315005362033844,
        0.38551104068756104,
        0.19590473175048828,
        0.327200710773468,
        0.3062400221824646,
        0.39665257930755615,
        0.28765571117401123,
        0.25171732902526855,
        0.48396265506744385,
        0.4459869861602783,
        0.42833411693573,
        0.5345726013183594,
        0.4371272325515747,
        0.44353026151657104,
        0.42752254009246826,
        0.42646604776382446,
        0.3707153797149658,
        0.34027665853500366,
        0.4216199517250061,
        0.5707935690879822,
        0.5840060710906982,
        0.39360255002975464,
        0.5514031052589417,
        0.4874574542045593,
        0.5929611325263977,
        0.5343413352966309,
        0.38123154640197754,
        0.5540308952331543,
        0.4791688323020935,
        0.5356117486953735,
        0.6441508531570435,
        0.5291417837142944,
        0.5867055654525757,
        0.5358094573020935,
        0.49117350578308105,
        0.5208758115768433,
        0.5691038370132446,
        0.4017280340194702
    ],
    "test_r2_history": [
        -3.5415782928466797,
        -3.353701591491699,
        -2.9621307849884033,
        -2.4064459800720215,
        -1.7959091663360596,
        -1.190455675125122,
        -0.431720495223999,
        -0.19369983673095703,
        -0.19949793815612793,
        -0.1895829439163208,
        -0.06661701202392578,
        0.04851043224334717,
        0.17633920907974243,
        0.10379689931869507,
        0.028811514377593994,
        0.11183840036392212,
        0.21099549531936646,
        0.1983271837234497,
        0.2037748098373413,
        0.22518789768218994,
        0.23389571905136108,
        0.23715108633041382,
        0.28771746158599854,
        0.3350565433502197,
        0.2582905888557434,
        0.11612600088119507,
        0.3632960319519043,
        0.04207479953765869,
        0.33616769313812256,
        0.4154742956161499,
        0.3010925054550171,
        0.25331270694732666,
        0.3145490884780884,
        0.31395506858825684,
        0.4209175109863281,
        0.446556031703949,
        0.29535752534866333,
        0.2409135103225708,
        0.32007908821105957,
        0.378883957862854,
        0.3563617467880249,
        0.2841262221336365,
        0.3572428226470947,
        0.33467501401901245,
        0.2893478274345398,
        0.3164462447166443,
        0.28308069705963135,
        0.21062397956848145,
        0.21409785747528076,
        0.2902149558067322,
        0.2584601044654846,
        0.2834622859954834,
        0.2671470046043396,
        0.2612895965576172,
        0.2593669295310974
    ],
    "train_loss_history": [
        1401.155768500434,
        1211.7574327256943,
        970.6504652235243,
        662.637451171875,
        412.29691738552515,
        281.39790471394855,
        291.7125023735894,
        287.9706064860026,
        328.3433100382487,
        367.2905680338542,
        245.04102113511829,
        321.47389051649304,
        258.50679694281683,
        262.8291431003147,
        333.10223388671875,
        268.91440285576715,
        248.12865278455945,
        235.9827618069119,
        215.39391242133246,
        282.8790995279948,
        232.99402872721353,
        240.2626724243164,
        209.04597896999783,
        245.1661376953125,
        260.13709513346356,
        177.937984890408,
        189.84254455566406,
        202.25146908230252,
        162.99305301242404,
        195.63120863172742,
        192.27077399359808,
        202.0257225036621,
        197.7492879231771,
        217.517330593533,
        229.96737586127387,
        199.08106782701282,
        149.21120749579535,
        144.2660870022244,
        210.6297870212131,
        156.4037208557129,
        176.4988038804796,
        142.42122162712946,
        161.584349738227,
        217.7982465955946,
        152.87497033013238,
        179.41293674045139,
        160.54922739664713,
        125.91525141398112,
        163.88807593451605,
        142.6724010043674,
        161.19562233818903,
        176.08912404378256,
        172.4882140689426,
        150.0456280178494,
        207.64025412665472
    ],
    "test_loss_history": [
        1530.447265625,
        1467.1356201171875,
        1335.181884765625,
        1147.924072265625,
        942.181640625,
        738.1524658203125,
        482.469482421875,
        402.2598571777344,
        404.2138366699219,
        400.87261962890625,
        359.434814453125,
        320.63848876953125,
        277.56201171875,
        302.0077209472656,
        327.2767333984375,
        299.2978515625,
        265.88330078125,
        270.1523742675781,
        268.3166198730469,
        261.1006774902344,
        258.166259765625,
        257.0692443847656,
        240.0290985107422,
        224.0765380859375,
        249.94554138183594,
        297.85302734375,
        214.56019592285156,
        322.80718994140625,
        223.7020721435547,
        196.9768524169922,
        235.5218963623047,
        251.62301635742188,
        230.98719787597656,
        231.18739318847656,
        195.142578125,
        186.5027313232422,
        237.45448303222656,
        255.80136108398438,
        229.12374877929688,
        209.30731201171875,
        216.89697265625,
        241.23934936523438,
        216.60003662109375,
        224.2051239013672,
        239.47972106933594,
        230.34788513183594,
        241.59164428710938,
        266.00848388671875,
        264.837890625,
        239.18746948242188,
        249.88841247558594,
        241.4630584716797,
        246.96102905273438,
        248.9349365234375,
        249.5828094482422
    ]
}