{
    "num_conv_blocks": 4,
    "initial_channels": 64,
    "dropout_rate": 0.33,
    "learning_rate": 0.0001,
    "best_test_r2": 0.5622691512107849,
    "best_test_loss": 147.50909423828125,
    "final_train_r2": 0.4348902702331543,
    "train_r2_history": [
        -3.092156410217285,
        -2.3553614616394043,
        -1.4769890308380127,
        -0.4081151485443115,
        0.18949973583221436,
        0.28161531686782837,
        -0.1753472089767456,
        0.12293112277984619,
        0.21842831373214722,
        0.275274395942688,
        0.27682071924209595,
        0.3101928234100342,
        0.22743147611618042,
        0.3650502562522888,
        0.3535959720611572,
        0.29464924335479736,
        0.2531752586364746,
        0.31988197565078735,
        0.39875781536102295,
        0.3990267515182495,
        0.47581154108047485,
        0.4172288179397583,
        0.36568570137023926,
        0.37465471029281616,
        0.4823759198188782,
        0.39587825536727905,
        0.4248504638671875,
        0.5835603475570679,
        0.3835641145706177,
        0.36719071865081787,
        0.5903462171554565,
        0.4232558608055115,
        0.5134389400482178,
        0.4677310585975647,
        0.43950289487838745,
        0.5933303833007812,
        0.5135881900787354,
        0.5656812191009521,
        0.4348902702331543
    ],
    "test_r2_history": [
        -3.529055118560791,
        -3.2522215843200684,
        -2.6524171829223633,
        -1.3452050685882568,
        -0.1964055299758911,
        0.07403534650802612,
        -0.37345635890960693,
        -0.21221923828125,
        0.024171113967895508,
        0.35076332092285156,
        0.46922367811203003,
        0.3283414840698242,
        0.04923051595687866,
        0.2904384732246399,
        0.2745317220687866,
        0.29082590341567993,
        0.42847734689712524,
        0.4702192544937134,
        0.50202876329422,
        0.5622691512107849,
        0.5341075658798218,
        0.5454022884368896,
        0.41206347942352295,
        0.4727051854133606,
        0.5213314294815063,
        0.4303562641143799,
        0.453006386756897,
        0.4399452209472656,
        0.43466800451278687,
        0.405922532081604,
        0.406089186668396,
        0.43833184242248535,
        0.47022944688796997,
        0.4970166087150574,
        0.5096774101257324,
        0.5013908743858337,
        0.5178300142288208,
        0.49805766344070435,
        0.4851810932159424
    ],
    "train_loss_history": [
        1417.085198296441,
        1161.2606201171875,
        854.636708577474,
        482.8329111735026,
        278.4407687717014,
        250.23053063286676,
        407.6711730957031,
        302.3605668809679,
        274.80281999376086,
        253.88381703694662,
        250.28413475884332,
        237.33843739827475,
        267.7604293823242,
        217.7950931125217,
        222.41572994656033,
        246.9544423421224,
        261.62987263997394,
        236.05348375108508,
        209.51524607340494,
        207.93503061930338,
        182.19905598958334,
        200.48069424099393,
        218.25486924913196,
        217.31892988416882,
        179.53578864203558,
        208.59979671902127,
        202.02267201741537,
        143.34301376342773,
        214.5917977227105,
        216.4740710788303,
        142.90856636895074,
        200.4282752143012,
        171.90689129299588,
        183.39511447482639,
        193.8223959604899,
        141.6794721815321,
        166.48754713270398,
        151.06659825642905,
        198.1634809705946
    ],
    "test_loss_history": [
        1526.227294921875,
        1432.9381103515625,
        1230.812744140625,
        790.30078125,
        403.171630859375,
        312.0369873046875,
        462.8353271484375,
        408.5006408691406,
        328.84051513671875,
        218.78353881835938,
        178.8640899658203,
        226.33935546875,
        320.3958435058594,
        239.1121368408203,
        244.47250366210938,
        238.98158264160156,
        192.5950164794922,
        178.52859497070312,
        167.8092498779297,
        147.50909423828125,
        156.9991455078125,
        153.19296264648438,
        198.12625122070312,
        177.6908721923828,
        161.30447387695312,
        191.9618682861328,
        184.3291015625,
        188.7305145263672,
        190.50881958007812,
        200.1956787109375,
        200.13954162597656,
        189.27420043945312,
        178.52513122558594,
        169.4982452392578,
        165.2317657470703,
        168.02420043945312,
        162.4844512939453,
        169.1474151611328,
        173.4866943359375
    ]
}