{
    "num_conv_blocks": 3,
    "initial_channels": 32,
    "dropout_rate": 0.33,
    "learning_rate": 0.001,
    "best_test_r2": 0.4131298065185547,
    "best_test_loss": 33.08460998535156,
    "final_train_r2": 0.28919583559036255,
    "train_r2_history": [
        -0.16673922538757324,
        -0.023445963859558105,
        -0.023196935653686523,
        0.14788967370986938,
        0.13536745309829712,
        0.18781226873397827,
        0.2273743748664856,
        0.3386530876159668,
        0.18198752403259277,
        0.24392014741897583,
        0.23479312658309937,
        0.22384560108184814,
        0.3117216229438782,
        0.32316458225250244,
        0.3271031975746155,
        0.2271786332130432,
        0.2613261938095093,
        0.3032710552215576,
        0.2512037754058838,
        0.07963955402374268,
        0.1902148723602295,
        0.25093531608581543,
        0.296578586101532,
        0.22234457731246948,
        0.207957923412323,
        0.40318936109542847,
        0.3709098696708679,
        0.13544577360153198,
        0.35630321502685547,
        0.20065683126449585,
        0.28919583559036255
    ],
    "test_r2_history": [
        -0.24249374866485596,
        -0.24717974662780762,
        -0.08983922004699707,
        -0.15919804573059082,
        0.2430298924446106,
        0.1462031602859497,
        0.38252031803131104,
        0.29251348972320557,
        0.11570596694946289,
        -0.09856200218200684,
        0.18416959047317505,
        0.4131298065185547,
        0.31627607345581055,
        0.22806841135025024,
        0.2469576597213745,
        0.18983560800552368,
        0.14584767818450928,
        -0.6392544507980347,
        -3.1787099838256836,
        -0.005603790283203125,
        0.25440770387649536,
        0.40290242433547974,
        0.3074890375137329,
        0.33216333389282227,
        0.2922537326812744,
        0.2743605971336365,
        0.24724137783050537,
        0.2841874361038208,
        0.3552013039588928,
        0.2929624915122986,
        0.2907714247703552
    ],
    "train_loss_history": [
        35.50328148735894,
        31.08772479163276,
        31.417468706766766,
        25.722590499454075,
        26.334834098815918,
        24.839846716986763,
        23.904582235548233,
        20.140730539957683,
        25.226738929748535,
        23.133994738260906,
        23.679011238945854,
        23.576990445454914,
        20.81552330652873,
        20.801106452941895,
        21.066148440043133,
        23.55583879682753,
        22.42906591627333,
        21.427291870117188,
        23.3850392765469,
        28.077349450853134,
        24.598971366882324,
        22.767265955607098,
        21.363871786329483,
        24.285157415601944,
        24.30432192484538,
        18.036680433485245,
        19.042913913726807,
        26.55213122897678,
        19.385353088378906,
        24.3970308303833,
        21.816962454054092
    ],
    "test_loss_history": [
        70.04515838623047,
        70.309326171875,
        61.43932342529297,
        65.3493881225586,
        42.673927307128906,
        48.13249588012695,
        34.810211181640625,
        39.88431167602539,
        49.85177993774414,
        61.93106460571289,
        45.99216842651367,
        33.08460998535156,
        38.544700622558594,
        43.51737976074219,
        42.4525032043457,
        45.6727409362793,
        48.15254592895508,
        92.41239166259766,
        235.57333374023438,
        56.69057083129883,
        42.03251266479492,
        33.66116714477539,
        39.04007339477539,
        37.64906311035156,
        39.898956298828125,
        40.90766906738281,
        42.4365119934082,
        40.35368728637695,
        36.350311279296875,
        39.85900115966797,
        39.982521057128906
    ]
}