{
    "num_conv_blocks": 3,
    "initial_channels": 32,
    "dropout_rate": 0.33,
    "learning_rate": 0.0001,
    "best_test_r2": 0.564739465713501,
    "best_test_loss": 24.537662506103516,
    "final_train_r2": 0.6285744905471802,
    "train_r2_history": [
        -0.22142493724822998,
        -0.09065937995910645,
        -0.004291653633117676,
        0.12432342767715454,
        0.2684721350669861,
        0.17331796884536743,
        0.21302175521850586,
        0.25733351707458496,
        0.33438020944595337,
        0.4147031903266907,
        0.3106474280357361,
        0.30868828296661377,
        0.2587130665779114,
        0.3271697163581848,
        0.5806314945220947,
        0.38109642267227173,
        0.43275904655456543,
        0.52271568775177,
        0.4233459234237671,
        0.4373537302017212,
        0.6220951676368713,
        0.5777089595794678,
        0.5385525822639465,
        0.5147038102149963,
        0.4971354007720947,
        0.33668088912963867,
        0.5743273496627808,
        0.516010046005249,
        0.5052417516708374,
        0.6009125709533691,
        0.5411146283149719,
        0.5986946821212769,
        0.5993558764457703,
        0.5325036644935608,
        0.5811659097671509,
        0.4550185203552246,
        0.651417076587677,
        0.5789318084716797,
        0.4830968379974365,
        0.5703636407852173,
        0.5820372104644775,
        0.6657274961471558,
        0.5136598348617554,
        0.6341781616210938,
        0.6285744905471802
    ],
    "test_r2_history": [
        -0.38332974910736084,
        -0.2654757499694824,
        -0.14129221439361572,
        0.0052634477615356445,
        0.2507656216621399,
        0.37313205003738403,
        0.41668206453323364,
        0.5310018658638,
        0.5076628923416138,
        0.435217022895813,
        0.43538355827331543,
        0.46451491117477417,
        0.47687363624572754,
        0.5266473293304443,
        0.5039929151535034,
        0.540725827217102,
        0.5408120155334473,
        0.533411979675293,
        0.4976341128349304,
        0.349041223526001,
        0.2801027297973633,
        0.2648473381996155,
        0.4540141224861145,
        0.4981871247291565,
        0.5119966864585876,
        0.564739465713501,
        0.5577936172485352,
        0.5115786790847778,
        0.47316038608551025,
        0.39575445652008057,
        0.4541550278663635,
        0.5246865749359131,
        0.5302594900131226,
        0.5240987539291382,
        0.4944725036621094,
        0.5157425999641418,
        0.4842226505279541,
        0.514626681804657,
        0.47914963960647583,
        0.506369948387146,
        0.5222104787826538,
        0.49414634704589844,
        0.49631673097610474,
        0.48397284746170044,
        0.5224364995956421
    ],
    "train_loss_history": [
        37.07249895731608,
        33.18899663289388,
        30.52815119425456,
        26.70617961883545,
        22.298396746317547,
        25.189462767706978,
        24.040337138705784,
        22.70503542158339,
        20.248221768273247,
        17.648789644241333,
        21.07988240983751,
        20.818128413624233,
        22.623725573221844,
        20.684294435713028,
        12.815965599483913,
        18.99605703353882,
        17.185244878133137,
        14.571788708368937,
        17.795507536994087,
        17.146088706122505,
        11.456696404351128,
        13.145441320207384,
        14.179904699325562,
        15.0553027788798,
        15.268779648674858,
        20.219393465254043,
        13.010417381922403,
        14.752457406785753,
        15.035268995496962,
        12.203751193152534,
        13.994059085845947,
        12.250068929460314,
        12.338359382417467,
        14.364493714438545,
        13.07449722290039,
        16.825754827923245,
        10.612687243355644,
        12.793224996990627,
        15.778604719373915,
        13.133561611175537,
        12.623269822862413,
        10.167050043741861,
        14.84371731016371,
        11.461963070763481,
        11.374683751000298
    ],
    "test_loss_history": [
        77.98474884033203,
        71.34075927734375,
        64.33995819091797,
        56.07793426513672,
        42.237831115722656,
        35.33946990966797,
        32.88434600830078,
        26.43960952758789,
        27.75533676147461,
        31.839445114135742,
        31.83005714416504,
        30.187789916992188,
        29.491069793701172,
        26.685094833374023,
        27.962230682373047,
        25.89142417907715,
        25.886566162109375,
        26.303739547729492,
        28.32070541381836,
        36.69757080078125,
        40.58395767211914,
        41.4439811706543,
        30.779766082763672,
        28.289531707763672,
        27.51102066040039,
        24.537662506103516,
        24.92923355102539,
        27.53458595275879,
        29.700401306152344,
        34.06413650512695,
        30.77182388305664,
        26.795629501342773,
        26.481462478637695,
        26.828771591186523,
        28.498947143554688,
        27.29984474182129,
        29.076772689819336,
        27.362754821777344,
        29.362760543823242,
        27.82822608947754,
        26.935216903686523,
        28.517324447631836,
        28.39496421813965,
        29.090850830078125,
        26.922475814819336
    ]
}