{
    "num_conv_blocks": 3,
    "initial_channels": 64,
    "dropout_rate": 0.33,
    "learning_rate": 0.0001,
    "best_test_r2": 0.7180643081665039,
    "best_test_loss": 15.894026756286621,
    "final_train_r2": 0.7616416215896606,
    "train_r2_history": [
        -0.23285961151123047,
        -0.0936133861541748,
        0.08476412296295166,
        0.309334933757782,
        0.36292707920074463,
        0.2111460566520691,
        0.3853301405906677,
        0.5480555295944214,
        0.4159923791885376,
        0.36508387327194214,
        0.452301561832428,
        0.5777212977409363,
        0.32449084520339966,
        0.39784473180770874,
        0.528403103351593,
        0.5493485927581787,
        0.589698314666748,
        0.5308089256286621,
        0.5860600471496582,
        0.6079211235046387,
        0.7149492502212524,
        0.668744683265686,
        0.4354327321052551,
        0.7407992482185364,
        0.6150463819503784,
        0.6556293964385986,
        0.5646597146987915,
        0.5342718362808228,
        0.6455540657043457,
        0.6214549541473389,
        0.6542795896530151,
        0.5730316638946533,
        0.6446528434753418,
        0.730789303779602,
        0.6581107378005981,
        0.7931299209594727,
        0.7616416215896606
    ],
    "test_r2_history": [
        -0.367209792137146,
        -0.19880878925323486,
        0.010600745677947998,
        0.2093641757965088,
        0.523598313331604,
        0.6173830032348633,
        0.5060005187988281,
        0.608828604221344,
        0.5632146596908569,
        0.4439939260482788,
        0.6405512094497681,
        0.32067030668258667,
        0.5794394016265869,
        0.6437010765075684,
        0.6332802176475525,
        0.531511664390564,
        0.49461066722869873,
        0.7180643081665039,
        0.3744497299194336,
        0.6402034759521484,
        0.6996270418167114,
        0.5687031745910645,
        0.338081955909729,
        0.47259819507598877,
        0.6191955804824829,
        0.5477323532104492,
        0.31155693531036377,
        0.3419310450553894,
        0.3183068633079529,
        0.594657301902771,
        0.6362111568450928,
        0.5998024940490723,
        0.5817514657974243,
        0.581299364566803,
        0.6229103803634644,
        0.5893912315368652,
        0.5750333070755005
    ],
    "train_loss_history": [
        37.42704857720269,
        33.45397588941786,
        27.86501259273953,
        21.088705910576714,
        19.538951449924046,
        24.381212764316135,
        19.094733026292587,
        13.673694398668077,
        17.935383982128567,
        19.475165685017902,
        16.76703675587972,
        13.143458313412136,
        20.637468549940323,
        18.36420249938965,
        14.567557546827528,
        14.000701003604465,
        12.646943728129068,
        14.658530897564358,
        12.735189543830025,
        11.82589230272505,
        8.858393132686615,
        10.276135762532553,
        17.518718401590984,
        8.003457672066158,
        11.654584063424004,
        10.48935439851549,
        13.217575550079346,
        14.39878613419003,
        10.89703337351481,
        11.674630218082005,
        10.573929733700222,
        13.049913061989677,
        10.730895386801826,
        8.408176302909851,
        10.407070424821642,
        6.522415174378289,
        7.460311167769962
    ],
    "test_loss_history": [
        77.07598876953125,
        67.5824203491211,
        55.77704620361328,
        44.57182312011719,
        26.856985092163086,
        21.56990623474121,
        27.849050521850586,
        22.052154541015625,
        24.623626708984375,
        31.344650268554688,
        20.263803482055664,
        38.29698181152344,
        23.70895767211914,
        20.086227416992188,
        20.6737003326416,
        26.41086769104004,
        28.49114990234375,
        15.894026756286621,
        35.26518249511719,
        20.283405303955078,
        16.933420181274414,
        24.314208984375,
        37.315406799316406,
        29.732091903686523,
        21.46771812438965,
        25.49643325805664,
        38.81074142456055,
        37.098411560058594,
        38.430213928222656,
        22.851057052612305,
        20.50847053527832,
        22.560997009277344,
        23.5786190032959,
        23.60410499572754,
        21.258298873901367,
        23.14792823791504,
        23.957351684570312
    ]
}