{
    "num_conv_blocks": 2,
    "initial_channels": 16,
    "dropout_rate": 0.33,
    "learning_rate": 0.0001,
    "best_test_r2": 0.1299951672554016,
    "best_test_loss": 293.1792907714844,
    "final_train_r2": 0.22383826971054077,
    "train_r2_history": [
        -3.0199661254882812,
        -2.2760672569274902,
        -1.4150967597961426,
        -0.7520601749420166,
        -0.061560869216918945,
        0.09824806451797485,
        0.20296430587768555,
        0.001682579517364502,
        -0.13396716117858887,
        0.1024903655052185,
        0.030424952507019043,
        0.11932486295700073,
        0.04459500312805176,
        0.20796924829483032,
        0.1973506212234497,
        -0.04757702350616455,
        0.1871572732925415,
        0.21630805730819702,
        0.16120535135269165,
        0.15243804454803467,
        0.06329101324081421,
        0.19619351625442505,
        0.12336897850036621,
        0.2114030122756958,
        0.21032947301864624,
        0.3512105941772461,
        0.03737223148345947,
        0.160067617893219,
        0.12945836782455444,
        0.22383826971054077
    ],
    "test_r2_history": [
        -3.5511794090270996,
        -3.376791477203369,
        -3.0318126678466797,
        -2.4615256786346436,
        -1.6841809749603271,
        -0.8990966081619263,
        -0.5873630046844482,
        -0.5267304182052612,
        -0.3454798460006714,
        -0.056949615478515625,
        0.1299951672554016,
        -0.0843660831451416,
        0.021738827228546143,
        0.021148741245269775,
        0.01862233877182007,
        -0.05936229228973389,
        -0.0017626285552978516,
        0.02990931272506714,
        0.009794890880584717,
        0.029840469360351562,
        0.053179383277893066,
        0.021642446517944336,
        -0.01991415023803711,
        -0.02204132080078125,
        0.002689659595489502,
        0.016026079654693604,
        0.017588496208190918,
        0.07133495807647705,
        0.09244155883789062,
        0.0894632339477539
    ],
    "train_loss_history": [
        1391.302517361111,
        1132.6632012261284,
        835.6293199327257,
        607.1827629937065,
        367.6750267876519,
        316.3075459798177,
        273.44994099934894,
        348.3253428141276,
        393.1626841227214,
        309.9939456515842,
        335.4171430799696,
        304.0580696529812,
        330.15616692437067,
        276.81265936957465,
        282.27237701416016,
        363.9601830376519,
        287.3457963731554,
        274.35445955064563,
        291.7303229437934,
        296.7650612725152,
        325.5815370347765,
        278.5821075439453,
        310.4360809326172,
        276.1961169772678,
        276.9840554131402,
        226.22239769829645,
        334.9236297607422,
        289.2172376844618,
        303.35718621148004,
        269.9523052639431
    ],
    "test_loss_history": [
        1533.6829833984375,
        1474.9166259765625,
        1358.66357421875,
        1166.4849853515625,
        904.5309448242188,
        639.9685668945312,
        534.9187622070312,
        514.4865112304688,
        453.4076843261719,
        356.1770324707031,
        293.1792907714844,
        365.41595458984375,
        329.6601257324219,
        329.8589782714844,
        330.7103271484375,
        356.99005126953125,
        337.57977294921875,
        326.90679931640625,
        333.68505859375,
        326.9300231933594,
        319.0650939941406,
        329.692626953125,
        343.6966247558594,
        344.4134216308594,
        336.07940673828125,
        331.5852355957031,
        331.0587463378906,
        312.9469299316406,
        305.8343200683594,
        306.83795166015625
    ]
}