{
    "num_conv_blocks": 3,
    "initial_channels": 64,
    "dropout_rate": 0.33,
    "learning_rate": 0.0001,
    "best_test_r2": 0.48658740520477295,
    "best_test_loss": 173.0127716064453,
    "final_train_r2": 0.4719526171684265,
    "train_r2_history": [
        -2.7538211345672607,
        -1.269819974899292,
        -0.16210591793060303,
        0.12691223621368408,
        0.07562434673309326,
        0.037332236766815186,
        0.017500340938568115,
        0.06981748342514038,
        0.32850974798202515,
        0.30102574825286865,
        0.27006471157073975,
        0.3103499412536621,
        0.16154634952545166,
        0.19983285665512085,
        0.3229252099990845,
        0.33352386951446533,
        0.3610209822654724,
        0.09684133529663086,
        0.29497987031936646,
        0.2838097810745239,
        0.348777174949646,
        0.30792468786239624,
        0.47038012742996216,
        0.3069077134132385,
        0.35636085271835327,
        0.3271733522415161,
        0.3483772873878479,
        0.3492726683616638,
        0.3894815444946289,
        0.5006982684135437,
        0.31372809410095215,
        0.4719526171684265
    ],
    "test_r2_history": [
        -3.453343391418457,
        -3.0416860580444336,
        -2.388122320175171,
        -1.2978675365447998,
        -0.9650753736495972,
        -0.6768243312835693,
        -0.14786982536315918,
        -0.06229102611541748,
        0.3385111093521118,
        0.0646933913230896,
        0.17364877462387085,
        0.4124441146850586,
        0.48658740520477295,
        0.21609371900558472,
        0.2316831350326538,
        0.07323700189590454,
        0.26133525371551514,
        0.3070647120475769,
        0.27269184589385986,
        0.35925430059432983,
        0.46259933710098267,
        0.4348715543746948,
        0.35491394996643066,
        0.30259203910827637,
        0.33733922243118286,
        0.3204711675643921,
        0.34039950370788574,
        0.3391987085342407,
        0.2940073609352112,
        0.3223952651023865,
        0.34416383504867554,
        0.33938950300216675
    ],
    "train_loss_history": [
        1295.9566718207466,
        781.528079562717,
        401.43074883355035,
        307.11907789442273,
        324.62789577907984,
        334.79793124728735,
        337.3356238471137,
        323.3919796413845,
        235.45000627305774,
        242.41166517469617,
        255.3061048719618,
        237.59641435411243,
        293.95838758680554,
        282.04681566026477,
        235.90744951036243,
        231.32760196261935,
        219.51136906941733,
        310.26875474717883,
        245.80753411187067,
        246.06788720024957,
        228.36892615424262,
        238.91830020480685,
        185.74412197536893,
        242.13621054755316,
        227.66825103759766,
        232.15946790907117,
        230.13108995225696,
        227.45511796739368,
        212.5802722507053,
        175.700931125217,
        239.19424438476562,
        183.84075291951498
    ],
    "test_loss_history": [
        1500.7135009765625,
        1361.990966796875,
        1141.7491455078125,
        774.3485717773438,
        662.2025756835938,
        565.0659790039062,
        386.8158874511719,
        357.9770202636719,
        222.912353515625,
        315.18505859375,
        278.4686279296875,
        197.9980010986328,
        173.0127716064453,
        264.1653137207031,
        258.911865234375,
        312.30596923828125,
        248.91952514648438,
        233.50936889648438,
        245.09251403808594,
        215.92221069335938,
        181.0963897705078,
        190.44027709960938,
        217.38485717773438,
        235.0166015625,
        223.30722045898438,
        228.9915771484375,
        222.27597045898438,
        222.68063354492188,
        237.9095001220703,
        228.3431854248047,
        221.0074920654297,
        222.61634826660156
    ]
}