{
    "num_conv_blocks": 2,
    "initial_channels": 16,
    "dropout_rate": 0.33,
    "learning_rate": 0.001,
    "best_test_r2": 0.5561097860336304,
    "best_test_loss": 149.584716796875,
    "final_train_r2": 0.5647084712982178,
    "train_r2_history": [
        -1.0838444232940674,
        -0.43861281871795654,
        0.08649975061416626,
        -0.3837413787841797,
        -0.15701723098754883,
        0.008176922798156738,
        -0.07347404956817627,
        -0.026596426963806152,
        0.05977147817611694,
        0.07636547088623047,
        0.16966980695724487,
        0.017287492752075195,
        -0.06619417667388916,
        0.2737228274345398,
        0.18237638473510742,
        0.2859124541282654,
        0.265566885471344,
        0.25809329748153687,
        0.4465818405151367,
        0.3148764371871948,
        0.31605440378189087,
        0.29423224925994873,
        0.21816951036453247,
        0.22858786582946777,
        0.21601563692092896,
        0.2561352252960205,
        0.192071795463562,
        0.2981950044631958,
        0.26960819959640503,
        0.3590572476387024,
        0.3297944664955139,
        0.3821059465408325,
        0.504206657409668,
        0.4689180254936218,
        0.37108343839645386,
        0.4002187252044678,
        0.5703003406524658,
        0.503449559211731,
        0.5555309057235718,
        0.5160746574401855,
        0.5638018846511841,
        0.48298007249832153,
        0.3949460983276367,
        0.4929542541503906,
        0.40475207567214966,
        0.4466020464897156,
        0.4400097727775574,
        0.4843185544013977,
        0.5321362018585205,
        0.5649033784866333,
        0.597915530204773,
        0.5647084712982178
    ],
    "test_r2_history": [
        -2.1603901386260986,
        -1.837738275527954,
        -0.48472630977630615,
        -0.40455055236816406,
        -0.2619436979293823,
        -0.44744837284088135,
        0.12476283311843872,
        0.006225287914276123,
        0.11707901954650879,
        0.05836796760559082,
        -0.04066455364227295,
        -0.02773439884185791,
        -0.005690217018127441,
        0.330255389213562,
        0.2831609845161438,
        0.3018801808357239,
        0.25597822666168213,
        0.3579493761062622,
        0.41700613498687744,
        0.32996904850006104,
        0.35135507583618164,
        0.4052034020423889,
        0.36632615327835083,
        0.47575652599334717,
        0.35321611166000366,
        0.3544752597808838,
        0.3331289291381836,
        0.2607112526893616,
        0.33778417110443115,
        0.31044304370880127,
        0.3484939932823181,
        0.4817039370536804,
        0.5561097860336304,
        0.45300161838531494,
        0.4023430347442627,
        0.36023062467575073,
        0.43739157915115356,
        0.4158170819282532,
        0.401816189289093,
        0.42609459161758423,
        0.4319004416465759,
        0.42355257272720337,
        0.4526853561401367,
        0.46998608112335205,
        0.5359448790550232,
        0.5124091506004333,
        0.46752017736434937,
        0.43431687355041504,
        0.40430063009262085,
        0.4254218339920044,
        0.45049285888671875,
        0.4519045948982239
    ],
    "train_loss_history": [
        723.0049201117622,
        498.5401967366536,
        320.32722812228735,
        476.8795454237196,
        404.37472195095484,
        347.357423570421,
        369.38977898491754,
        357.9739252726237,
        321.3993954128689,
        320.10340627034503,
        287.0061747233073,
        349.22266642252606,
        368.0249260796441,
        259.626948038737,
        286.8442671034071,
        247.26677958170572,
        253.30988142225476,
        256.6643235948351,
        189.88977728949652,
        239.6062757703993,
        236.78346506754556,
        242.52228800455728,
        270.5293613009983,
        269.1972893608941,
        270.4547856648763,
        257.2600792778863,
        283.589611477322,
        246.62799411349826,
        250.7887488471137,
        221.66610039605035,
        232.82903162638345,
        213.07350497775607,
        174.31104151407877,
        182.05637444390192,
        215.21499888102213,
        210.3635745578342,
        150.97461785210504,
        172.12656699286566,
        153.39576297336154,
        171.47091971503363,
        153.33042780558267,
        179.0488641526964,
        208.01578860812717,
        175.50130462646484,
        205.83192274305554,
        193.97738393147787,
        194.39786275227866,
        177.4627973768446,
        159.76493750678168,
        151.9084474775526,
        139.02054426405164,
        153.68495262993707
    ],
    "test_loss_history": [
        1065.0067138671875,
        956.2774658203125,
        500.3316955566406,
        473.3135681152344,
        425.2571105957031,
        487.7695007324219,
        294.9425048828125,
        334.8879699707031,
        297.5318298339844,
        317.3166198730469,
        350.6891784667969,
        346.3319396972656,
        338.9032897949219,
        225.69442749023438,
        241.56459045410156,
        235.2564697265625,
        250.7247772216797,
        216.36195373535156,
        196.46063232421875,
        225.7908935546875,
        218.58412170410156,
        200.43798828125,
        213.5390625,
        176.66262817382812,
        217.95703125,
        217.53268432617188,
        224.72610473632812,
        249.12982177734375,
        223.1573486328125,
        232.37088012695312,
        219.54830932617188,
        174.6584014892578,
        149.584716796875,
        184.3306884765625,
        201.4019012451172,
        215.5931854248047,
        189.59104919433594,
        196.8613739013672,
        201.5794677734375,
        193.39794921875,
        191.4414520263672,
        194.2545928955078,
        184.43728637695312,
        178.607177734375,
        156.3799591064453,
        164.3112030029297,
        179.4381561279297,
        190.62718200683594,
        200.7422332763672,
        193.62469482421875,
        185.1761016845703,
        184.7003631591797
    ]
}