{
    "num_conv_blocks": 2,
    "initial_channels": 64,
    "dropout_rate": 0.33,
    "learning_rate": 0.001,
    "best_test_r2": 0.3760630488395691,
    "best_test_loss": 6.526827812194824,
    "final_train_r2": -1.723052740097046,
    "train_r2_history": [
        -12.38243293762207,
        -6.9946980476379395,
        -3.545213222503662,
        -4.637131690979004,
        -3.2317142486572266,
        -3.3210043907165527,
        -2.957263708114624,
        -3.3661537170410156,
        -2.6841535568237305,
        -2.398777961730957,
        -2.392564535140991,
        -2.4338150024414062,
        -2.721738815307617,
        -2.173058271408081,
        -2.611306667327881,
        -2.5533931255340576,
        -2.4655137062072754,
        -3.45485782623291,
        -1.890428066253662,
        -2.363112211227417,
        -1.9587366580963135,
        -1.5277211666107178,
        -1.3615033626556396,
        -1.6235456466674805,
        -1.4109580516815186,
        -2.412870168685913,
        -1.790207862854004,
        -1.5690369606018066,
        -1.9931039810180664,
        -1.723052740097046
    ],
    "test_r2_history": [
        -22.287355422973633,
        -5.732802391052246,
        -1.1182875633239746,
        -1.4377498626708984,
        -2.668391466140747,
        -2.005709171295166,
        -2.383230447769165,
        -0.4687159061431885,
        -2.104299783706665,
        -3.640458583831787,
        0.3760630488395691,
        -2.0898094177246094,
        0.2761659026145935,
        -1.0078799724578857,
        -0.5561971664428711,
        -1.2774975299835205,
        -1.8479058742523193,
        -0.7952269315719604,
        0.17394804954528809,
        -1.5693867206573486,
        -0.9607058763504028,
        -0.9736673831939697,
        -0.036295175552368164,
        -0.3789325952529907,
        -0.3646509647369385,
        -0.011330842971801758,
        0.02243441343307495,
        -0.13916230201721191,
        -0.27451372146606445,
        -0.5962332487106323
    ],
    "train_loss_history": [
        133.12539842393664,
        78.51917627122667,
        45.5165368186103,
        55.98679161071777,
        42.39866595798068,
        43.105163998074005,
        39.28188938564725,
        43.07106643252902,
        36.47656620873345,
        34.12227418687608,
        33.7720832824707,
        34.07433785332574,
        36.65657615661621,
        32.04350757598877,
        36.01077673170302,
        36.80919859144423,
        34.33073404100206,
        44.35942925347222,
        28.817037052578396,
        33.31704415215386,
        29.898747444152832,
        25.328816201951767,
        23.85735183291965,
        26.424377971225315,
        23.83834097120497,
        33.582610766092934,
        27.904498630099827,
        25.888172785441082,
        30.39024480183919,
        27.455764134724934
    ],
    "test_loss_history": [
        243.6024169921875,
        70.429931640625,
        22.158803939819336,
        25.5006103515625,
        38.374000549316406,
        31.44186782836914,
        35.39101028442383,
        15.36381721496582,
        32.473201751708984,
        48.54252243041992,
        6.526827812194824,
        32.32162094116211,
        7.571822166442871,
        21.003862380981445,
        16.2789363861084,
        23.824254989624023,
        29.791133880615234,
        18.779361724853516,
        8.641095161437988,
        26.87762451171875,
        20.510387420654297,
        20.645971298217773,
        10.840389251708984,
        14.42462158203125,
        14.275224685668945,
        10.579243659973145,
        10.226035118103027,
        11.916454315185547,
        13.332326889038086,
        16.697742462158203
    ]
}