{
    "num_conv_blocks": 3,
    "initial_channels": 16,
    "dropout_rate": 0.33,
    "learning_rate": 0.001,
    "best_test_r2": 0.4828413128852844,
    "best_test_loss": 29.154644012451172,
    "final_train_r2": 0.3758366107940674,
    "train_r2_history": [
        -0.15071582794189453,
        -0.03952515125274658,
        -0.17538011074066162,
        0.005639016628265381,
        0.04232579469680786,
        0.245402991771698,
        -0.014992833137512207,
        0.09050619602203369,
        0.07243865728378296,
        0.19269782304763794,
        0.16738206148147583,
        0.23490095138549805,
        0.2199021577835083,
        0.23159372806549072,
        0.2767869234085083,
        0.3034093379974365,
        0.13430404663085938,
        0.2395074963569641,
        0.18781942129135132,
        0.20167869329452515,
        0.23844683170318604,
        0.15435367822647095,
        0.30185574293136597,
        0.17853093147277832,
        0.12847399711608887,
        0.18317198753356934,
        0.2378596067428589,
        0.2089785933494568,
        0.42654305696487427,
        0.3163583278656006,
        0.24926936626434326,
        0.35523056983947754,
        0.3758366107940674
    ],
    "test_r2_history": [
        -0.31956446170806885,
        -0.22418761253356934,
        -0.25362861156463623,
        -0.1291900873184204,
        -0.11082112789154053,
        -0.04817330837249756,
        0.041637122631073,
        0.16788709163665771,
        0.2689913511276245,
        -0.39509570598602295,
        -0.08722198009490967,
        0.12222909927368164,
        0.25414156913757324,
        0.4828413128852844,
        0.3345105051994324,
        0.4197322130203247,
        0.3055405616760254,
        0.3451186418533325,
        0.2621074914932251,
        0.25972193479537964,
        0.23332685232162476,
        0.2035016417503357,
        0.33732497692108154,
        0.3904368281364441,
        0.3255898356437683,
        0.26053452491760254,
        0.2890392541885376,
        0.3353281617164612,
        0.3489202857017517,
        0.36288654804229736,
        0.25774598121643066,
        0.4098408818244934,
        0.4380232095718384
    ],
    "train_loss_history": [
        34.88733228047689,
        32.06022516886393,
        35.74940798017714,
        30.12647310892741,
        29.384612719217937,
        22.940774864620632,
        31.54621844821506,
        28.004943635728623,
        28.116487079196506,
        24.97274833255344,
        25.38803111182319,
        23.312525113423664,
        23.708547804090713,
        23.78006649017334,
        21.98518615298801,
        21.518872525956894,
        26.274094104766846,
        22.91441461775038,
        24.52517975701226,
        24.43990855746799,
        23.17251925998264,
        25.605510393778484,
        21.08988995022244,
        25.12086804707845,
        26.62070910135905,
        24.891746097140842,
        23.193703439500595,
        24.166982544793022,
        17.537216981252033,
        20.915366066826714,
        22.988969167073567,
        19.431080447302925,
        18.90070131089952
    ],
    "test_loss_history": [
        74.38999938964844,
        69.0131607055664,
        70.67288970947266,
        63.657711029052734,
        62.62216567993164,
        59.09040451049805,
        54.02738571166992,
        46.91007995605469,
        41.21036148071289,
        78.64804077148438,
        61.2917594909668,
        49.484031677246094,
        42.047515869140625,
        29.154644012451172,
        37.51674270629883,
        32.71240234375,
        39.14990997314453,
        36.91870880126953,
        41.59843444824219,
        41.7329216003418,
        43.2209358215332,
        44.902320861816406,
        37.35807418823242,
        34.363914489746094,
        38.0196418762207,
        41.68711471557617,
        40.080169677734375,
        37.47065353393555,
        36.70439529418945,
        35.91706085205078,
        41.84431838989258,
        33.27001953125,
        31.68124771118164
    ]
}