{
    "num_conv_blocks": 4,
    "initial_channels": 16,
    "dropout_rate": 0.33,
    "learning_rate": 0.0001,
    "best_test_r2": 0.6525814533233643,
    "best_test_loss": 3.634246826171875,
    "final_train_r2": -0.6687651872634888,
    "train_r2_history": [
        -34.204566955566406,
        -30.659523010253906,
        -25.269573211669922,
        -18.273588180541992,
        -10.70809555053711,
        -3.5532169342041016,
        -1.5653791427612305,
        -2.8150203227996826,
        -1.6444385051727295,
        -1.2322485446929932,
        -0.9406611919403076,
        -0.6909717321395874,
        -0.9600319862365723,
        -0.8728545904159546,
        -1.0581040382385254,
        -1.0159363746643066,
        -0.9917862415313721,
        -0.663709282875061,
        -1.0432119369506836,
        -1.1540734767913818,
        -0.8989027738571167,
        -1.2669801712036133,
        -0.7905311584472656,
        -0.6058679819107056,
        -1.0992474555969238,
        -1.2724850177764893,
        -0.6488845348358154,
        -0.8790329694747925,
        -0.5383205413818359,
        -0.21909034252166748,
        -0.8495899438858032,
        -0.9189209938049316,
        -1.1101632118225098,
        -0.83863365650177,
        -0.875043511390686,
        -0.9420239925384521,
        -0.7049726247787476,
        -0.47518110275268555,
        -0.5720319747924805,
        -0.8046095371246338,
        -0.515442967414856,
        -0.584953784942627,
        -0.879549503326416,
        -0.3264960050582886,
        -0.5318042039871216,
        -0.3566080331802368,
        -0.5548819303512573,
        -0.7771862745285034,
        -0.3938957452774048,
        -0.14347398281097412,
        -1.1210627555847168,
        -0.1357574462890625,
        -0.7322016954421997,
        -0.40209078788757324,
        -0.8296666145324707,
        -1.003974199295044,
        -0.35344719886779785,
        -0.41533362865448,
        -0.5028078556060791,
        -0.61089026927948,
        -0.95647132396698,
        -0.1961444616317749,
        -0.42205238342285156,
        -0.6687709093093872,
        -0.47955143451690674,
        -0.6809961795806885,
        -0.6955395936965942,
        -0.5326297283172607,
        -0.6922987699508667,
        -0.612189769744873,
        -0.4155721664428711,
        -0.6056476831436157,
        -0.3355637788772583,
        -0.9157021045684814,
        -0.5394574403762817,
        -0.4356987476348877,
        -0.6298243999481201,
        -0.9769235849380493,
        -0.46520566940307617,
        -0.43386220932006836,
        -0.7854619026184082,
        -0.6093578338623047,
        -1.080125331878662,
        -0.7505389451980591,
        -0.4440683126449585,
        -0.7006289958953857,
        -0.5773988962173462,
        -0.5987070798873901,
        -0.5961102247238159,
        -0.42611193656921387,
        -0.3454841375350952,
        -0.4769679307937622,
        -0.2459397315979004,
        -0.8769694566726685,
        -0.6687651872634888
    ],
    "test_r2_history": [
        -33.85034942626953,
        -32.74921798706055,
        -30.102386474609375,
        -25.1525821685791,
        -17.367753982543945,
        -8.147334098815918,
        -2.9719488620758057,
        -1.938335657119751,
        -3.3559131622314453,
        -3.8328208923339844,
        -2.0662436485290527,
        -1.0038073062896729,
        -0.7552361488342285,
        -0.5306977033615112,
        -0.24779975414276123,
        -0.28427863121032715,
        -0.23496270179748535,
        -0.044864773750305176,
        0.08746832609176636,
        0.20875680446624756,
        0.3555893898010254,
        0.30408257246017456,
        0.3778701424598694,
        0.13126403093338013,
        0.42454200983047485,
        0.16164696216583252,
        0.21625912189483643,
        0.3708622455596924,
        0.43013501167297363,
        0.4464911222457886,
        0.3509635925292969,
        0.27906060218811035,
        0.10711485147476196,
        0.2925814986228943,
        0.33088481426239014,
        -0.16821587085723877,
        0.19170457124710083,
        0.28905630111694336,
        0.36999446153640747,
        0.34540611505508423,
        0.30965656042099,
        0.4607575535774231,
        0.4697241187095642,
        0.4669874310493469,
        0.46665072441101074,
        0.4704486131668091,
        0.5490682125091553,
        0.5441487431526184,
        0.514435887336731,
        0.554081916809082,
        0.46809184551239014,
        0.5143237113952637,
        0.5440831184387207,
        0.5187464952468872,
        0.4886735677719116,
        0.46422457695007324,
        0.4485768675804138,
        0.4200696349143982,
        0.5192947387695312,
        0.56606125831604,
        0.46811097860336304,
        0.5082558393478394,
        0.5781445503234863,
        0.6087925434112549,
        0.6046051979064941,
        0.6096497774124146,
        0.6418874859809875,
        0.5654918551445007,
        0.5938679575920105,
        0.5567189455032349,
        0.5733729600906372,
        0.5495842695236206,
        0.5408727526664734,
        0.5810814499855042,
        0.632215142250061,
        0.6525814533233643,
        0.6100457906723022,
        0.6205815076828003,
        0.6507512331008911,
        0.5872931480407715,
        0.5713209509849548,
        0.5869114398956299,
        0.5625239610671997,
        0.5614181756973267,
        0.5132253170013428,
        0.5527804493904114,
        0.5848819017410278,
        0.5974138975143433,
        0.5759589076042175,
        0.5592717528343201,
        0.5703994035720825,
        0.6203939914703369,
        0.604489803314209,
        0.6036723852157593,
        0.5668947100639343
    ],