{
    "num_conv_blocks": 4,
    "initial_channels": 64,
    "dropout_rate": 0.33,
    "learning_rate": 0.001,
    "best_test_r2": 0.5404243469238281,
    "best_test_loss": 4.80748987197876,
    "final_train_r2": -0.08739721775054932,
    "train_r2_history": [
        -13.623066902160645,
        -3.782102584838867,
        -3.9709134101867676,
        -2.7062301635742188,
        -2.603940725326538,
        -2.0384528636932373,
        -1.7513766288757324,
        -2.2328176498413086,
        -1.937530517578125,
        -1.0529224872589111,
        -1.473278522491455,
        -1.6943252086639404,
        -1.4271786212921143,
        -1.337843656539917,
        -2.1483328342437744,
        -1.4119186401367188,
        -1.0197474956512451,
        -0.682486891746521,
        -1.6357440948486328,
        -0.9771419763565063,
        -1.0191304683685303,
        -1.2677586078643799,
        -0.7510092258453369,
        -1.1423282623291016,
        -1.0813486576080322,
        -0.8739151954650879,
        -0.848275899887085,
        -1.4094107151031494,
        -0.4876652956008911,
        -0.7201281785964966,
        -1.0323052406311035,
        -0.4564286470413208,
        -0.6473386287689209,
        -0.7050780057907104,
        -0.9638357162475586,
        -1.0478520393371582,
        -0.6985146999359131,
        -1.401822566986084,
        -0.29875504970550537,
        -1.0067124366760254,
        -0.8798090219497681,
        -0.21265697479248047,
        -0.5195645093917847,
        -0.4543200731277466,
        -0.794641375541687,
        -0.7337768077850342,
        -0.41692686080932617,
        -0.30844879150390625,
        -0.5190681219100952,
        -0.6829876899719238,
        -0.08739721775054932
    ],
    "test_r2_history": [
        -19.192790985107422,
        -0.5410473346710205,
        -2.8964061737060547,
        -0.344468355178833,
        -0.6759440898895264,
        -0.13868582248687744,
        -1.3093435764312744,
        -0.4383903741836548,
        -0.009411096572875977,
        0.12387579679489136,
        -0.5445516109466553,
        -0.07146573066711426,
        0.34958499670028687,
        0.05341649055480957,
        0.13797330856323242,
        0.27079254388809204,
        0.14895737171173096,
        -0.3206751346588135,
        0.11395490169525146,
        0.22382444143295288,
        0.32792502641677856,
        0.18375980854034424,
        0.13021647930145264,
        -0.49835824966430664,
        0.5218609571456909,
        -0.14348649978637695,
        0.1531977653503418,
        0.2253771424293518,
        0.3063141703605652,
        0.27763909101486206,
        0.3929530382156372,
        0.5404243469238281,
        0.4304361939430237,
        0.340862512588501,
        0.19907689094543457,
        0.17663967609405518,
        0.43992286920547485,
        0.3865818381309509,
        0.2015271782875061,
        0.2616824507713318,
        0.2607058882713318,
        0.2708064913749695,
        0.2953558564186096,
        0.381944477558136,
        0.36251938343048096,
        0.38578641414642334,
        0.40920960903167725,
        0.4070739150047302,
        0.36338984966278076,
        0.34797799587249756,
        0.3398160934448242
    ],
    "train_loss_history": [
        144.68802091810437,
        47.78835762871636,
        50.29563183254666,
        36.867323557535805,
        35.85115008884006,
        29.952091534932453,
        27.747562090555828,
        32.716032875908745,
        29.45976707670424,
        20.558940145704483,
        24.86665376027425,
        27.008738411797417,
        24.159262869093155,
        23.27693419986301,
        31.597928047180176,
        24.056640095180935,
        20.235972616407608,
        16.836076948377823,
        26.4933287302653,
        19.958065668741863,
        20.21505747901069,
        22.59090741475423,
        17.75975709491306,
        21.376185523139107,
        21.252104971143936,
        18.665678554111057,
        18.362663586934406,
        24.362356503804524,
        14.694677299923367,
        17.22272406684028,
        21.054971165127224,
        14.683273368411594,
        16.38695478439331,
        17.182261255052353,
        20.035373740726047,
        20.684153662787544,
        17.0451447168986,
        23.941758261786568,
        13.217236730787489,
        20.84692096710205,
        18.746845139397514,
        12.217573218875462,
        15.619460317823622,
        14.396870189242893,
        18.110621982150608,
        17.155743916829426,
        14.29061656528049,
        13.152944617801243,
        15.32745991812812,
        16.74750831392076,
        11.16007027361128
    ],
    "test_loss_history": [
        211.2310791015625,
        16.12046241760254,
        40.75919723510742,
        14.064101219177246,
        17.531574249267578,
        11.911468505859375,
        24.15738868713379,
        15.046589851379395,
        10.559163093566895,
        9.164886474609375,
        16.157114028930664,
        11.208297729492188,
        6.803806781768799,
        9.90194034576416,
        9.017416954040527,
        7.628031253814697,
        8.90251636505127,
        13.815208435058594,
        9.26866626739502,
        8.119351387023926,
        7.030385494232178,
        8.538456916809082,
        9.09855842590332,
        15.67389965057373,
        5.001676559448242,
        11.961684226989746,
        8.858156204223633,
        8.103110313415527,
        7.256450653076172,
        7.5564117431640625,
        6.350144863128662,
        4.80748987197876,
        5.958045482635498,
        6.895050048828125,
        8.378228187561035,
        8.612937927246094,
        5.858808517456055,
        6.416793346405029,
        8.3525972366333,
        7.723330020904541,
        7.733545780181885,
        7.6278862953186035,
        7.371081352233887,
        6.46530294418335,
        6.668503761291504,
        6.425114154815674,
        6.180091381072998,
        6.202431678771973,
        6.659397602081299,
        6.820617198944092,
        6.905996322631836
    ]
}