{
    "num_conv_blocks": 2,
    "initial_channels": 64,
    "dropout_rate": 0.33,
    "learning_rate": 0.0001,
    "best_test_r2": 0.6944648623466492,
    "best_test_loss": 3.196115732192993,
    "final_train_r2": -1.1896882057189941,
    "train_r2_history": [
        -24.0821590423584,
        -5.711364269256592,
        -3.8777360916137695,
        -2.549185276031494,
        -2.2285633087158203,
        -2.043614149093628,
        -0.9970823526382446,
        -1.6839861869812012,
        -1.9875843524932861,
        -1.8098716735839844,
        -1.149595022201538,
        -2.1385960578918457,
        -1.4382638931274414,
        -1.2683236598968506,
        -1.696237325668335,
        -1.1331524848937988,
        -1.426537275314331,
        -1.0019993782043457,
        -0.986729621887207,
        -0.8783636093139648,
        -1.2573912143707275,
        -1.2447679042816162,
        -1.743211030960083,
        -1.6526787281036377,
        -1.382340669631958,
        -1.113203763961792,
        -1.4156739711761475,
        -1.3918416500091553,
        -2.1225314140319824,
        -1.183847427368164,
        -0.9218623638153076,
        -1.0157477855682373,
        -0.9790066480636597,
        -0.6141642332077026,
        -0.5253047943115234,
        -0.7263784408569336,
        -1.2752888202667236,
        -0.8609087467193604,
        -1.1896882057189941
    ],
    "test_r2_history": [
        -29.01985740661621,
        -19.029605865478516,
        -11.960204124450684,
        -8.575967788696289,
        -5.607774257659912,
        -2.2367770671844482,
        -1.3353145122528076,
        -1.1509854793548584,
        -1.1249995231628418,
        -0.5889889001846313,
        -0.8128665685653687,
        -0.3470104932785034,
        0.24864184856414795,
        -1.6519050598144531,
        -0.6062310934066772,
        0.44031691551208496,
        -0.04495060443878174,
        -0.25825023651123047,
        0.06564605236053467,
        0.6944648623466492,
        0.46912312507629395,
        0.6501408815383911,
        -0.46620237827301025,
        -1.1516547203063965,
        0.372978150844574,
        0.48645055294036865,
        0.011925280094146729,
        -0.28777146339416504,
        0.3836416006088257,
        0.4873623847961426,
        0.05481058359146118,
        -0.23076415061950684,
        0.06734037399291992,
        0.25911563634872437,
        0.3168918490409851,
        0.3544924855232239,
        0.47132933139801025,
        0.4827563762664795,
        0.383766233921051
    ],
    "train_loss_history": [
        247.75767178005643,
        66.22625520494249,
        49.227114571465385,
        35.66829469468858,
        32.0590271419949,
        30.54275851779514,
        20.111443307664658,
        26.78174050649007,
        30.066656748453777,
        28.038967768351238,
        21.614613850911457,
        31.27997091081407,
        24.597290250990127,
        22.62502098083496,
        27.583636389838325,
        21.271965344746906,
        23.883023897806805,
        20.142295466529,
        20.60339313083225,
        18.900462044609917,
        22.75276936425103,
        22.828683959113228,
        27.188938670688206,
        26.621154573228623,
        23.933774789174397,
        20.969841957092285,
        24.049164136250813,
        24.355588807000053,
        31.680423524644638,
        21.577078289455837,
        19.188445303175186,
        20.77105696996053,
        19.865944226582844,
        16.258517848120796,
        15.352456304762098,
        18.118062284257675,
        22.909087975819904,
        18.54703532324897,
        21.56234645843506
    ],
    "test_loss_history": [
        314.0292053222656,
        209.52401733398438,
        135.57301330566406,
        100.17147827148438,
        69.1220474243164,
        33.859004974365234,
        24.429058074951172,
        22.50084686279297,
        22.22901725769043,
        16.62196159362793,
        18.963882446289062,
        14.090694427490234,
        7.859743595123291,
        27.74082374572754,
        16.80232810974121,
        5.8546857833862305,
        10.93093204498291,
        13.162199974060059,
        9.774011611938477,
        3.196115732192993,
        5.553351879119873,
        3.6597769260406494,
        15.3375244140625,
        22.507848739624023,
        6.5590972900390625,
        5.372095584869385,
        10.335968017578125,
        13.4710111618042,
        6.4475507736206055,
        5.362556457519531,
        9.887356758117676,
        12.874674797058105,
        9.75628662109375,
        7.750180721282959,
        7.145799160003662,
        6.752470016479492,
        5.530273914337158,
        5.410738945007324,
        6.446247100830078
    ]
}