{
    "num_conv_blocks": 2,
    "initial_channels": 32,
    "dropout_rate": 0.33,
    "learning_rate": 0.0001,
    "best_test_r2": 0.7714864015579224,
    "best_test_loss": 0.23354032635688782,
    "final_train_r2": 0.45904016494750977,
    "train_r2_history": [
        -0.5350046157836914,
        0.010716080665588379,
        0.19807761907577515,
        0.01261216402053833,
        0.006621420383453369,
        0.2126396894454956,
        0.12877565622329712,
        0.25095874071121216,
        0.19208014011383057,
        0.3235328793525696,
        0.31072020530700684,
        0.38257670402526855,
        0.07163667678833008,
        0.3240012526512146,
        0.3042140603065491,
        -0.0639042854309082,
        0.36754339933395386,
        0.42957234382629395,
        0.34078097343444824,
        0.3754168748855591,
        0.45777881145477295,
        0.3213617205619812,
        0.46069401502609253,
        0.42553919553756714,
        0.2041286826133728,
        0.3792647123336792,
        0.2120622992515564,
        0.44982945919036865,
        0.3017805218696594,
        0.5929970145225525,
        0.4827732443809509,
        0.41197752952575684,
        0.45805686712265015,
        0.2485702633857727,
        0.5884374380111694,
        0.2699214220046997,
        0.30654436349868774,
        0.38503754138946533,
        0.2092294692993164,
        0.499716579914093,
        0.5422301888465881,
        0.5152612924575806,
        0.7579054832458496,
        0.597838282585144,
        0.6497186422348022,
        0.5612093806266785,
        0.6518722772598267,
        0.536956787109375,
        0.48591363430023193,
        0.6221468448638916,
        0.4991808533668518,
        0.5592637658119202,
        0.7099086046218872,
        0.45904016494750977
    ],
    "test_r2_history": [
        -1.196324110031128,
        -0.6763947010040283,
        -0.4416501522064209,
        -0.46123015880584717,
        -0.11332881450653076,
        0.09619295597076416,
        0.10769963264465332,
        0.45100414752960205,
        0.6117149591445923,
        0.6016237735748291,
        0.44978082180023193,
        0.4892381429672241,
        0.21784931421279907,
        0.6381434202194214,
        0.6467941999435425,
        0.6071330308914185,
        0.5767092108726501,
        0.7206940650939941,
        0.6843488216400146,
        0.5902866125106812,
        0.660746693611145,
        0.7300485372543335,
        0.6038215756416321,
        0.6131554841995239,
        0.3586843013763428,
        0.6864117383956909,
        0.5509313344955444,
        0.7576108574867249,
        0.46057260036468506,
        0.4273407459259033,
        0.7588631510734558,
        0.6428098082542419,
        0.6285389065742493,
        0.6293717622756958,
        0.7714864015579224,
        0.22495251893997192,
        0.5875020027160645,
        0.675084114074707,
        0.5404751300811768,
        0.5958129167556763,
        0.6309278607368469,
        0.5860532522201538,
        0.5107517242431641,
        0.5743099451065063,
        0.6331733465194702,
        0.6461294889450073,
        0.627286434173584,
        0.6182048320770264,
        0.6481921672821045,
        0.643159806728363,
        0.5962547063827515,
        0.6233792304992676,
        0.6416516304016113,
        0.6575860977172852
    ],
    "train_loss_history": [
        1.589917974339591,
        1.0162320103910234,
        0.821760829952028,
        1.035797615845998,
        1.032269913289282,
        0.8156945672300127,
        0.9183241426944733,
        0.774624764919281,
        0.8314361704720391,
        0.7045863933033414,
        0.7064867830938764,
        0.6401477571990755,
        0.9716995110114416,
        0.6956472347180048,
        0.707913726568222,
        1.0980495909849803,
        0.6532595720556047,
        0.5946917467647128,
        0.6803514791859521,
        0.643842112686899,
        0.5594145970212089,
        0.7065983249081506,
        0.5519890851444669,
        0.592620097928577,
        0.8188282549381256,
        0.6544955107900832,
        0.8143204500277837,
        0.5740143557389578,
        0.7241344071096845,
        0.41963713698916966,
        0.5278872085942162,
        0.6154383089807298,
        0.5754638330803977,
        0.7755092730124792,
        0.4237617585394118,
        0.7568940437502332,
        0.7165164628790485,
        0.6325694786177741,
        0.8271020087930891,
        0.5147727098729875,
        0.47202684068017536,
        0.5009234315819211,
        0.2551640073458354,
        0.4219356295135286,
        0.35759228136804366,
        0.45671802428033614,
        0.3678776290681627,
        0.4711275456680192,
        0.5347045809030533,
        0.387020124329461,
        0.5298278224137094,
        0.45487143678797615,
        0.3001592585610019,
        0.5512682348489761
    ],
    "test_loss_history": [
        2.244637966156006,
        1.7132714986801147,
        1.473362922668457,
        1.4933738708496094,
        1.137819528579712,
        0.9236887693405151,
        0.9119288325309753,
        0.5610724687576294,
        0.3968264162540436,
        0.4071395695209503,
        0.562322735786438,
        0.5219974517822266,
        0.79935622215271,
        0.3698166310787201,
        0.3609754741191864,
        0.401509165763855,
        0.43260225653648376,
        0.2854500710964203,
        0.3225947618484497,
        0.4187261462211609,
        0.3467160761356354,
        0.2758897840976715,
        0.4048933684825897,
        0.39535418152809143,
        0.6554231643676758,
        0.32048651576042175,
        0.4589471220970154,
        0.2477211356163025,
        0.5512934923171997,
        0.5852564573287964,
        0.2464412897825241,
        0.36504754424095154,
        0.3796323835849762,
        0.37878116965293884,
        0.23354032635688782,
        0.7920966744422913,
        0.4215719997882843,
        0.3320631980895996,
        0.4696333706378937,
        0.413078248500824,
        0.37719085812568665,
        0.4230526387691498,
        0.5000106692314148,
        0.4350542724132538,
        0.37489596009254456,
        0.3616548478603363,
        0.3809123635292053,
        0.39019379019737244,
        0.3595467507839203,
        0.36468982696533203,
        0.4126267433166504,
        0.3849055767059326,
        0.366231232881546,
        0.3499462604522705
    ]
}