{
    "num_conv_blocks": 4,
    "initial_channels": 16,
    "dropout_rate": 0.33,
    "learning_rate": 0.001,
    "best_test_r2": 0.7404444217681885,
    "best_test_loss": 0.26526519656181335,
    "final_train_r2": 0.15883320569992065,
    "train_r2_history": [
        -0.686194658279419,
        -0.16019964218139648,
        0.030545294284820557,
        -0.035596489906311035,
        0.12128114700317383,
        -0.07334303855895996,
        -0.15916645526885986,
        0.07210254669189453,
        -0.26478636264801025,
        -0.047821640968322754,
        -0.066336989402771,
        -0.061792850494384766,
        0.10600358247756958,
        0.27924859523773193,
        -0.034667134284973145,
        0.3737491965293884,
        0.13764196634292603,
        0.41964632272720337,
        -0.1280151605606079,
        0.08291822671890259,
        0.1357656717300415,
        0.14965975284576416,
        0.21660584211349487,
        0.2014748454093933,
        0.3029806613922119,
        0.2625311017036438,
        0.2733941078186035,
        0.20419812202453613,
        0.0743902325630188,
        0.352286159992218,
        0.18072521686553955,
        0.28591108322143555,
        0.15883320569992065
    ],
    "test_r2_history": [
        -1.488189458847046,
        -0.0750877857208252,
        -0.034050583839416504,
        -0.0008432865142822266,
        0.10225403308868408,
        -0.009354591369628906,
        0.1262211799621582,
        -0.5236837863922119,
        -3.6404242515563965,
        0.5006223917007446,
        0.5764530897140503,
        0.6961934566497803,
        -1.0806915760040283,
        0.7404444217681885,
        0.3916802406311035,
        -2.2381720542907715,
        0.7203715443611145,
        0.5068982839584351,
        0.43915003538131714,
        0.5363893508911133,
        0.5781570672988892,
        0.6455786824226379,
        0.5463597774505615,
        0.583453893661499,
        0.5393658876419067,
        0.6008008718490601,
        0.6062711477279663,
        0.509792685508728,
        0.602654218673706,
        0.570404052734375,
        0.5214260816574097,
        0.5196762681007385,
        0.5829445719718933
    ],
    "train_loss_history": [
        1.7326769050624635,
        1.1917327245076497,
        1.004365964068307,
        1.08411423696412,
        0.9205133997731738,
        1.10807399948438,
        1.2036885817845662,
        0.9907340473598905,
        1.3066005673673418,
        1.0752657146917448,
        1.102592721581459,
        1.0959578818745084,
        0.9235309089223543,
        0.7645540022187762,
        1.0671956737836201,
        0.6463808533218172,
        0.903550558620029,
        0.603572290804651,
        1.1631554729408689,
        0.9624922176202139,
        0.8989492522345649,
        0.8958044764068391,
        0.8121228102180693,
        0.834818520479732,
        0.7350580220421156,
        0.7678497036298116,
        0.7616847422387865,
        0.8320158455106947,
        0.9571429457929399,
        0.6833787618411912,
        0.8545787400669522,
        0.7504401736789279,
        0.8776823878288269
    ],
    "test_loss_history": [
        2.54292368888855,
        1.098737120628357,
        1.0567972660064697,
        1.0228594541549683,
        0.9174942970275879,
        1.0315580368041992,
        0.8930000066757202,
        1.5572013854980469,
        4.742502689361572,
        0.5103627443313599,
        0.4328639805316925,
        0.31048956513404846,
        2.126461982727051,
        0.26526519656181335,
        0.6217013597488403,
        3.3094046115875244,
        0.2857796251773834,
        0.5039487481117249,
        0.5731872916221619,
        0.4738090932369232,
        0.4311225414276123,
        0.3622177541255951,
        0.46361929178237915,
        0.4257091283798218,
        0.4707670211791992,
        0.4079805314540863,
        0.4023899734020233,
        0.5009906888008118,
        0.4060865044593811,
        0.43904608488082886,
        0.4891014099121094,
        0.4908897876739502,
        0.42622965574264526
    ]
}