{
    "num_conv_blocks": 2,
    "initial_channels": 64,
    "dropout_rate": 0.33,
    "learning_rate": 0.0001,
    "best_test_r2": 0.8047891855239868,
    "best_test_loss": 0.1995050311088562,
    "final_train_r2": 0.47463685274124146,
    "train_r2_history": [
        -0.9940041303634644,
        -0.4680846929550171,
        -0.03653883934020996,
        -0.06319618225097656,
        0.021893680095672607,
        0.009674787521362305,
        -0.06916189193725586,
        -0.0493009090423584,
        0.22043198347091675,
        0.17846542596817017,
        0.1437557339668274,
        0.48475146293640137,
        0.2317487597465515,
        0.2928706407546997,
        0.1388014554977417,
        0.29166722297668457,
        0.30459362268447876,
        0.3522716760635376,
        0.19656676054000854,
        0.42031019926071167,
        0.3267921209335327,
        0.4406842589378357,
        0.2539699077606201,
        0.4180026054382324,
        0.38460975885391235,
        0.2674434185028076,
        0.3822314739227295,
        0.6084734201431274,
        0.48108571767807007,
        0.2949492335319519,
        0.22046560049057007,
        0.5017828345298767,
        0.6491765975952148,
        0.2538989782333374,
        0.29032397270202637,
        0.35057806968688965,
        0.35241544246673584,
        0.6276174783706665,
        0.40661656856536865,
        0.4729212522506714,
        0.7027455568313599,
        0.5285645127296448,
        0.5292221307754517,
        0.6548255681991577,
        0.6203600168228149,
        0.5268924236297607,
        0.38902008533477783,
        0.5313481092453003,
        0.44849228858947754,
        0.6725305914878845,
        0.6202731132507324,
        0.47463685274124146
    ],
    "test_r2_history": [
        -1.2601137161254883,
        -0.5532819032669067,
        -0.509023904800415,
        -0.317111611366272,
        -0.011114358901977539,
        -0.19841420650482178,
        -0.02033531665802002,
        0.41601091623306274,
        0.4911072850227356,
        0.348267138004303,
        0.4894496202468872,
        0.5101436376571655,
        0.6745989918708801,
        0.4496188759803772,
        0.43009239435195923,
        0.4081191420555115,
        0.7058530449867249,
        0.6618623733520508,
        0.4243684411048889,
        0.6054448485374451,
        0.5430110692977905,
        0.7199519276618958,
        0.6923177242279053,
        0.8013287782669067,
        0.6255013942718506,
        0.320404589176178,
        0.6739433407783508,
        0.7423961162567139,
        0.7269140481948853,
        0.4025402069091797,
        0.5282127261161804,
        0.7145015001296997,
        0.8047891855239868,
        0.5904405117034912,
        0.3693215250968933,
        0.5177886486053467,
        0.7639356851577759,
        0.796446681022644,
        0.786003828048706,
        0.7017365097999573,
        0.6635699272155762,
        0.7108340263366699,
        0.72840416431427,
        0.6883450150489807,
        0.576184093952179,
        0.5926958918571472,
        0.625514030456543,
        0.6378988027572632,
        0.6834588050842285,
        0.7316303253173828,
        0.709452748298645,
        0.730668306350708
    ],
    "train_loss_history": [
        2.0563087032900915,
        1.5130911337004767,
        1.0673450198438432,
        1.1020964748329587,
        1.0096537007225885,
        1.026716990603341,
        1.1008910304970212,
        1.0718390478028192,
        0.8157383683654997,
        0.8738111952940623,
        0.8751317320598496,
        0.5262015776501762,
        0.8072026471296946,
        0.7254121659530534,
        0.8859182513422437,
        0.7358624305990007,
        0.7199719780021243,
        0.6775136457549201,
        0.8222591148482429,
        0.591497009827031,
        0.7050192505121231,
        0.5688661535580953,
        0.7773230464922057,
        0.5954867833190494,
        0.6364476813210381,
        0.7673326316807005,
        0.6424972597095702,
        0.4098476179771953,
        0.5337864789697859,
        0.7260751343435712,
        0.8039639410045412,
        0.5242852932877011,
        0.3669945713546541,
        0.774290167623096,
        0.7445226609706879,
        0.678587430053287,
        0.6688703795274099,
        0.38284241490893894,
        0.6043270180622736,
        0.5488996257384618,
        0.3079587568839391,
        0.47852788699997795,
        0.4875143691897392,
        0.35857248306274414,
        0.4050441069735421,
        0.4986378037267261,
        0.6457841247320175,
        0.48039957715405357,
        0.5716556244426303,
        0.332682685719596,
        0.3912145495414734,
        0.5421814438369539
    ],
    "test_loss_history": [
        2.309831142425537,
        1.587450385093689,
        1.542218804359436,
        1.3460849523544312,
        1.0333564281463623,
        1.2247765064239502,
        1.0427802801132202,
        0.5968354344367981,
        0.5200872421264648,
        0.6660694479942322,
        0.5217812657356262,
        0.5006320476531982,
        0.33255907893180847,
        0.5624881982803345,
        0.5824443101882935,
        0.6049008965492249,
        0.300617516040802,
        0.34557580947875977,
        0.5882941484451294,
        0.40323448181152344,
        0.46704164147377014,
        0.28620851039886475,
        0.31445059180259705,
        0.20304155349731445,
        0.3827367424964905,
        0.6945449709892273,
        0.333229124546051,
        0.26327061653137207,
        0.2790931761264801,
        0.6106025576591492,
        0.48216548562049866,
        0.2917788028717041,
        0.1995050311088562,
        0.41856878995895386,
        0.6445518732070923,
        0.49281883239746094,
        0.24125716090202332,
        0.20803101360797882,
        0.21870358288288116,
        0.3048245906829834,
        0.34383073449134827,
        0.2955268919467926,
        0.2775702476501465,
        0.31851068139076233,
        0.433138906955719,
        0.4162638187408447,
        0.3827238082885742,
        0.3700665533542633,
        0.3235042989253998,
        0.274273157119751,
        0.29693859815597534,
        0.27525633573532104
    ]
}