{
    "num_conv_blocks": 4,
    "initial_channels": 32,
    "dropout_rate": 0.33,
    "learning_rate": 0.001,
    "best_test_r2": 0.5123569965362549,
    "best_test_loss": 27.490707397460938,
    "final_train_r2": 0.43090105056762695,
    "train_r2_history": [
        -0.14502859115600586,
        -0.07297933101654053,
        0.0797954797744751,
        0.10045206546783447,
        0.07865101099014282,
        0.18241459131240845,
        0.10661226511001587,
        0.15956199169158936,
        0.10595107078552246,
        0.29882365465164185,
        0.15235203504562378,
        0.1719490885734558,
        0.18656718730926514,
        0.32196205854415894,
        0.3652854561805725,
        0.22055381536483765,
        0.3525660037994385,
        0.4152970314025879,
        0.19861727952957153,
        0.29309219121932983,
        0.29206252098083496,
        0.3183237314224243,
        0.2718331217765808,
        0.2713468670845032,
        0.37388819456100464,
        0.2873867154121399,
        0.3804541230201721,
        0.36680829524993896,
        0.35866641998291016,
        0.46106523275375366,
        0.2974455952644348,
        0.39285242557525635,
        0.4579819440841675,
        0.4396388530731201,
        0.43090105056762695
    ],
    "test_r2_history": [
        -0.16208243370056152,
        -0.1741551160812378,
        -0.05658984184265137,
        0.10500895977020264,
        0.22453749179840088,
        0.35215580463409424,
        0.17062848806381226,
        0.2946624755859375,
        0.34282177686691284,
        0.2598623037338257,
        0.09836775064468384,
        0.22697436809539795,
        0.2635813355445862,
        0.33645182847976685,
        0.43064141273498535,
        0.5123569965362549,
        0.490181565284729,
        0.5049605369567871,
        0.43772828578948975,
        0.2524944543838501,
        0.24692201614379883,
        0.2112365961074829,
        0.27452796697616577,
        0.19269579648971558,
        0.12920820713043213,
        0.1649388074874878,
        0.12032246589660645,
        0.19007205963134766,
        0.23764193058013916,
        0.31222403049468994,
        0.3354419469833374,
        0.346427321434021,
        0.3168168067932129,
        0.2571910619735718,
        0.3228500485420227
    ],
    "train_loss_history": [
        34.80860349867079,
        32.47762902577718,
        28.18625291188558,
        27.607670148213703,
        28.527232487996418,
        25.131219228108723,
        27.418458408779568,
        25.64057117038303,
        27.34516970316569,
        21.300876405504013,
        26.136863072713215,
        25.58412806193034,
        25.117985513475205,
        20.731812689039444,
        19.28918721940782,
        23.807632446289062,
        19.7777812216017,
        17.932983451419407,
        24.603908008999294,
        21.480809953477646,
        21.718459977044,
        20.658659590615166,
        22.26264540354411,
        21.952509615156387,
        19.22194438510471,
        21.726917796664768,
        18.66316196653578,
        19.119722180896336,
        19.413674354553223,
        16.44589426782396,
        21.408440589904785,
        18.36830112669203,
        16.49736563364665,
        17.04252248340183,
        17.454927285512287
    ],
    "test_loss_history": [
        65.51200103759766,
        66.1926040649414,
        59.56489181518555,
        50.45480728149414,
        43.7164306640625,
        36.521995544433594,
        46.75553512573242,
        39.763160705566406,
        37.048194885253906,
        41.725006103515625,
        50.82920837402344,
        43.57905578613281,
        41.515350341796875,
        37.40730667114258,
        32.0974006652832,
        27.490707397460938,
        28.740840911865234,
        27.907682418823242,
        31.697872161865234,
        42.14036560058594,
        42.45451736450195,
        44.46626663208008,
        40.89823913574219,
        45.511497497558594,
        49.0905876159668,
        47.076290130615234,
        49.591522216796875,
        45.6594123840332,
        42.9776725769043,
        38.773136138916016,
        37.4642333984375,
        36.84493637084961,
        38.514217376708984,
        41.875606536865234,
        38.174095153808594
    ]
}