{
    "num_conv_blocks": 4,
    "initial_channels": 64,
    "dropout_rate": 0.33,
    "learning_rate": 0.001,
    "best_test_r2": 0.440849244594574,
    "best_test_loss": 188.42587280273438,
    "final_train_r2": 0.5747585296630859,
    "train_r2_history": [
        -1.1380136013031006,
        -0.6921529769897461,
        0.04563695192337036,
        0.06106036901473999,
        0.01689833402633667,
        0.12077510356903076,
        0.362668514251709,
        0.1537238359451294,
        -0.06469905376434326,
        0.23695367574691772,
        0.19299310445785522,
        0.23440229892730713,
        0.3969328999519348,
        0.27079278230667114,
        0.3458249568939209,
        0.346315860748291,
        0.3376270532608032,
        0.27818989753723145,
        0.357438862323761,
        0.3616659641265869,
        0.49506157636642456,
        0.3711780905723572,
        0.37633270025253296,
        0.535011887550354,
        0.41766589879989624,
        0.48112577199935913,
        0.5583194494247437,
        0.44307488203048706,
        0.3580000400543213,
        0.481221079826355,
        0.532140851020813,
        0.4261847734451294,
        0.5102491974830627,
        0.6101521253585815,
        0.5327190160751343,
        0.5414459109306335,
        0.570419430732727,
        0.5403366684913635,
        0.4302169680595398,
        0.45635485649108887,
        0.5436557531356812,
        0.5384347438812256,
        0.43049144744873047,
        0.5808764696121216,
        0.5386621356010437,
        0.5020570755004883,
        0.4881907105445862,
        0.5231024026870728,
        0.5521327257156372,
        0.5859807729721069,
        0.5812275409698486,
        0.5747585296630859
    ],
    "test_r2_history": [
        -2.1851632595062256,
        -1.0059947967529297,
        -8.746101379394531,
        -0.08332133293151855,
        -0.04118382930755615,
        0.2843596935272217,
        0.39654743671417236,
        0.2811313271522522,
        0.04672741889953613,
        0.28683310747146606,
        0.04129660129547119,
        0.20334869623184204,
        -0.020208120346069336,
        0.03249251842498779,
        0.2575092911720276,
        0.4239622950553894,
        0.3356437683105469,
        0.1570143699645996,
        0.2720813751220703,
        0.3243759870529175,
        0.2713857889175415,
        0.12338817119598389,
        0.09888845682144165,
        0.2432180643081665,
        0.2565786838531494,
        0.13781201839447021,
        0.20804893970489502,
        0.3251041769981384,
        0.3122050166130066,
        0.2584612965583801,
        0.3154505491256714,
        0.40513867139816284,
        0.440849244594574,
        0.3610469698905945,
        0.36165982484817505,
        0.3468819856643677,
        0.24452507495880127,
        0.2718013525009155,
        0.27840733528137207,
        0.27744054794311523,
        0.2645688056945801,
        0.2547188997268677,
        0.25369125604629517,
        0.2896629571914673,
        0.311348557472229,
        0.3395004868507385,
        0.3581963777542114,
        0.35942935943603516,
        0.3705930709838867,
        0.37277907133102417,
        0.3652670979499817,
        0.3617703318595886
    ],
    "train_loss_history": [
        739.1508585611979,
        584.5497572157118,
        328.44208441840277,
        320.32008361816406,
        341.5381579928928,
        304.1604224310981,
        223.46250745985242,
        296.31818135579425,
        368.74979485405817,
        265.89842224121094,
        278.900392320421,
        270.49481879340277,
        206.83547719319662,
        257.5262671576606,
        225.74371931287976,
        229.3547617594401,
        232.180059644911,
        252.47444322374133,
        223.7918989393446,
        222.70626152886285,
        175.57128736707898,
        219.02295854356555,
        218.595093621148,
        167.51121351453992,
        204.2753817240397,
        179.41433334350586,
        153.24505191379123,
        198.8865483601888,
        224.73724365234375,
        183.3524432712131,
        163.8972365061442,
        200.2709206475152,
        174.61277219984265,
        136.88961791992188,
        161.2020386589898,
        162.57284461127387,
        149.4561178419325,
        159.70494418674045,
        199.95771874321832,
        190.44681379530164,
        159.55894978841147,
        163.13607194688586,
        198.80094740125867,
        147.93545532226562,
        159.92517259385852,
        173.68805270724826,
        181.31062910291882,
        167.94570075141058,
        156.21922047932944,
        145.67291386922201,
        146.20293765597873,
        148.64822345309787
    ],
    "test_loss_history": [
        1073.354736328125,
        675.9917602539062,
        3284.298095703125,
        365.06396484375,
        350.8641662597656,
        241.16064453125,
        203.3549346923828,
        242.24853515625,
        321.23931884765625,
        240.32711791992188,
        323.0694274902344,
        268.460205078125,
        343.795654296875,
        326.0362854003906,
        250.20883178710938,
        194.1165313720703,
        223.87860107421875,
        284.0741882324219,
        245.2982177734375,
        227.67567443847656,
        245.53265380859375,
        295.40576171875,
        303.66180419921875,
        255.0247802734375,
        250.52243041992188,
        290.54510498046875,
        266.87628173828125,
        227.4303436279297,
        231.77713012695312,
        249.8880157470703,
        230.68344116210938,
        200.4598388671875,
        188.42587280273438,
        215.31809997558594,
        215.111572265625,
        220.09149169921875,
        254.5843048095703,
        245.392578125,
        243.16650390625,
        243.4922332763672,
        247.8299102783203,
        251.14915466308594,
        251.49545288085938,
        239.37350463867188,
        232.0657958984375,
        222.57894897460938,
        216.27870178222656,
        215.86325073242188,
        212.10116577148438,
        211.36453247070312,
        213.89599609375,
        215.07431030273438
    ]
}