{
    "num_conv_blocks": 2,
    "initial_channels": 16,
    "dropout_rate": 0.33,
    "learning_rate": 0.001,
    "best_test_r2": 0.4931448698043823,
    "best_test_loss": 5.302067279815674,
    "final_train_r2": -1.7958216667175293,
    "train_r2_history": [
        -13.579171180725098,
        -4.963322639465332,
        -3.374812126159668,
        -3.3253540992736816,
        -2.5302045345306396,
        -2.648465156555176,
        -2.3108904361724854,
        -3.4463882446289062,
        -1.9470412731170654,
        -2.4134058952331543,
        -2.979879856109619,
        -2.666206121444702,
        -2.528081178665161,
        -1.670999526977539,
        -2.1754794120788574,
        -3.5597825050354004,
        -2.2960195541381836,
        -2.3272805213928223,
        -2.0409457683563232,
        -3.5805673599243164,
        -2.0403523445129395,
        -1.6854004859924316,
        -2.739290237426758,
        -1.1760246753692627,
        -1.9579825401306152,
        -1.698876142501831,
        -1.5082075595855713,
        -0.9273326396942139,
        -1.9110982418060303,
        -1.126401424407959,
        -1.5742499828338623,
        -2.1357710361480713,
        -1.4976136684417725,
        -0.9677618741989136,
        -1.0892953872680664,
        -1.4808526039123535,
        -1.173438549041748,
        -1.282867193222046,
        -1.0438034534454346,
        -1.147850751876831,
        -1.7958216667175293
    ],
    "test_r2_history": [
        -26.719358444213867,
        -13.276026725769043,
        -5.714608192443848,
        -3.763298988342285,
        -2.280978202819824,
        -0.48850905895233154,
        -0.1848822832107544,
        -0.5246943235397339,
        -0.07043683528900146,
        -1.9976513385772705,
        0.2868362069129944,
        -0.15350210666656494,
        -0.40202033519744873,
        0.3208545446395874,
        -1.2462794780731201,
        -0.30311357975006104,
        -0.15766048431396484,
        0.29580312967300415,
        -1.0084137916564941,
        -1.581742763519287,
        0.05124753713607788,
        0.4931448698043823,
        -0.8063764572143555,
        0.11403632164001465,
        0.15503591299057007,
        -0.17422270774841309,
        0.3650379776954651,
        -0.864854097366333,
        -0.294696569442749,
        0.03867781162261963,
        -0.1369764804840088,
        0.04069375991821289,
        -0.26197993755340576,
        0.1702914834022522,
        0.305891215801239,
        0.1794002652168274,
        0.006090700626373291,
        0.07479506731033325,
        0.0781293511390686,
        0.15630537271499634,
        0.0555155873298645
    ],
    "train_loss_history": [
        143.55234803093805,
        59.26895056830512,
        44.11532232496474,
        43.24317826165093,
        35.15807575649686,
        36.13697645399306,
        32.8420287238227,
        44.27013948228624,
        29.314743147956,
        34.191520267062714,
        39.66608005099826,
        36.55358907911513,
        35.38397057851156,
        27.12817949718899,
        31.902325948079426,
        46.126644134521484,
        32.835544692145454,
        33.43014483981662,
        30.72011089324951,
        45.19069915347629,
        30.088153415256077,
        26.753203286064995,
        37.75784344143338,
        21.56095865037706,
        30.176833576626247,
        27.01316515604655,
        25.445227411058212,
        19.30481137169732,
        28.99768500857883,
        21.19381841023763,
        25.707027647230362,
        30.99338976542155,
        24.90830447938707,
        20.01261191897922,
        20.843981954786514,
        24.965922143724228,
        21.434543503655327,
        22.646419525146484,
        20.5910833146837,
        21.60962412092421,
        27.80134211646186
    ],
    "test_loss_history": [
        289.96435546875,
        149.3374481201172,
        70.23960876464844,
        49.8275146484375,
        34.32138442993164,
        15.570870399475098,
        12.3947172164917,
        15.949392318725586,
        11.197535514831543,
        31.35757827758789,
        7.460204124450684,
        12.066459655761719,
        14.666136741638184,
        7.104347229003906,
        23.497692108154297,
        13.631500244140625,
        12.109959602355957,
        7.366403102874756,
        21.00944709777832,
        27.00687599182129,
        9.924631118774414,
        5.302067279815674,
        18.8959903717041,
        9.267813682556152,
        8.838929176330566,
        12.283211708068848,
        6.642158031463623,
        19.507707595825195,
        13.543453216552734,
        10.056117057800293,
        11.893588066101074,
        10.035030364990234,
        13.201213836669922,
        8.679344177246094,
        7.2608747482299805,
        8.584061622619629,
        10.397003173828125,
        9.678306579589844,
        9.643425941467285,
        8.82564926147461,
        9.879981994628906
    ]
}