{
    "num_conv_blocks": 3,
    "initial_channels": 16,
    "dropout_rate": 0.33,
    "learning_rate": 0.001,
    "best_test_r2": 0.43556469678878784,
    "best_test_loss": 5.904397487640381,
    "final_train_r2": -1.6281111240386963,
    "train_r2_history": [
        -16.567625045776367,
        -6.003157138824463,
        -4.0167670249938965,
        -2.059236526489258,
        -2.8781204223632812,
        -2.5984785556793213,
        -2.9876537322998047,
        -3.5621466636657715,
        -2.232435464859009,
        -2.2106571197509766,
        -2.3187925815582275,
        -1.7701330184936523,
        -1.7750003337860107,
        -2.269615888595581,
        -2.0973939895629883,
        -2.402885675430298,
        -1.6125590801239014,
        -1.9449810981750488,
        -1.8101675510406494,
        -1.619732141494751,
        -2.5665857791900635,
        -2.4263103008270264,
        -1.5643424987792969,
        -1.0412428379058838,
        -1.274399995803833,
        -1.6933112144470215,
        -1.4497437477111816,
        -1.5560972690582275,
        -1.6281111240386963
    ],
    "test_r2_history": [
        -19.26422882080078,
        -7.163368225097656,
        -1.2435903549194336,
        -2.798218011856079,
        -3.7297439575195312,
        -2.2012083530426025,
        -1.7625505924224854,
        -2.775479793548584,
        -0.043609619140625,
        0.43556469678878784,
        -0.10279691219329834,
        0.04642897844314575,
        -0.727709174156189,
        0.24502593278884888,
        0.2018582820892334,
        -0.9699321985244751,
        0.015244722366333008,
        -0.054589033126831055,
        -0.7394264936447144,
        -0.257956862449646,
        -0.08476269245147705,
        0.12302815914154053,
        0.17194879055023193,
        0.241502046585083,
        0.1624164581298828,
        0.16758078336715698,
        0.1056317687034607,
        0.2601359486579895,
        0.36780232191085815
    ],
    "train_loss_history": [
        172.6999371846517,
        69.16244909498427,
        50.12652566697862,
        30.883622487386067,
        38.358916494581436,
        35.713469081454804,
        40.0934869978163,
        46.564628813001846,
        32.46506765153673,
        32.25834931267632,
        33.08081764645047,
        27.55590036180284,
        27.396125687493218,
        33.112124337090385,
        31.09881125556098,
        35.22533204820421,
        26.364394823710125,
        29.40640025668674,
        28.551158481174046,
        26.688083754645454,
        35.328848626878525,
        33.85973856184218,
        25.817204263475205,
        20.46091826756795,
        23.119613223605686,
        26.89817714691162,
        25.05622736612956,
        25.527156194051106,
        26.428446981641983
    ],
    "test_loss_history": [
        211.9783477783203,
        85.3946762084961,
        23.469560623168945,
        39.73208236694336,
        49.47650909423828,
        33.48693084716797,
        28.89826011657715,
        39.49422073364258,
        10.916903495788574,
        5.904397487640381,
        11.53604507446289,
        9.975035667419434,
        18.073074340820312,
        7.897569179534912,
        8.349133491516113,
        20.60689926147461,
        10.301244735717773,
        11.031756401062012,
        18.195642471313477,
        13.15912914276123,
        11.347393989562988,
        9.17375373840332,
        8.662008285522461,
        7.934432029724121,
        8.761723518371582,
        8.707700729370117,
        9.355732917785645,
        7.739507675170898,
        6.613241195678711
    ]
}