{
    "num_conv_blocks": 3,
    "initial_channels": 32,
    "dropout_rate": 0.33,
    "learning_rate": 0.001,
    "best_test_r2": 0.445229172706604,
    "best_test_loss": 31.275014877319336,
    "final_train_r2": 0.6139154434204102,
    "train_r2_history": [
        -0.22300422191619873,
        0.16507840156555176,
        -0.1114954948425293,
        -0.010371923446655273,
        0.16353356838226318,
        0.09518760442733765,
        -0.14691603183746338,
        0.0644804835319519,
        0.14579510688781738,
        0.1640971302986145,
        0.22836285829544067,
        0.09808152914047241,
        0.27900129556655884,
        0.21662157773971558,
        0.09431666135787964,
        0.21500635147094727,
        0.1482275128364563,
        0.2610282301902771,
        0.3452547788619995,
        0.2870669960975647,
        0.11599469184875488,
        0.2297227382659912,
        0.3631483316421509,
        0.3588426113128662,
        0.37182044982910156,
        0.4514477252960205,
        0.2931845188140869,
        0.3652991056442261,
        0.3712146282196045,
        0.48299092054367065,
        0.48945146799087524,
        0.43814098834991455,
        0.5210444331169128,
        0.31929004192352295,
        0.31296277046203613,
        0.3889870047569275,
        0.3325396776199341,
        0.3851335048675537,
        0.3235087990760803,
        0.3575593829154968,
        0.4414430856704712,
        0.4152546525001526,
        0.44176143407821655,
        0.42682796716690063,
        0.4954325556755066,
        0.4306984543800354,
        0.40137678384780884,
        0.22987639904022217,
        0.6139154434204102
    ],
    "test_r2_history": [
        -0.29909181594848633,
        -0.09632492065429688,
        -0.09165823459625244,
        0.16787570714950562,
        0.20429009199142456,
        0.047834932804107666,
        0.10677045583724976,
        0.24866747856140137,
        0.3493502736091614,
        0.35974639654159546,
        0.11045461893081665,
        0.2612406015396118,
        0.044899821281433105,
        0.2556021213531494,
        0.24916207790374756,
        0.2719959616661072,
        0.1140909194946289,
        0.07938218116760254,
        0.2738984227180481,
        0.3259085416793823,
        0.27654772996902466,
        0.21860677003860474,
        0.23536336421966553,
        0.31238073110580444,
        0.3865635395050049,
        0.4132179617881775,
        0.3034900426864624,
        0.3480798006057739,
        0.4143577814102173,
        0.445229172706604,
        0.4403468370437622,
        0.43810272216796875,
        0.3289754390716553,
        0.35505515336990356,
        0.4191508889198303,
        0.386138379573822,
        0.42850351333618164,
        0.3910868167877197,
        0.3024238348007202,
        0.29029011726379395,
        0.3845876455307007,
        0.40384984016418457,
        0.4037206768989563,
        0.37949806451797485,
        0.34494853019714355,
        0.2662481665611267,
        0.3259425759315491,
        0.41046440601348877,
        0.4182857275009155
    ],
    "train_loss_history": [
        37.11080943213569,
        25.607415517171223,
        33.76082960764567,
        30.91152466668023,
        25.693567911783855,
        27.422272470262314,
        35.148718410068085,
        28.465076022677952,
        26.29885302649604,
        25.35206953684489,
        23.883187188042534,
        27.22646935780843,
        21.93356598748101,
        23.87097634209527,
        27.440901120503742,
        23.94006199306912,
        25.743575519985622,
        22.873768912421333,
        19.95353603363037,
        21.899542384677464,
        26.831734551323784,
        23.290120336744522,
        19.336337036556667,
        19.588534673055012,
        19.045940823025173,
        16.893427318996853,
        21.44550429450141,
        19.548516538408066,
        19.118578486972385,
        15.773639996846518,
        15.485591888427734,
        17.110735151502823,
        14.524862925211588,
        20.797916889190674,
        20.971372498406303,
        18.62193118201362,
        20.340458234151203,
        18.626244227091473,
        20.529316690233017,
        19.4993830786811,
        16.985637134975857,
        17.90228992038303,
        16.94630018870036,
        17.499866432613796,
        15.369671503702799,
        17.307365470462376,
        18.261139975653755,
        23.52008401023017,
        11.779556300905016
    ],
    "test_loss_history": [
        73.23585510253906,
        61.8049430847168,
        61.54186248779297,
        46.91072463989258,
        44.85787582397461,
        53.677978515625,
        50.35550308227539,
        42.356109619140625,
        36.680152893066406,
        36.094078063964844,
        50.14781188964844,
        41.64730453491211,
        53.843441009521484,
        41.965179443359375,
        42.32823181152344,
        41.040977478027344,
        49.94281768798828,
        51.89952087402344,
        40.93373489379883,
        38.00167465209961,
        40.78437423706055,
        44.05078125,
        43.10612869262695,
        38.76430130004883,
        34.582271575927734,
        33.07963943481445,
        39.26551055908203,
        36.75178146362305,
        33.015380859375,
        31.275014877319336,
        31.550254821777344,
        31.676769256591797,
        37.82878112792969,
        36.358551025390625,
        32.745174407958984,
        34.606239318847656,
        32.217918395996094,
        34.3272705078125,
        39.325618743896484,
        40.00965118408203,
        34.69365692138672,
        33.60776138305664,
        33.61504364013672,
        34.98058319091797,
        36.92830276489258,
        41.36500930786133,
        37.99976348876953,
        33.23486328125,
        32.7939453125
    ]
}