{
    "num_conv_blocks": 2,
    "initial_channels": 16,
    "dropout_rate": 0.33,
    "learning_rate": 0.0001,
    "best_test_r2": 0.05921250581741333,
    "best_test_loss": 9.84131145477295,
    "final_train_r2": -1.6999695301055908,
    "train_r2_history": [
        -32.2596549987793,
        -23.590621948242188,
        -13.360003471374512,
        -6.839770317077637,
        -3.258542060852051,
        -4.532570838928223,
        -3.1579952239990234,
        -2.3310842514038086,
        -2.9052772521972656,
        -2.276576519012451,
        -1.821305513381958,
        -2.1409265995025635,
        -1.8360137939453125,
        -2.330552339553833,
        -1.6482412815093994,
        -2.552626609802246,
        -2.685039520263672,
        -1.7918879985809326,
        -1.5394697189331055,
        -2.961709499359131,
        -1.0225422382354736,
        -2.6605684757232666,
        -1.2040014266967773,
        -2.409878730773926,
        -1.4746415615081787,
        -1.610027551651001,
        -1.4580745697021484,
        -2.1743080615997314,
        -2.0302810668945312,
        -2.15437650680542,
        -2.148343801498413,
        -2.113729238510132,
        -2.1403794288635254,
        -1.8762483596801758,
        -2.4022231101989746,
        -1.4959931373596191,
        -1.2811365127563477,
        -1.74216628074646,
        -1.261535406112671,
        -1.351170301437378,
        -2.1631529331207275,
        -1.5139083862304688,
        -1.5745360851287842,
        -0.762291431427002,
        -2.654137372970581,
        -0.78472900390625,
        -0.9079674482345581,
        -1.6206040382385254,
        -1.5064301490783691,
        -1.6105928421020508,
        -1.5995814800262451,
        -1.562636375427246,
        -1.1339759826660156,
        -1.5250563621520996,
        -1.5516786575317383,
        -1.1216397285461426,
        -1.6999695301055908
    ],
    "test_r2_history": [
        -32.992897033691406,
        -28.859113693237305,
        -21.770214080810547,
        -13.679859161376953,
        -8.101881980895996,
        -6.647853374481201,
        -4.704291820526123,
        -3.127908706665039,
        -2.4045307636260986,
        -1.7019131183624268,
        -1.6281068325042725,
        -1.8656926155090332,
        -1.5301599502563477,
        -1.5267291069030762,
        -1.4014320373535156,
        -0.9642491340637207,
        -0.40456831455230713,
        -2.0689985752105713,
        -2.1852171421051025,
        -1.4410133361816406,
        -0.7741529941558838,
        -0.7976778745651245,
        -1.0563068389892578,
        -0.6058571338653564,
        -0.6016596555709839,
        -0.5226647853851318,
        -0.20470046997070312,
        -0.4015369415283203,
        -0.663288950920105,
        -0.5112596750259399,
        -0.24305987358093262,
        -0.025231361389160156,
        -0.19503378868103027,
        -0.7659045457839966,
        -0.6037814617156982,
        -0.46248579025268555,
        -0.4382503032684326,
        0.05921250581741333,
        -0.052373290061950684,
        -0.0834958553314209,
        -0.4173957109451294,
        -0.4452190399169922,
        -0.45399272441864014,
        -0.5638856887817383,
        -0.6540292501449585,
        -0.6601699590682983,
        -0.5351402759552002,
        -0.539992094039917,
        -0.3830726146697998,
        -0.39612317085266113,
        -0.289031982421875,
        -0.37092554569244385,
        -0.49117767810821533,
        -0.3127570152282715,
        -0.16721975803375244,
        -0.2684340476989746,
        -0.38678252696990967
    ],
    "train_loss_history": [
        332.3737436930339,
        244.65884399414062,
        142.78078969319662,
        78.30956946478949,
        42.43792618645562,
        55.112240897284615,
        41.666690826416016,
        33.43222321404351,
        38.74011082119412,
        32.71979416741265,
        28.19184324476454,
        31.668397691514755,
        28.541215048895943,
        34.86670854356554,
        26.441681120130752,
        36.07225651211209,
        36.9074904123942,
        28.08397759331597,
        25.318573315938313,
        39.071617444356285,
        20.149743662940132,
        38.059661547342934,
        22.19813018374973,
        33.79767629835341,
        25.216626167297363,
        26.21054681142171,
        24.826353285047745,
        31.89035966661241,
        30.069764031304253,
        31.79168966081407,
        31.252308527628582,
        30.988805558946396,
        31.02575831943088,
        28.675417476230198,
        33.91435877482096,
        25.689344512091743,
        22.928359349568684,
        28.306600676642525,
        22.390372700161404,
        23.254548602634006,
        31.481583701239693,
        25.237140761481392,
        25.96686289045546,
        17.474497318267822,
        36.275744120279946,
        17.63200314839681,
        18.921717113918728,
        26.180910958184135,
        25.151217460632324,
        26.27282502916124,
        25.88723447587755,
        26.066987620459663,
        21.324997478061253,
        25.36596409479777,
        26.061355696784126,
        21.447802808549667,
        26.833045959472656
    ],
    "test_loss_history": [
        355.59002685546875,
        312.34771728515625,
        238.1927490234375,
        153.5618438720703,
        95.21220397949219,
        80.00202178955078,
        59.67097854614258,
        43.180877685546875,
        35.613826751708984,
        28.263944625854492,
        27.49187469482422,
        29.97719383239746,
        26.467283248901367,
        26.431394577026367,
        25.120697021484375,
        20.547452926635742,
        14.692790031433105,
        32.103919982910156,
        33.31965255737305,
        25.534744262695312,
        18.558908462524414,
        18.804996490478516,
        21.510440826416016,
        16.79841423034668,
        16.754505157470703,
        15.9281644821167,
        12.602028846740723,
        14.661080360412598,
        17.399192810058594,
        15.808857917785645,
        13.0032958984375,
        10.724654197692871,
        12.500910758972168,
        18.472625732421875,
        16.776702880859375,
        15.2986478805542,
        15.045127868652344,
        9.84131145477295,
        11.008578300476074,
        11.334142684936523,
        14.826972961425781,
        15.118026733398438,
        15.20980453491211,
        16.359363555908203,
        17.302330017089844,
        17.366565704345703,
        16.058666229248047,
        16.109420776367188,
        14.467927932739258,
        14.604451179504395,
        13.484197616577148,
        14.340862274169922,
        15.598787307739258,
        13.732378005981445,
        12.209953308105469,
        13.268730163574219,
        14.506739616394043
    ]
}