{
    "num_conv_blocks": 4,
    "initial_channels": 16,
    "dropout_rate": 0.33,
    "learning_rate": 0.0001,
    "best_test_r2": 0.5157434940338135,
    "best_test_loss": 0.49490898847579956,
    "final_train_r2": 0.3384276032447815,
    "train_r2_history": [
        -1.8813910484313965,
        -0.5531069040298462,
        -0.29551637172698975,
        -0.024152755737304688,
        -0.08361351490020752,
        -0.013791084289550781,
        0.08678799867630005,
        0.11806929111480713,
        0.13317936658859253,
        0.12345713376998901,
        0.18056786060333252,
        0.058939993381500244,
        0.055908024311065674,
        0.19724273681640625,
        0.2455204725265503,
        0.003936648368835449,
        0.2625578045845032,
        0.24530935287475586,
        0.21165317296981812,
        0.27282965183258057,
        0.21219807863235474,
        0.239116370677948,
        0.10240387916564941,
        0.1915806531906128,
        0.30515289306640625,
        0.16268813610076904,
        0.22272473573684692,
        0.24661386013031006,
        0.2019100785255432,
        0.24464046955108643,
        0.37771075963974,
        0.26615315675735474,
        0.3368518352508545,
        0.27088379859924316,
        0.37099313735961914,
        0.36717259883880615,
        0.3384276032447815
    ],
    "test_r2_history": [
        -2.0216686725616455,
        -1.6015024185180664,
        -1.0787644386291504,
        -0.6732650995254517,
        -0.5334854125976562,
        -0.33711767196655273,
        -0.17914366722106934,
        -0.14445269107818604,
        -0.029329895973205566,
        -0.07335507869720459,
        -0.07851755619049072,
        0.042311787605285645,
        0.20057964324951172,
        0.14066243171691895,
        0.17086738348007202,
        0.28711211681365967,
        0.3492036461830139,
        0.5157434940338135,
        0.25744253396987915,
        0.2119600772857666,
        0.32608211040496826,
        0.47457367181777954,
        0.1832638382911682,
        0.159864604473114,
        0.17222827672958374,
        0.20144611597061157,
        0.2514113187789917,
        0.33144593238830566,
        0.3394608497619629,
        0.30561167001724243,
        0.2668764591217041,
        0.3481617569923401,
        0.2839099168777466,
        0.36784112453460693,
        0.3504287600517273,
        0.38399970531463623,
        0.4274759888648987
    ],
    "train_loss_history": [
        2.9702014989323087,
        1.6001037293010287,
        1.33206135696835,
        1.0558244519763522,
        1.1229442026880052,
        1.046590444114473,
        0.9602338208092583,
        0.9070812629328834,
        0.9083671006891463,
        0.9125899838076698,
        0.8465018139945136,
        0.9716833498742845,
        0.9639690700504515,
        0.8340319328837924,
        0.7875625623597039,
        1.0556290795405705,
        0.7665743430455526,
        0.7835293644004397,
        0.8068581322828928,
        0.7590527882178625,
        0.8218178285492791,
        0.7958572755257288,
        0.9370013682378663,
        0.8500174118412865,
        0.7303203559584088,
        0.8666995002163781,
        0.8029168546199799,
        0.7902238981591331,
        0.8280733591980405,
        0.7932355784707599,
        0.6481263240178426,
        0.7643563052018484,
        0.7009667820400662,
        0.7625925342241923,
        0.6608427382177777,
        0.6602753069665697,
        0.7001081970002916
    ],
    "test_loss_history": [
        3.0881383419036865,
        2.658729314804077,
        2.1244924068450928,
        1.7100729942321777,
        1.5672184228897095,
        1.3665310144424438,
        1.2050821781158447,
        1.1696280241012573,
        1.0519726276397705,
        1.0969663858413696,
        1.1022424697875977,
        0.9787551164627075,
        0.8170056939125061,
        0.8782408833503723,
        0.8473715782165527,
        0.7285698056221008,
        0.6651123762130737,
        0.49490898847579956,
        0.7588919997215271,
        0.8053749203681946,
        0.6887425184249878,
        0.5369844436645508,
        0.8347024321556091,
        0.8586165308952332,
        0.8459806442260742,
        0.8161201477050781,
        0.7650558352470398,
        0.6832606792449951,
        0.6750693917274475,
        0.7096632122993469,
        0.7492504119873047,
        0.6661771535873413,
        0.7318423986434937,
        0.6460648775100708,
        0.6638602614402771,
        0.6295508742332458,
        0.585118293762207
    ]
}