{
    "num_conv_blocks": 4,
    "initial_channels": 16,
    "dropout_rate": 0.33,
    "learning_rate": 0.001,
    "best_test_r2": 0.4792032837867737,
    "best_test_loss": 175.5010986328125,
    "final_train_r2": 0.35789918899536133,
    "train_r2_history": [
        -2.088754653930664,
        -0.2009192705154419,
        -0.5543088912963867,
        -0.27534353733062744,
        -0.2976309061050415,
        -0.0578383207321167,
        -0.035389065742492676,
        -0.10788750648498535,
        -0.03508651256561279,
        0.11116659641265869,
        -0.08625078201293945,
        -0.14168131351470947,
        0.0014830231666564941,
        0.05214124917984009,
        -0.04501938819885254,
        0.03872734308242798,
        0.030227839946746826,
        -0.1005563735961914,
        0.14983099699020386,
        0.0611996054649353,
        0.11459857225418091,
        0.10838425159454346,
        0.13909095525741577,
        -0.0004533529281616211,
        0.23267287015914917,
        0.1494271159172058,
        0.17979788780212402,
        0.10806280374526978,
        0.16267311573028564,
        0.08873176574707031,
        0.09316521883010864,
        0.26805663108825684,
        0.3496112823486328,
        0.03232961893081665,
        0.3057568073272705,
        0.3723505139350891,
        0.2937992215156555,
        0.26158809661865234,
        0.300575315952301,
        0.44928592443466187,
        0.18056493997573853,
        0.2683408856391907,
        0.4599652886390686,
        0.41511809825897217,
        0.3481072187423706,
        0.37027037143707275,
        0.41708922386169434,
        0.4380064010620117,
        0.4250601530075073,
        0.3534448742866516,
        0.35789918899536133
    ],
    "test_r2_history": [
        -3.1059036254882812,
        -1.4219164848327637,
        -1.2196333408355713,
        0.0689651370048523,
        -0.07712197303771973,
        0.10380256175994873,
        -0.18586492538452148,
        0.07901853322982788,
        0.1285504698753357,
        0.10766494274139404,
        0.16550838947296143,
        -0.17461097240447998,
        0.14769601821899414,
        0.2106730341911316,
        0.11990100145339966,
        -0.07837331295013428,
        0.0930522084236145,
        0.09152615070343018,
        -0.2345970869064331,
        -0.08405256271362305,
        0.03650975227355957,
        0.23796015977859497,
        0.13499021530151367,
        0.22490322589874268,
        0.16450899839401245,
        0.0986706018447876,
        0.22774803638458252,
        0.313889741897583,
        0.37141263484954834,
        0.3823426365852356,
        0.41293877363204956,
        0.4792032837867737,
        0.2883889079093933,
        0.27325236797332764,
        0.33103907108306885,
        0.36210089921951294,
        0.42345017194747925,
        0.3819688558578491,
        0.3054746389389038,
        0.35168880224227905,
        0.42217880487442017,
        0.39096808433532715,
        0.4309493899345398,
        0.38189220428466797,
        0.3760921359062195,
        0.38450849056243896,
        0.3505708575248718,
        0.28248322010040283,
        0.21373414993286133,
        0.34449881315231323,
        0.3059106469154358
    ],
    "train_loss_history": [
        1061.236063639323,
        426.2369554307726,
        536.0650634765625,
        444.30589803059894,
        448.72076416015625,
        363.19489034016925,
        359.3304036458333,
        383.34315999348956,
        356.0594414605035,
        311.2950727674696,
        376.2313418918186,
        394.10804070366754,
        345.3614976671007,
        323.56452094184027,
        361.9598168267144,
        334.6358930799696,
        341.74188910590277,
        381.787836710612,
        295.8277604844835,
        325.56608412000867,
        306.70500013563367,
        308.3416273328993,
        300.57157558865015,
        352.24967617458765,
        266.31502448187933,
        295.85946061876086,
        283.67884318033856,
        309.92323811848956,
        288.3338640001085,
        315.83984375,
        315.1139780680339,
        256.75351376003687,
        225.45558759901257,
        333.65899064805774,
        242.93150160047742,
        217.5278032090929,
        252.57991706000433,
        264.4687093098958,
        241.15809292263455,
        192.7792239718967,
        285.55374823676215,
        256.4163356357151,
        188.0706498887804,
        204.43843248155383,
        227.48370700412326,
        220.63619656032986,
        202.72844696044922,
        193.4196531507704,
        201.77740308973523,
        224.13660346137152,
        220.44701470269098
    ],
    "test_loss_history": [
        1383.631103515625,
        816.1514892578125,
        747.9849243164062,
        313.7455139160156,
        362.97479248046875,
        302.00579833984375,
        399.61962890625,
        310.357666015625,
        293.6661071777344,
        300.7042541503906,
        281.2117919921875,
        395.82720947265625,
        287.2143249511719,
        265.9919738769531,
        296.58087158203125,
        363.396484375,
        305.6285095214844,
        306.1427917480469,
        416.041748046875,
        365.31036376953125,
        324.68255615234375,
        256.7966003417969,
        291.4960021972656,
        261.19659423828125,
        281.5486145019531,
        303.73516845703125,
        260.2379455566406,
        231.20941162109375,
        211.8250274658203,
        208.14173889160156,
        197.831298828125,
        175.5010986328125,
        239.80282592773438,
        244.90365600585938,
        225.4303436279297,
        214.9629364013672,
        194.2891082763672,
        208.26771545410156,
        234.045166015625,
        218.4716796875,
        194.71755981445312,
        205.23509216308594,
        191.761962890625,
        208.29354858398438,
        210.2480926513672,
        207.41189575195312,
        218.84837341308594,
        241.79296875,
        264.9604797363281,
        220.8945770263672,
        233.8982696533203
    ]
}