{
    "num_conv_blocks": 3,
    "initial_channels": 16,
    "dropout_rate": 0.33,
    "learning_rate": 0.001,
    "best_test_r2": 0.5944545269012451,
    "best_test_loss": 22.86248779296875,
    "final_train_r2": 0.6415857672691345,
    "train_r2_history": [
        -0.18880939483642578,
        -0.04221236705780029,
        0.03593558073043823,
        -0.09148204326629639,
        0.0072896480560302734,
        0.24707800149917603,
        0.05572479963302612,
        0.1814863085746765,
        0.29744911193847656,
        0.11825424432754517,
        0.18729561567306519,
        0.28599488735198975,
        0.21138125658035278,
        0.25274658203125,
        0.06218421459197998,
        0.33811432123184204,
        0.25931626558303833,
        0.2013978362083435,
        0.12478125095367432,
        0.2450500726699829,
        0.2727664113044739,
        0.02866041660308838,
        0.28217262029647827,
        0.22246766090393066,
        0.3333645462989807,
        0.4930204153060913,
        0.31838470697402954,
        0.24099195003509521,
        0.33225321769714355,
        0.48629438877105713,
        0.34697359800338745,
        0.4952913522720337,
        0.5128120183944702,
        0.3680514693260193,
        0.42054712772369385,
        0.24945217370986938,
        0.17859405279159546,
        0.3936384916305542,
        0.3720717430114746,
        0.4716789722442627,
        0.42098814249038696,
        0.2827252149581909,
        0.48511117696762085,
        0.38944387435913086,
        0.3915439248085022,
        0.5094096660614014,
        0.5551239252090454,
        0.4078674912452698,
        0.478568434715271,
        0.47220736742019653,
        0.3655567765235901,
        0.6044197082519531,
        0.47915947437286377,
        0.47851407527923584,
        0.5352170467376709,
        0.3889184594154358,
        0.44849395751953125,
        0.35478097200393677,
        0.5813719630241394,
        0.4873138666152954,
        0.6068699359893799,
        0.535805881023407,
        0.5759867429733276,
        0.5567185878753662,
        0.40904808044433594,
        0.66032874584198,
        0.6458593606948853,
        0.4437999725341797,
        0.48719877004623413,
        0.5396892428398132,
        0.5235835313796997,
        0.536801815032959,
        0.49558454751968384,
        0.4623199701309204,
        0.4202115535736084,
        0.6415857672691345
    ],
    "test_r2_history": [
        -0.3842064142227173,
        -0.2481478452682495,
        -0.0961529016494751,
        -0.0729445219039917,
        0.12299948930740356,
        0.28609609603881836,
        0.2906442880630493,
        0.32498806715011597,
        0.16640400886535645,
        0.33473020792007446,
        0.38283848762512207,
        0.33014047145843506,
        0.12981736660003662,
        0.3215058445930481,
        0.4224342703819275,
        0.5011910200119019,
        0.3615979552268982,
        0.07227396965026855,
        0.2945215702056885,
        0.4170966148376465,
        0.2676183581352234,
        0.36273807287216187,
        0.35167568922042847,
        0.4752899408340454,
        0.5148908495903015,
        0.44571512937545776,
        0.49388062953948975,
        0.4844140410423279,
        0.3038725256919861,
        0.22980111837387085,
        0.4624876379966736,
        0.4801204800605774,
        0.4429531693458557,
        0.4770194888114929,
        0.5787299871444702,
        0.5058708190917969,
        0.3703402876853943,
        0.43155378103256226,
        0.49018627405166626,
        0.44654160737991333,
        0.4198196530342102,
        0.4234499931335449,
        0.5045744776725769,
        0.5441529154777527,
        0.42295533418655396,
        0.4211340546607971,
        0.5108840465545654,
        0.49008458852767944,
        0.5086181163787842,
        0.5301158428192139,
        0.5612026453018188,
        0.5916900038719177,
        0.5509282350540161,
        0.5293769836425781,
        0.5094092488288879,
        0.5120400190353394,
        0.5944545269012451,
        0.5623401403427124,
        0.5055299401283264,
        0.5428338646888733,
        0.5430344343185425,
        0.5606600046157837,
        0.5475002527236938,
        0.5456617474555969,
        0.5332169532775879,
        0.5571877956390381,
        0.5530043840408325,
        0.5241187810897827,
        0.48907214403152466,
        0.5186060667037964,
        0.5372614860534668,
        0.5317419767379761,
        0.5493085384368896,
        0.5438991189002991,
        0.4986230134963989,
        0.48264002799987793
    ],
    "train_loss_history": [
        36.03193971845839,
        31.935042275322807,
        29.354166560702854,
        33.05909930335151,
        30.24413267771403,
        22.860762066311306,
        28.61409838994344,
        25.119673622979057,
        21.44689687093099,
        26.737427711486816,
        24.781049092610676,
        21.977781613667805,
        24.311558299594456,
        22.839152759975857,
        28.32381746504042,
        20.19980165693495,
        22.59279653761122,
        24.504204008314346,
        26.585408528645832,
        22.997984250386555,
        22.145781834920246,
        29.750385284423828,
        21.69614685906304,
        23.557118733723957,
        20.35441321796841,
        15.51145437028673,
        20.697252803378635,
        22.893800973892212,
        20.354909155103897,
        15.618896192974514,
        19.752662976582844,
        15.34546168645223,
        14.828824943966335,
        19.106783284081352,
        17.648218976126778,
        23.024075402153862,
        25.128026644388836,
        18.289352734883625,
        19.425336625840927,
        15.939477443695068,
        17.608630074395073,
        21.634116649627686,
        15.605712519751656,
        18.538488970862495,
        18.7907649146186,
        15.196177429623074,
        13.659766144222683,
        18.00373389985826,
        15.870317671034071,
        15.988209247589111,
        19.37367555830214,
        12.111406577958,
        15.96939786275228,
        15.757702165179783,
        14.061429580052694,
        18.765307956271702,
        16.61588258213467,
        19.54122543334961,
        12.790615929497612,
        15.514624118804932,
        12.174597846137154,
        14.061121622721354,
        12.835907008912828,
        13.772951973809135,
        18.11193741692437,
        10.31114027235243,
        10.77260873052809,
        16.91027906205919,
        15.577506330278185,
        13.86222611533271,
        14.465372191535103,
        14.269532601038614,
        15.25121193461948,
        16.506098376380073,
        17.518138117260403,
        10.889802349938286
    ],