{
    "num_conv_blocks": 4,
    "initial_channels": 64,
    "dropout_rate": 0.33,
    "learning_rate": 0.001,
    "best_test_r2": 0.4924076199531555,
    "best_test_loss": 28.615341186523438,
    "final_train_r2": 0.6198019981384277,
    "train_r2_history": [
        -0.14662694931030273,
        -0.09257674217224121,
        -0.10491883754730225,
        0.038614630699157715,
        0.07687067985534668,
        0.2023431658744812,
        0.3645215630531311,
        0.180863618850708,
        0.30304014682769775,
        0.2296505570411682,
        0.11201345920562744,
        0.12878984212875366,
        0.2794188857078552,
        0.24120670557022095,
        0.23881417512893677,
        0.2005355954170227,
        0.2008059024810791,
        0.09549790620803833,
        0.20293819904327393,
        0.34705686569213867,
        0.3145506978034973,
        0.35371309518814087,
        0.224176824092865,
        0.2925739884376526,
        0.309398889541626,
        0.4084774851799011,
        0.16303086280822754,
        0.38919150829315186,
        0.4030817151069641,
        0.3924095034599304,
        0.5290430188179016,
        0.5809544324874878,
        0.5075584053993225,
        0.5214910507202148,
        0.6037266254425049,
        0.5002208948135376,
        0.3681412935256958,
        0.6056348085403442,
        0.5821777582168579,
        0.588090181350708,
        0.4274049401283264,
        0.6380480527877808,
        0.6186732053756714,
        0.583136260509491,
        0.5501540899276733,
        0.5908302068710327,
        0.3638880252838135,
        0.7101892828941345,
        0.5449739694595337,
        0.6652937531471252,
        0.5426561236381531,
        0.6430470943450928,
        0.652867317199707,
        0.5965567827224731,
        0.530511736869812,
        0.6198019981384277
    ],
    "test_r2_history": [
        -0.2641632556915283,
        -0.0352022647857666,
        0.15319663286209106,
        0.3154618740081787,
        0.3436853885650635,
        0.37390774488449097,
        -0.007553219795227051,
        0.41895753145217896,
        0.09203451871871948,
        0.3690608739852905,
        0.11172032356262207,
        0.29813170433044434,
        0.404352068901062,
        0.21888935565948486,
        0.14062637090682983,
        0.2262347936630249,
        0.13304275274276733,
        0.18359822034835815,
        0.16509616374969482,
        0.2799105644226074,
        0.45780736207962036,
        0.3240101933479309,
        0.26679885387420654,
        0.3951982855796814,
        0.45826947689056396,
        0.3997836112976074,
        0.11754715442657471,
        0.2731582522392273,
        0.4110727310180664,
        0.23917114734649658,
        0.20207256078720093,
        0.28417283296585083,
        0.4049943685531616,
        0.41113758087158203,
        0.24883800745010376,
        0.432653546333313,
        0.4924076199531555,
        0.43187063932418823,
        0.2955024242401123,
        0.2437259554862976,
        0.274405300617218,
        0.4152417778968811,
        0.4287775158882141,
        0.4234771132469177,
        0.40203213691711426,
        0.40416204929351807,
        0.43091607093811035,
        0.4288784861564636,
        0.39926648139953613,
        0.4064883589744568,
        0.37813836336135864,
        0.38734257221221924,
        0.40648311376571655,
        0.44566071033477783,
        0.44204533100128174,
        0.44964420795440674
    ],
    "train_loss_history": [
        34.6530893113878,
        33.448406272464325,
        33.6142946879069,
        29.263683954874676,
        28.42602327134874,
        24.363970438639324,
        19.179330799314712,
        24.90972963968913,
        21.05648061964247,
        24.04882886674669,
        27.076749483744305,
        26.963155852423775,
        21.80705451965332,
        22.944360944959854,
        23.19999059041341,
        24.56246715121799,
        24.436192830403645,
        27.828683959113228,
        24.17468653784858,
        19.870294676886665,
        20.691214084625244,
        19.640529950459797,
        23.685843149820965,
        21.483149104648167,
        20.89071888393826,
        18.375658141242134,
        25.418894449869793,
        18.529860337575276,
        18.069590197669136,
        18.47581895192464,
        14.366090774536133,
        12.972452508078682,
        14.930479049682617,
        14.687668588426378,
        11.99715158674452,
        15.096747318903605,
        19.31933111614651,
        12.05842638015747,
        12.723597950405544,
        12.581284523010254,
        17.624307738410103,
        11.184478494856092,
        11.5679579310947,
        12.758212195502388,
        13.604944070180258,
        12.466655254364014,
        19.33488024605645,
        8.893400324715508,
        13.948032008277046,
        10.195752090877956,
        13.81280748049418,
        10.845885727140638,
        10.496671809090508,
        12.216906627019247,
        14.387991481357151,
        11.632993751102024
    ],
    "test_loss_history": [
        71.26676177978516,
        58.35917282104492,
        47.738250732421875,
        38.590606689453125,
        36.99951171875,
        35.29573440551758,
        56.80047607421875,
        32.756072998046875,
        51.18623733520508,
        35.568973541259766,
        50.07646179199219,
        39.56758499145508,
        33.57944869995117,
        44.034847259521484,
        48.4468994140625,
        43.620750427246094,
        48.874420166015625,
        46.02436447143555,
        47.06741714477539,
        40.594791412353516,
        30.5659236907959,
        38.10869216918945,
        41.33396530151367,
        34.095489501953125,
        30.539873123168945,
        33.83699417114258,
        49.747982025146484,
        40.9754524230957,
        33.20057678222656,
        42.89146423339844,
        44.98288345336914,
        40.35451126098633,
        33.543235778808594,
        33.19691848754883,
        42.34649658203125,
        31.983959197998047,
        28.615341186523438,
        32.028099060058594,
        39.71581268310547,
        42.63468933105469,
        40.905155181884766,
        32.965545654296875,
        32.20246887207031,
        32.50128173828125,
        33.710235595703125,
        33.59016418457031,
        32.08191680908203,
        32.19677734375,
        33.86614227294922,
        33.459014892578125,
        35.0572395324707,
        34.53834915161133,
        33.45930862426758,
        31.250686645507812,
        31.45450210571289,
        31.02611541748047
    ]
}