{
    "num_conv_blocks": 3,
    "initial_channels": 64,
    "dropout_rate": 0.33,
    "learning_rate": 0.0001,
    "best_test_r2": 0.7964663505554199,
    "best_test_loss": 0.20801089704036713,
    "final_train_r2": 0.6694267988204956,
    "train_r2_history": [
        -0.696921706199646,
        0.03706347942352295,
        0.16742068529129028,
        -0.1373196840286255,
        0.2805519104003906,
        0.18201833963394165,
        0.23295390605926514,
        0.2642757296562195,
        0.3820618987083435,
        0.2312275767326355,
        0.1508476734161377,
        0.40586578845977783,
        0.19394218921661377,
        0.26125937700271606,
        0.2060721516609192,
        0.3855744004249573,
        0.39084017276763916,
        0.2600312829017639,
        0.4761035442352295,
        0.41323190927505493,
        0.36888808012008667,
        0.433668315410614,
        0.521743655204773,
        0.3793017268180847,
        0.43617719411849976,
        0.17020732164382935,
        0.3452322483062744,
        0.3694778084754944,
        0.5921989679336548,
        0.6019463539123535,
        0.5620790719985962,
        0.5701909065246582,
        0.591092586517334,
        0.4988684058189392,
        0.4929553270339966,
        0.5490685701370239,
        0.5629807710647583,
        0.44469398260116577,
        0.6398858428001404,
        0.6444499492645264,
        0.6694267988204956
    ],
    "test_r2_history": [
        -1.4372279644012451,
        -0.8445608615875244,
        -0.6461093425750732,
        -0.4247959852218628,
        0.20814204216003418,
        0.12972331047058105,
        0.24683630466461182,
        0.41443830728530884,
        0.5259420871734619,
        0.6149430274963379,
        0.5556023120880127,
        0.6204295754432678,
        0.4462575912475586,
        0.7913869023323059,
        0.7415502071380615,
        0.7824443578720093,
        0.6919506788253784,
        0.579200029373169,
        0.7025257349014282,
        0.6485518217086792,
        0.7306179404258728,
        0.7964663505554199,
        0.6940933465957642,
        0.7112789750099182,
        0.48294657468795776,
        0.4948996901512146,
        0.7115412354469299,
        0.7547276616096497,
        0.7624276876449585,
        0.7223317623138428,
        0.7512025833129883,
        0.7567224502563477,
        0.79002445936203,
        0.7839764952659607,
        0.7603533864021301,
        0.7770814895629883,
        0.7516576647758484,
        0.7270190715789795,
        0.7395970225334167,
        0.691210925579071,
        0.668142557144165
    ],
    "train_loss_history": [
        1.7320423556698694,
        0.9889015224244859,
        0.8638752632670932,
        1.1871558676163356,
        0.7418918841414981,
        0.8510485092798868,
        0.7940420160690943,
        0.7702602048714956,
        0.6345441606309679,
        0.8148542907502916,
        0.876440187295278,
        0.6229881876044803,
        0.8329436199532615,
        0.7730715506606631,
        0.8239164286189609,
        0.6437379767497381,
        0.6342590418126848,
        0.777225168214904,
        0.5524097523755498,
        0.6171524756484561,
        0.6544712450769212,
        0.5780841641955905,
        0.49743402087026173,
        0.64097185101774,
        0.5871972110536363,
        0.8603881564405229,
        0.6729484755131934,
        0.6510475592480766,
        0.42932578093475765,
        0.4130152579810884,
        0.45841269857353634,
        0.4425730382402738,
        0.41716201768981087,
        0.5296673642264472,
        0.5246244370937347,
        0.4673507312933604,
        0.4561840800775422,
        0.564991289542781,
        0.3647993918922212,
        0.37161114977465737,
        0.34683527135186726
    ],
    "test_loss_history": [
        2.4908413887023926,
        1.8851369619369507,
        1.68231999874115,
        1.4561381340026855,
        0.8092769384384155,
        0.8894206881523132,
        0.7697316408157349,
        0.5984426736831665,
        0.48448607325553894,
        0.3935272693634033,
        0.45417335629463196,
        0.3879200518131256,
        0.5659234523773193,
        0.2132020890712738,
        0.26413506269454956,
        0.22234132885932922,
        0.3148256838321686,
        0.4300565719604492,
        0.30401796102523804,
        0.35917916893959045,
        0.275307834148407,
        0.20801089704036713,
        0.3126358985900879,
        0.29507216811180115,
        0.5284274220466614,
        0.5162113308906555,
        0.2948041558265686,
        0.2506677508354187,
        0.2427983283996582,
        0.28377628326416016,
        0.25427040457725525,
        0.24862909317016602,
        0.2145944982767105,
        0.2207755297422409,
        0.24491827189922333,
        0.2278221845626831,
        0.2538052797317505,
        0.278985857963562,
        0.2661312520503998,
        0.31558170914649963,
        0.33915749192237854
    ]
}