{
    "num_conv_blocks": 4,
    "initial_channels": 64,
    "dropout_rate": 0.33,
    "learning_rate": 0.0001,
    "best_test_r2": 0.7580554485321045,
    "best_test_loss": 13.639540672302246,
    "final_train_r2": 0.7476051449775696,
    "train_r2_history": [
        -0.23546385765075684,
        -0.046801090240478516,
        0.005716562271118164,
        0.14026659727096558,
        0.238616943359375,
        0.25253939628601074,
        0.405084490776062,
        0.2532418370246887,
        0.31340163946151733,
        0.42155230045318604,
        0.3949519395828247,
        0.4504389762878418,
        0.419944703578949,
        0.5603652596473694,
        0.43559110164642334,
        0.4880257844924927,
        0.3772479295730591,
        0.47144728899002075,
        0.5481719970703125,
        0.5462151765823364,
        0.4496645927429199,
        0.5698167085647583,
        0.5601665377616882,
        0.6870619654655457,
        0.5239222645759583,
        0.6590961217880249,
        0.5490542054176331,
        0.5874673128128052,
        0.6557009220123291,
        0.6115330457687378,
        0.6481781005859375,
        0.6474082469940186,
        0.6608603000640869,
        0.7476051449775696
    ],
    "test_r2_history": [
        -0.3515685796737671,
        -0.18452537059783936,
        -0.03786015510559082,
        0.09506195783615112,
        0.398560106754303,
        0.5669622421264648,
        0.5765137672424316,
        0.5729577541351318,
        0.5261334776878357,
        0.6309102177619934,
        0.599341869354248,
        0.28503334522247314,
        0.6774402856826782,
        0.7240886092185974,
        0.7580554485321045,
        0.7037767171859741,
        0.6811726093292236,
        0.605711042881012,
        0.2795419692993164,
        0.5117892026901245,
        0.584338903427124,
        0.6413781642913818,
        0.6851378679275513,
        0.6704312562942505,
        0.6308832168579102,
        0.6704660654067993,
        0.6521003842353821,
        0.6167342662811279,
        0.6396686434745789,
        0.5978317260742188,
        0.5991054773330688,
        0.5951790809631348,
        0.571657121181488,
        0.5742640495300293
    ],
    "train_loss_history": [
        37.49742200639513,
        31.86572551727295,
        30.360402637057835,
        26.16315597958035,
        23.24869049919976,
        22.749060736762154,
        18.167134073045517,
        23.061084429423016,
        21.34794415367974,
        17.886042435963947,
        18.409247610304092,
        16.546558684772915,
        17.853617005878025,
        13.670125166575113,
        17.377532323201496,
        15.529397964477539,
        19.700804074605305,
        15.976822270287407,
        13.59797293610043,
        13.774669223361546,
        17.0226927863227,
        13.035081545511881,
        13.660170237223307,
        9.451030201382107,
        14.577920542822945,
        10.439148055182564,
        13.69876926475101,
        12.468608909183079,
        10.427683777279324,
        11.964948813120523,
        10.613863468170166,
        10.64803828133477,
        10.38869735929701,
        7.72314359082116
    ],
    "test_loss_history": [
        76.1942138671875,
        66.77720642089844,
        58.50901412963867,
        51.01556396484375,
        33.90597152709961,
        24.412357330322266,
        23.87389373779297,
        24.07436180114746,
        26.714059829711914,
        20.807310104370117,
        22.58696174621582,
        40.305999755859375,
        18.184192657470703,
        15.554410934448242,
        13.639540672302246,
        16.69948387145996,
        17.973785400390625,
        22.2279052734375,
        40.615577697753906,
        27.522716522216797,
        23.432750701904297,
        20.21718406677246,
        17.750242233276367,
        18.57932472229004,
        20.8088321685791,
        18.577362060546875,
        19.612722396850586,
        21.606475830078125,
        20.313556671142578,
        22.67209815979004,
        22.600292205810547,
        22.821640014648438,
        24.14768409729004,
        24.000722885131836
    ]
}