{
    "num_conv_blocks": 2,
    "initial_channels": 32,
    "dropout_rate": 0.33,
    "learning_rate": 0.0001,
    "best_test_r2": 0.6712606549263,
    "best_test_loss": 18.532567977905273,
    "final_train_r2": 0.6284449696540833,
    "train_r2_history": [
        -0.1930696964263916,
        -0.057788848876953125,
        0.04926621913909912,
        0.201249361038208,
        0.25007379055023193,
        0.29137611389160156,
        0.2964951992034912,
        0.40961503982543945,
        0.5393784642219543,
        0.39042848348617554,
        0.4569690227508545,
        0.4554169774055481,
        0.3441151976585388,
        0.4973563551902771,
        0.3768625259399414,
        0.5668445825576782,
        0.47958409786224365,
        0.5270459651947021,
        0.5942800045013428,
        0.5080088376998901,
        0.5556262731552124,
        0.4985769987106323,
        0.4981312155723572,
        0.49220091104507446,
        0.5156774520874023,
        0.6591076850891113,
        0.5243618488311768,
        0.6189424395561218,
        0.6129320859909058,
        0.6284449696540833
    ],
    "test_r2_history": [
        -0.3696024417877197,
        -0.31414544582366943,
        -0.26134657859802246,
        -0.16290616989135742,
        0.027949631214141846,
        0.12580865621566772,
        0.3927463889122009,
        0.44011837244033813,
        0.3224700093269348,
        0.5724772810935974,
        0.6712606549263,
        0.2601313591003418,
        0.45366400480270386,
        0.5955165028572083,
        0.5007539391517639,
        0.4189871549606323,
        0.45277631282806396,
        0.49617505073547363,
        0.6347494721412659,
        0.6537306308746338,
        0.5571279525756836,
        0.4793494939804077,
        0.5208002328872681,
        0.5903654098510742,
        0.48406916856765747,
        0.4816579818725586,
        0.50565505027771,
        0.5487305521965027,
        0.49569398164749146,
        0.5373855829238892
    ],
    "train_loss_history": [
        36.25750891367594,
        32.14188554551866,
        28.801626523335774,
        24.223917749192978,
        22.963851398891872,
        21.623376210530598,
        21.456083721584744,
        18.026478078630234,
        14.047659450107151,
        18.68256293402778,
        16.44775957531399,
        16.618583308325874,
        19.877773178948296,
        15.593338860405815,
        18.97995122273763,
        13.215436882442898,
        15.902029752731323,
        14.586803171369764,
        12.306480195787218,
        15.120230356852213,
        13.819876617855495,
        15.355296876695421,
        15.289654837714302,
        15.47033002641466,
        14.8655121061537,
        10.43685089217292,
        14.450726456112331,
        11.579554186926948,
        11.814246932665506,
        11.389409939448038
    ],
    "test_loss_history": [
        77.21087646484375,
        74.0844955444336,
        71.10797119140625,
        65.55844116210938,
        54.79901123046875,
        49.28223419189453,
        34.23371505737305,
        31.563133239746094,
        38.195518493652344,
        24.101449966430664,
        18.532567977905273,
        41.7098388671875,
        30.79950523376465,
        22.80261993408203,
        28.144826889038086,
        32.75440216064453,
        30.849552154541016,
        28.4029598236084,
        20.590871810913086,
        19.52081298828125,
        24.966758728027344,
        29.351491928100586,
        27.014720916748047,
        23.0930118560791,
        29.08542251586914,
        29.22135353088379,
        27.868528366088867,
        25.440160751342773,
        28.43008041381836,
        26.079729080200195
    ]
}