{
    "num_conv_blocks": 2,
    "initial_channels": 32,
    "dropout_rate": 0.33,
    "learning_rate": 0.0001,
    "best_test_r2": 0.7035210728645325,
    "best_test_loss": 0.3030007481575012,
    "final_train_r2": 0.4352172017097473,
    "train_r2_history": [
        -1.02532958984375,
        -0.01164233684539795,
        -0.22836601734161377,
        -0.007775306701660156,
        0.23208993673324585,
        0.19425612688064575,
        0.023238420486450195,
        0.19916462898254395,
        0.24200183153152466,
        0.10553872585296631,
        0.19287389516830444,
        0.34988248348236084,
        0.3210640549659729,
        0.3879356384277344,
        0.33639973402023315,
        0.3159380555152893,
        0.24232244491577148,
        0.3345470428466797,
        0.30649101734161377,
        0.4606366753578186,
        0.4975508451461792,
        0.3644253611564636,
        0.34514015913009644,
        0.3246302604675293,
        0.33053016662597656,
        0.31426477432250977,
        0.2984415888786316,
        0.5517220497131348,
        0.41796451807022095,
        0.1378636360168457,
        0.4352172017097473
    ],
    "test_r2_history": [
        -1.3478102684020996,
        -1.0027360916137695,
        -0.673656702041626,
        -0.5546746253967285,
        -0.2789950370788574,
        -0.2579169273376465,
        -0.07599902153015137,
        0.29201453924179077,
        0.4022746682167053,
        0.3883744478225708,
        0.17719608545303345,
        0.7035210728645325,
        0.6907134056091309,
        0.650454044342041,
        0.5281873941421509,
        0.6116318106651306,
        0.6259117126464844,
        0.33982402086257935,
        0.42868292331695557,
        0.6005797982215881,
        0.6421470642089844,
        0.519350528717041,
        0.5313034057617188,
        0.5018240809440613,
        0.4285522699356079,
        0.46937596797943115,
        0.538973331451416,
        0.5630089044570923,
        0.607313871383667,
        0.5947064161300659,
        0.5468239784240723
    ],
    "train_loss_history": [
        2.0617916584014893,
        1.0531426005893283,
        1.2635042005115085,
        1.041756980948978,
        0.802638601925638,
        0.8268263075086806,
        1.0247354209423065,
        0.8337200731039047,
        0.7759425640106201,
        0.9224157482385635,
        0.8289456450276904,
        0.6841447585158877,
        0.7019827465216318,
        0.6312083204587301,
        0.7020628932449553,
        0.7022980882061852,
        0.7841528157393137,
        0.6908943504095078,
        0.7243849784135818,
        0.5642912983894348,
        0.5183065649535921,
        0.6566248039404551,
        0.6780921775433753,
        0.6982758210764991,
        0.6903445853127373,
        0.7136432296699948,
        0.7413565102550719,
        0.4650899296005567,
        0.5974078757895364,
        0.8888019447525343,
        0.5794876681433784
    ],
    "test_loss_history": [
        2.39945650100708,
        2.0467913150787354,
        1.7104731798171997,
        1.5888739824295044,
        1.3071298599243164,
        1.285588026046753,
        1.0996685028076172,
        0.7235594987869263,
        0.6108738780021667,
        0.625079870223999,
        0.840903639793396,
        0.3030007481575012,
        0.3160901963710785,
        0.3572351038455963,
        0.48219141364097595,
        0.3969113826751709,
        0.3823173940181732,
        0.6746983528137207,
        0.5838847160339355,
        0.4082065224647522,
        0.3657248914241791,
        0.49122264981269836,
        0.4790068566799164,
        0.5091345906257629,
        0.5840182304382324,
        0.5422965288162231,
        0.47116819024086,
        0.44660377502441406,
        0.4013243317604065,
        0.41420912742614746,
        0.46314483880996704
    ]
}