{
    "num_conv_blocks": 2,
    "initial_channels": 16,
    "dropout_rate": 0.33,
    "learning_rate": 0.0001,
    "best_test_r2": -0.07610428333282471,
    "best_test_loss": 4.236881256103516,
    "final_train_r2": -0.02292346954345703,
    "train_r2_history": [
        -1.9135770797729492,
        -0.7085713148117065,
        -0.3602452278137207,
        -0.22972917556762695,
        0.012375950813293457,
        -0.21301627159118652,
        -0.18561792373657227,
        -0.5962729454040527,
        -0.33086204528808594,
        -0.2996366024017334,
        -0.22597253322601318,
        -0.07765698432922363,
        -0.2240159511566162,
        0.042520999908447266,
        0.14605796337127686,
        -0.09588885307312012,
        -0.18938326835632324,
        -0.024819016456604004,
        -0.2450852394104004,
        0.011832714080810547,
        0.08705359697341919,
        -0.10301315784454346,
        0.09099066257476807,
        0.15724444389343262,
        0.03520071506500244,
        0.031605541706085205,
        0.1668154001235962,
        0.12595278024673462,
        0.03706914186477661,
        -0.029031753540039062,
        -0.07368743419647217,
        -0.13129973411560059,
        0.08491504192352295,
        -0.02292346954345703
    ],
    "test_r2_history": [
        -1.377777338027954,
        -1.0128185749053955,
        -0.8442846536636353,
        -0.7023336887359619,
        -0.5379500389099121,
        -0.4962310791015625,
        -0.5178006887435913,
        -0.45906829833984375,
        -0.3369499444961548,
        -0.24207377433776855,
        -0.17981255054473877,
        -0.11883401870727539,
        -0.0865931510925293,
        -0.09034585952758789,
        -0.07610428333282471,
        -0.0893019437789917,
        -0.1956169605255127,
        -0.2375626564025879,
        -0.2856290340423584,
        -0.2458348274230957,
        -0.1636974811553955,
        -0.16697180271148682,
        -0.18642568588256836,
        -0.18410539627075195,
        -0.22402584552764893,
        -0.22937345504760742,
        -0.2362062931060791,
        -0.2401137351989746,
        -0.22437691688537598,
        -0.20612239837646484,
        -0.1927649974822998,
        -0.16931414604187012,
        -0.18385207653045654,
        -0.2054351568222046
    ],
    "train_loss_history": [
        4.24004686375459,
        2.6159406105677285,
        1.9919780294100444,
        1.7628742679953575,
        1.4302426688373089,
        2.4864050447940826,
        1.9413467347621918,
        2.293956990043322,
        1.9346926013628643,
        2.089803377787272,
        1.7978307753801346,
        1.5651169046759605,
        1.775089440246423,
        1.4733489950497944,
        1.2274428447708488,
        1.5996915449698765,
        1.731587069729964,
        1.5418487737576168,
        1.7948726365963619,
        1.437036007642746,
        1.33338708927234,
        1.598856454094251,
        1.3299932057658832,
        1.2358889977137248,
        1.4471579591433208,
        1.422520361840725,
        1.2549718891580899,
        1.3147484908501308,
        1.4483732183774312,
        1.504337954024474,
        1.569525937239329,
        1.6715885400772095,
        1.3136806388696034,
        1.502076730132103
    ],
    "test_loss_history": [
        9.361882209777832,
        7.924951553344727,
        7.261392116546631,
        6.7024970054626465,
        6.055278301239014,
        5.891022205352783,
        5.97594690322876,
        5.74470329284668,
        5.263893127441406,
        4.89034366607666,
        4.645205974578857,
        4.405118942260742,
        4.278179168701172,
        4.2929534912109375,
        4.236881256103516,
        4.288844108581543,
        4.707431793212891,
        4.872581481933594,
        5.061830997467041,
        4.9051513671875,
        4.581756591796875,
        4.594648838043213,
        4.671244144439697,
        4.662107944488525,
        4.819284439086914,
        4.840339183807373,
        4.867241859436035,
        4.882626533508301,
        4.820666790008545,
        4.748793601989746,
        4.696203231811523,
        4.6038713455200195,
        4.661110877990723,
        4.74608850479126
    ]
}