{
    "num_conv_blocks": 3,
    "initial_channels": 32,
    "dropout_rate": 0.33,
    "learning_rate": 0.0001,
    "best_test_r2": -0.11980664730072021,
    "best_test_loss": 4.4089484214782715,
    "final_train_r2": 0.008742988109588623,
    "train_r2_history": [
        -1.7882356643676758,
        -0.508805513381958,
        -0.07239902019500732,
        -0.3366880416870117,
        -0.38356292247772217,
        -0.4940279722213745,
        -0.18546485900878906,
        -0.13662946224212646,
        -0.03994739055633545,
        -0.1664658784866333,
        0.036069631576538086,
        0.28517472743988037,
        -0.007899880409240723,
        -0.38584017753601074,
        -0.14050626754760742,
        -0.15757453441619873,
        -0.22635436058044434,
        0.019889354705810547,
        -0.04761934280395508,
        -0.12137484550476074,
        -0.03158307075500488,
        -0.3273601531982422,
        0.026613950729370117,
        -0.15885233879089355,
        -0.0461810827255249,
        0.03401768207550049,
        0.061936795711517334,
        -0.2244246006011963,
        -0.11961627006530762,
        0.038233935832977295,
        -0.263472318649292,
        -0.09532332420349121,
        -0.12000536918640137,
        -0.05262947082519531,
        -0.053522706031799316,
        0.06775075197219849,
        -0.07899928092956543,
        0.0935404896736145,
        0.008742988109588623
    ],
    "test_r2_history": [
        -1.4984512329101562,
        -1.1275711059570312,
        -0.9221317768096924,
        -0.7156641483306885,
        -0.46470725536346436,
        -0.27099645137786865,
        -0.1557856798171997,
        -0.1523975133895874,
        -0.16581904888153076,
        -0.18314218521118164,
        -0.21029961109161377,
        -0.18634259700775146,
        -0.16151797771453857,
        -0.22697412967681885,
        -0.2489405870437622,
        -0.22977018356323242,
        -0.1702655553817749,
        -0.15183556079864502,
        -0.1285325288772583,
        -0.11980664730072021,
        -0.13364946842193604,
        -0.16900432109832764,
        -0.24106049537658691,
        -0.24995052814483643,
        -0.23254764080047607,
        -0.26647114753723145,
        -0.2636910676956177,
        -0.27509820461273193,
        -0.26888132095336914,
        -0.2822357416152954,
        -0.26528239250183105,
        -0.20046210289001465,
        -0.2124183177947998,
        -0.2006218433380127,
        -0.20950233936309814,
        -0.2186131477355957,
        -0.2212158441543579,
        -0.19710755348205566,
        -0.16653048992156982
    ],
    "train_loss_history": [
        4.356673916180928,
        2.8369435469309487,
        1.6149032513300579,
        1.9260232237478097,
        2.008186082045237,
        2.177088017265002,
        1.7465512156486511,
        1.7063737213611603,
        1.4975139182060957,
        1.7051357626914978,
        1.4078359082341194,
        1.0375301390886307,
        1.555083344380061,
        2.102939357360204,
        1.6577729458610218,
        1.683887133995692,
        1.7638436146080494,
        1.526186764240265,
        1.5083516022811334,
        1.6675698260466258,
        1.596626619497935,
        2.0328024327754974,
        1.4484941413005192,
        1.7865312993526459,
        1.6123665769894917,
        1.4147027085224788,
        1.441496302684148,
        1.8201251675685246,
        1.8239116022984188,
        1.384449598689874,
        1.867410734295845,
        1.5757033079862595,
        1.707816595832507,
        1.547034576535225,
        1.5319596851865451,
        1.3942045172055562,
        1.6157895028591156,
        1.3807870894670486,
        1.452149748802185
    ],
    "test_loss_history": [
        9.837003707885742,
        8.376760482788086,
        7.567895412445068,
        6.7549824714660645,
        5.766905784606934,
        5.004219055175781,
        4.5506062507629395,
        4.537266254425049,
        4.590109825134277,
        4.658315658569336,
        4.7652411460876465,
        4.6709160804748535,
        4.573176383972168,
        4.830892562866211,
        4.917380332946777,
        4.8419013023376465,
        4.607616424560547,
        4.5350542068481445,
        4.443304538726807,
        4.4089484214782715,
        4.463450908660889,
        4.602651596069336,
        4.886354446411133,
        4.921356201171875,
        4.852836608886719,
        4.98640251159668,
        4.975456237792969,
        5.020368576049805,
        4.995891094207764,
        5.048470973968506,
        4.981721878051758,
        4.726508140563965,
        4.773582458496094,
        4.727137088775635,
        4.7621026039123535,
        4.797973155975342,
        4.808219909667969,
        4.713300704956055,
        4.592912197113037
    ]
}