{
    "num_conv_blocks": 4,
    "initial_channels": 64,
    "dropout_rate": 0.33,
    "learning_rate": 0.0001,
    "best_test_r2": -0.1532607078552246,
    "best_test_loss": 4.540665626525879,
    "final_train_r2": -0.05699467658996582,
    "train_r2_history": [
        -1.838094711303711,
        -0.249129056930542,
        -0.19038403034210205,
        0.07579314708709717,
        0.037577271461486816,
        -0.027062296867370605,
        -0.059096693992614746,
        -0.012919187545776367,
        -0.049863219261169434,
        0.030389249324798584,
        0.008497297763824463,
        -0.08395004272460938,
        -0.19433796405792236,
        -0.018544673919677734,
        0.08050411939620972,
        0.14309126138687134,
        -0.11914241313934326,
        0.08208030462265015,
        0.006751954555511475,
        -0.05821990966796875,
        0.0877072811126709,
        -0.14137887954711914,
        0.1084674596786499,
        -0.05699467658996582
    ],
    "test_r2_history": [
        -1.4128201007843018,
        -0.9679266214370728,
        -0.48374736309051514,
        -0.23899638652801514,
        -0.1532607078552246,
        -0.155900239944458,
        -0.18882322311401367,
        -0.23577344417572021,
        -0.22466588020324707,
        -0.3176501989364624,
        -0.311032772064209,
        -0.33362436294555664,
        -0.30174434185028076,
        -0.4474644660949707,
        -0.4523959159851074,
        -0.43782341480255127,
        -0.34637951850891113,
        -0.3154144287109375,
        -0.3136465549468994,
        -0.2941499948501587,
        -0.2996917963027954,
        -0.32351160049438477,
        -0.3497586250305176,
        -0.29424405097961426
    ],
    "train_loss_history": [
        4.115753625830014,
        1.8400204728047054,
        1.813823809226354,
        1.4153226912021637,
        1.3905188962817192,
        1.6580323576927185,
        1.5900622407595317,
        1.5277536809444427,
        1.5265749643246334,
        1.4103458921114604,
        1.5083956519762676,
        1.5987173815568287,
        1.832981566588084,
        1.5756227672100067,
        1.3532086958487828,
        1.2402348692218463,
        1.6520925809939702,
        1.3603602349758148,
        1.4406840006510417,
        1.5620891054471333,
        1.3178883790969849,
        1.676527331272761,
        1.3886765539646149,
        1.6072683930397034
    ],
    "test_loss_history": [
        9.499853134155273,
        7.7482008934021,
        5.84187126159668,
        4.8782267570495605,
        4.540665626525879,
        4.551057815551758,
        4.6806840896606445,
        4.865537643432617,
        4.821804046630859,
        5.187906265258789,
        5.1618523597717285,
        5.250800132751465,
        5.125280857086182,
        5.699016094207764,
        5.718432426452637,
        5.661056995391846,
        5.301020622253418,
        5.179103374481201,
        5.17214298248291,
        5.0953803062438965,
        5.117199897766113,
        5.210984706878662,
        5.314324855804443,
        5.095750331878662
    ]
}