{
    "num_conv_blocks": 4,
    "initial_channels": 64,
    "dropout_rate": 0.33,
    "learning_rate": 0.001,
    "best_test_r2": 0.47853416204452515,
    "best_test_loss": 19.33790397644043,
    "final_train_r2": 0.5724585056304932,
    "train_r2_history": [
        -1.0155065059661865,
        -0.4679911136627197,
        -0.1578984260559082,
        0.2293386459350586,
        0.14561575651168823,
        -0.2679126262664795,
        0.1226314902305603,
        -0.031165003776550293,
        -0.08486282825469971,
        0.09431606531143188,
        0.41225963830947876,
        0.2513164281845093,
        0.34925198554992676,
        -0.10637831687927246,
        -0.09381961822509766,
        0.3831765055656433,
        0.2290363907814026,
        0.13141244649887085,
        0.20835357904434204,
        0.46265465021133423,
        -0.006675362586975098,
        0.029395759105682373,
        0.480670690536499,
        0.1185573935508728,
        0.4161105155944824,
        0.20498865842819214,
        -0.06363534927368164,
        0.1219359040260315,
        0.4607178568840027,
        0.407940149307251,
        0.45577991008758545,
        0.31320828199386597,
        0.34280091524124146,
        0.4897487759590149,
        0.336223840713501,
        0.2034735083580017,
        0.31204164028167725,
        0.3352423310279846,
        0.5107259750366211,
        0.6101109385490417,
        0.5724585056304932
    ],
    "test_r2_history": [
        -1.8850746154785156,
        -0.6914929151535034,
        -0.016511201858520508,
        -0.4844397306442261,
        -2.9173049926757812,
        -1.5179245471954346,
        0.19402176141738892,
        0.3810763955116272,
        0.44386357069015503,
        -0.21052038669586182,
        0.0012584924697875977,
        0.07176011800765991,
        0.2445821762084961,
        0.16208308935165405,
        0.16930818557739258,
        0.19691002368927002,
        0.27452683448791504,
        -0.2334381341934204,
        0.3510280251502991,
        0.3696885108947754,
        0.4705849289894104,
        0.47853416204452515,
        0.25320732593536377,
        0.286965548992157,
        0.3790751099586487,
        0.4760255217552185,
        0.43805795907974243,
        0.46966415643692017,
        0.40349268913269043,
        0.33432507514953613,
        0.28983771800994873,
        0.3902774453163147,
        0.4120061993598938,
        0.4187127351760864,
        0.4270881414413452,
        0.4309302568435669,
        0.44044923782348633,
        0.4359602928161621,
        0.44701462984085083,
        0.4633733034133911,
        0.4584347605705261
    ],
    "train_loss_history": [
        162.54777844746908,
        110.12201849619548,
        87.50886217753093,
        59.33146890004476,
        71.55011971791585,
        100.03476079305013,
        71.56355889638265,
        85.55025736490886,
        83.62656116485596,
        75.2979868253072,
        46.206082026163735,
        63.341617584228516,
        51.107076009114586,
        86.86613464355469,
        82.17648696899414,
        49.44968636830648,
        62.71417744954427,
        73.73260466257732,
        61.50524743398031,
        40.288599173227944,
        80.01422659556071,
        81.83464034398396,
        45.62696552276611,
        66.95971854527791,
        44.96637773513794,
        64.0252571105957,
        80.86940129597981,
        68.30867687861125,
        43.837527910868324,
        44.889187812805176,
        42.36186695098877,
        53.84140173594157,
        50.783092180887856,
        38.829388777414955,
        50.45031325022379,
        62.384897549947105,
        53.8686097462972,
        51.010618368784584,
        36.87927039464315,
        30.217929045359295,
        34.180032889048256
    ],
    "test_loss_history": [
        106.98936462402344,
        62.726890563964844,
        37.69603729248047,
        55.0485725402832,
        145.26834106445312,
        93.37405395507812,
        29.888687133789062,
        22.952001571655273,
        20.623620986938477,
        44.890628814697266,
        37.03707504272461,
        34.422607421875,
        28.013721466064453,
        31.073095321655273,
        30.805164337158203,
        29.78158187866211,
        26.903261184692383,
        45.740501403808594,
        24.066308975219727,
        23.37430763244629,
        19.6326904296875,
        19.33790397644043,
        27.693864822387695,
        26.441984176635742,
        23.026216506958008,
        19.43093490600586,
        20.838916778564453,
        19.666837692260742,
        22.120723724365234,
        24.685718536376953,
        26.335474014282227,
        22.61079216003418,
        21.805011749267578,
        21.556306838989258,
        21.245716094970703,
        21.103233337402344,
        20.75023651123047,
        20.916706085205078,
        20.506765365600586,
        19.90012550354004,
        20.08326530456543
    ]
}