{
    "num_conv_blocks": 3,
    "initial_channels": 32,
    "dropout_rate": 0.33,
    "learning_rate": 0.0001,
    "best_test_r2": -0.4091247320175171,
    "best_test_loss": 4.9973015785217285,
    "final_train_r2": -9.32772159576416,
    "train_r2_history": [
        -209.65667724609375,
        -167.75149536132812,
        -115.35775756835938,
        -72.66765594482422,
        -36.67158508300781,
        -20.06691551208496,
        -11.926319122314453,
        -10.039202690124512,
        -12.099270820617676,
        -14.499882698059082,
        -11.018614768981934,
        -12.32253360748291,
        -16.24570655822754,
        -10.619967460632324,
        -11.708149909973145,
        -13.264676094055176,
        -10.435822486877441,
        -7.918764114379883,
        -12.637534141540527,
        -7.945863723754883,
        -8.359874725341797,
        -8.221220016479492,
        -12.145469665527344,
        -9.35775375366211,
        -9.567094802856445,
        -13.522735595703125,
        -10.588876724243164,
        -8.383691787719727,
        -15.241737365722656,
        -6.583423137664795,
        -9.662854194641113,
        -10.01819896697998,
        -8.913636207580566,
        -6.253698825836182,
        -8.166665077209473,
        -9.6773042678833,
        -8.671530723571777,
        -8.887248992919922,
        -10.886290550231934,
        -4.081315040588379,
        -9.096095085144043,
        -8.75739860534668,
        -4.628369331359863,
        -9.728690147399902,
        -10.753194808959961,
        -6.418710708618164,
        -12.196606636047363,
        -6.583000659942627,
        -8.987818717956543,
        -8.195517539978027,
        -6.7797017097473145,
        -9.339398384094238,
        -9.32772159576416
    ],
    "test_r2_history": [
        -237.294677734375,
        -225.64645385742188,
        -205.34800720214844,
        -169.56787109375,
        -118.39031219482422,
        -60.346866607666016,
        -29.67551040649414,
        -22.108264923095703,
        -10.676132202148438,
        -8.821290016174316,
        -7.533420562744141,
        -7.457798957824707,
        -4.6252593994140625,
        -5.515168190002441,
        -7.791181564331055,
        -7.273659706115723,
        -5.032433032989502,
        -2.8311359882354736,
        -1.1488440036773682,
        -0.5675868988037109,
        -1.5604040622711182,
        -2.7353479862213135,
        -3.887759208679199,
        -5.582520008087158,
        -5.8714919090271,
        -3.3633313179016113,
        -1.8250987529754639,
        -3.0477943420410156,
        -2.8600902557373047,
        -2.331179141998291,
        -1.2271173000335693,
        -1.0068798065185547,
        -0.6340467929840088,
        -0.4091247320175171,
        -0.4721425771713257,
        -0.5676335096359253,
        -1.2678673267364502,
        -1.679900884628296,
        -1.4866235256195068,
        -0.8488584756851196,
        -0.824321985244751,
        -1.1753301620483398,
        -1.3455684185028076,
        -1.3967013359069824,
        -0.9616045951843262,
        -1.0387756824493408,
        -1.188124418258667,
        -1.2019433975219727,
        -1.2539231777191162,
        -1.1962549686431885,
        -1.1266717910766602,
        -1.3841705322265625,
        -1.5262913703918457
    ],
    "train_loss_history": [
        811.4836934407552,
        645.9965616861979,
        437.21775817871094,
        270.3969472249349,
        157.64626185099283,
        111.15374215443929,
        48.54402256011963,
        46.06480916341146,
        45.19473600387573,
        63.856322606404625,
        42.26928440729777,
        45.6078534523646,
        69.978759765625,
        41.021669705708824,
        48.434540112813316,
        49.23741706212362,
        39.98906962076823,
        33.06207084655762,
        55.889794985453285,
        37.10764424006144,
        32.18310018380483,
        34.99229939778646,
        67.79783884684245,
        39.651172955830894,
        45.54438718159994,
        53.23260815938314,
        75.71340274810791,
        34.69665972391764,
        56.638957023620605,
        32.981454054514565,
        37.17545700073242,
        44.28989473978678,
        47.48928197224935,
        33.49123573303223,
        32.44491481781006,
        56.53167915344238,
        46.45702075958252,
        35.584883530934654,
        44.94522253672282,
        17.983718554178875,
        44.015597343444824,
        40.27094427744547,
        19.160655471185844,
        43.049726486206055,
        40.041670352220535,
        30.187857309977215,
        65.21913369496663,
        25.932151476542156,
        39.84190082550049,
        32.57548062006632,
        26.582651774088543,
        38.35690848032633,
        36.898826917012535
    ],
    "test_loss_history": [
        845.0851440429688,
        803.7759399414062,
        731.7898559570312,
        604.899658203125,
        423.40423583984375,
        217.55972290039062,
        108.78721618652344,
        81.95084381103516,
        41.40808868408203,
        34.83009338378906,
        30.2628116607666,
        29.994630813598633,
        19.949344635009766,
        23.105308532714844,
        31.176929473876953,
        29.341598510742188,
        21.393342971801758,
        13.586689949035645,
        7.620632171630859,
        5.559269905090332,
        9.080183982849121,
        13.246990203857422,
        17.333885192871094,
        23.344165802001953,
        24.368968963623047,
        15.474061965942383,
        10.018892288208008,
        14.355046272277832,
        13.689371109008789,
        11.81364917755127,
        7.898219108581543,
        7.117170810699463,
        5.794961452484131,
        4.9973015785217285,
        5.22078800201416,
        5.5594353675842285,
        8.04273509979248,
        9.503965377807617,
        8.818528175354004,
        6.556767463684082,
        6.469750881195068,
        7.714561939239502,
        8.318293571472168,
        8.499629974365234,
        6.95660924911499,
        7.230287075042725,
        7.759936332702637,
        7.808942794799805,
        7.993282794952393,
        7.7887701988220215,
        7.542001247406006,
        8.455190658569336,
        8.959205627441406
    ]
}