{
    "num_conv_blocks": 3,
    "initial_channels": 64,
    "dropout_rate": 0.33,
    "learning_rate": 0.001,
    "best_test_r2": 0.6119147539138794,
    "best_test_loss": 14.39165210723877,
    "final_train_r2": 0.3813673257827759,
    "train_r2_history": [
        -1.1523914337158203,
        -0.2856333255767822,
        -0.5183008909225464,
        -0.04222226142883301,
        -0.050653815269470215,
        0.15330857038497925,
        -0.0003839731216430664,
        -0.08095300197601318,
        -0.07597768306732178,
        0.3634616732597351,
        0.3063775897026062,
        -0.12790560722351074,
        -0.03136026859283447,
        0.4080490469932556,
        0.05994647741317749,
        0.002190887928009033,
        0.2720402479171753,
        0.01309293508529663,
        -0.007427811622619629,
        0.1926613450050354,
        0.5206989645957947,
        0.4064876437187195,
        0.07951492071151733,
        0.25912439823150635,
        0.252755343914032,
        0.3899099826812744,
        0.5526895523071289,
        0.43815797567367554,
        0.45181190967559814,
        0.2622271776199341,
        0.4342397451400757,
        0.4633225202560425,
        0.6087756156921387,
        0.39664018154144287,
        0.38297349214553833,
        0.4512568712234497,
        0.5301481485366821,
        0.31751537322998047,
        0.45161789655685425,
        0.5095516443252563,
        0.43113094568252563,
        0.3216402530670166,
        0.41614770889282227,
        0.5599333047866821,
        0.3813673257827759
    ],
    "test_r2_history": [
        -2.7939395904541016,
        -2.352106809616089,
        -0.12488281726837158,
        -0.1482459306716919,
        -0.2330096960067749,
        -4.657113075256348,
        -0.6041377782821655,
        -0.1764911413192749,
        0.016542673110961914,
        0.2651548981666565,
        0.050154030323028564,
        0.5731432437896729,
        0.41324323415756226,
        -0.7679623365402222,
        0.2517269253730774,
        0.5472089052200317,
        0.23550903797149658,
        0.1099061369895935,
        0.36531513929367065,
        0.49336421489715576,
        0.34714919328689575,
        -0.08450496196746826,
        0.3132550120353699,
        0.5569357872009277,
        0.572160005569458,
        0.6119147539138794,
        0.5160717964172363,
        0.4987361431121826,
        0.5207905769348145,
        0.46023881435394287,
        0.5005316138267517,
        0.5185297131538391,
        0.5022861957550049,
        0.5084112286567688,
        0.4990454912185669,
        0.5133359432220459,
        0.49085575342178345,
        0.489376962184906,
        0.49387651681900024,
        0.48265403509140015,
        0.48925870656967163,
        0.4904678463935852,
        0.4833630323410034,
        0.4486430883407593,
        0.4141557812690735
    ],
    "train_loss_history": [
        166.5020325978597,
        97.48990885416667,
        124.2679951985677,
        81.39869658152263,
        80.17033704121907,
        63.43674222628275,
        83.15519905090332,
        104.56534194946289,
        87.64732106526692,
        47.67566680908203,
        53.758870442708336,
        86.75739638010661,
        89.9387477238973,
        49.427221616109215,
        70.15487543741862,
        79.45567194620769,
        59.53556601206461,
        75.5989818572998,
        79.64111328125,
        70.6001164118449,
        38.23398462931315,
        46.419755617777504,
        82.3331807454427,
        62.53052584330241,
        59.07181406021118,
        51.4900598526001,
        41.404953956604004,
        52.12083594004313,
        41.48616075515747,
        59.04784949620565,
        42.90879805882772,
        43.146124839782715,
        34.159324963887535,
        45.718631982803345,
        47.0704600016276,
        44.930152575174965,
        35.49961511294047,
        52.858415285746254,
        41.88916015625,
        37.48340527216593,
        47.15923817952474,
        51.233474572499595,
        44.719011306762695,
        34.4648954073588,
        46.314255038897194
    ],
    "test_loss_history": [
        140.69351196289062,
        124.30865478515625,
        41.71486282348633,
        42.58125686645508,
        45.724613189697266,
        209.78692626953125,
        59.48743438720703,
        43.628700256347656,
        36.47027587890625,
        27.25080680847168,
        35.22384262084961,
        15.829446792602539,
        21.759138107299805,
        65.56266021728516,
        27.748767852783203,
        16.791189193725586,
        28.350191116333008,
        33.00801086425781,
        23.536489486694336,
        18.787952423095703,
        24.210153579711914,
        40.21749496459961,
        25.46707534790039,
        16.430477142333984,
        15.865909576416016,
        14.39165210723877,
        17.945865631103516,
        18.5887393951416,
        17.770877838134766,
        20.01636505126953,
        18.52215576171875,
        17.854719161987305,
        18.457088470458984,
        18.229949951171875,
        18.577266693115234,
        18.047327041625977,
        18.88097381591797,
        18.935813903808594,
        18.768951416015625,
        19.18512535095215,
        18.940196990966797,
        18.895360946655273,
        19.158832550048828,
        20.446380615234375,
        21.725297927856445
    ]
}