{
    "num_conv_blocks": 4,
    "initial_channels": 64,
    "dropout_rate": 0.33,
    "learning_rate": 0.0001,
    "best_test_r2": 0.699296236038208,
    "best_test_loss": 1.0664119720458984,
    "final_train_r2": -7.190299034118652,
    "train_r2_history": [
        -205.69699096679688,
        -156.89456176757812,
        -100.67683410644531,
        -50.83208465576172,
        -21.231172561645508,
        -12.433772087097168,
        -16.762866973876953,
        -10.874432563781738,
        -7.685762405395508,
        -7.370914459228516,
        -6.2769293785095215,
        -8.631614685058594,
        -9.518537521362305,
        -8.87672233581543,
        -7.803348541259766,
        -6.885230541229248,
        -6.6357269287109375,
        -8.71436882019043,
        -4.724465847015381,
        -6.860111236572266,
        -5.8951311111450195,
        -6.418527603149414,
        -7.006824493408203,
        -5.2325005531311035,
        -6.18519926071167,
        -9.034808158874512,
        -4.437869071960449,
        -8.73629093170166,
        -6.4226765632629395,
        -4.774633884429932,
        -5.275551795959473,
        -4.80757474899292,
        -5.497566223144531,
        -5.881729602813721,
        -4.00789737701416,
        -7.24685001373291,
        -8.186429977416992,
        -4.708714962005615,
        -2.7738256454467773,
        -9.082698822021484,
        -5.68763542175293,
        -3.979672908782959,
        -6.6941704750061035,
        -4.67421293258667,
        -4.315791130065918,
        -5.949721813201904,
        -4.858761310577393,
        -4.102226734161377,
        -6.475888252258301,
        -3.171565532684326,
        -4.5178446769714355,
        -3.830328941345215,
        -7.7730865478515625,
        -4.333987236022949,
        -4.360718250274658,
        -6.940614700317383,
        -5.424746513366699,
        -4.657989025115967,
        -6.5874528884887695,
        -5.712897777557373,
        -7.190299034118652
    ],
    "test_r2_history": [
        -236.41110229492188,
        -221.86500549316406,
        -186.52427673339844,
        -117.46073913574219,
        -40.20151901245117,
        -18.811674118041992,
        -15.13620376586914,
        -15.973335266113281,
        -16.70562171936035,
        -15.038917541503906,
        -7.870306968688965,
        -3.9967756271362305,
        -4.989713191986084,
        -8.009753227233887,
        -8.505952835083008,
        -2.607748031616211,
        -1.8577899932861328,
        -1.624798059463501,
        -0.7303116321563721,
        -0.39318013191223145,
        -1.1905982494354248,
        -1.1658172607421875,
        -0.5570145845413208,
        -1.0425245761871338,
        0.2839343547821045,
        -0.8208827972412109,
        -3.9241886138916016,
        -1.4595413208007812,
        0.359175443649292,
        -0.4642198085784912,
        -0.021146774291992188,
        0.3422640562057495,
        -0.08407425880432129,
        -1.322098970413208,
        -0.7754073143005371,
        -0.1763843297958374,
        0.05192512273788452,
        0.02389448881149292,
        0.23719114065170288,
        0.5502170324325562,
        0.6936034560203552,
        0.699296236038208,
        0.2032473087310791,
        -0.005760550498962402,
        -0.07620084285736084,
        -0.4398648738861084,
        -0.1981818675994873,
        0.4043801426887512,
        0.5232088565826416,
        0.4812609553337097,
        0.5188503861427307,
        0.5559453964233398,
        0.5624085068702698,
        0.22474581003189087,
        0.18952852487564087,
        0.23917442560195923,
        0.4364457130432129,
        0.5161479711532593,
        0.556186318397522,
        0.5557437539100647,
        0.5315210223197937
    ],
    "train_loss_history": [
        793.2262878417969,
        592.5198211669922,
        383.3735580444336,
        195.10271326700845,
        82.73878733317058,
        65.59986591339111,
        68.13095474243164,
        41.126423279444374,
        54.35430510838827,
        33.65287939707438,
        25.214549382527668,
        37.16411622365316,
        43.550594647725426,
        34.532312870025635,
        30.84200421969096,
        27.6039031346639,
        30.7004238764445,
        34.00900721549988,
        22.39154799779256,
        33.9062925974528,
        24.319333791732788,
        27.019076347351074,
        32.71481959025065,
        21.610056797663372,
        25.317132552464802,
        41.99665896097819,
        19.942994117736816,
        33.32693803310394,
        26.97797679901123,
        21.104073842366535,
        22.059230009714764,
        19.96943700313568,
        23.247193972269695,
        25.701673825581867,
        17.550657431284588,
        28.138410568237305,
        35.6057964960734,
        20.68579355875651,
        13.860317150751749,
        40.66795746485392,
        28.476600964864094,
        17.930159250895183,
        34.22667439778646,
        19.437255601088207,
        18.300187190373737,
        27.75097147623698,
        20.568186283111572,
        17.52190939585368,
        29.287118911743164,
        14.339242359002432,
        24.247962951660156,
        19.633766333262127,
        41.65409851074219,
        25.08648109436035,
        20.754260222117107,
        27.993138869603474,
        24.216169039408367,
        24.69073740641276,
        28.607291380564373,
        26.777817090352375,
        32.13277212778727
    ],
    "test_loss_history": [
        841.9515991210938,
        790.3655395507812,
        665.0335693359375,
        420.1075744628906,
        146.11651611328125,
        70.2598648071289,
        57.22522735595703,
        60.19402313232422,
        62.790992736816406,
        56.880210876464844,
        31.457538604736328,
        17.720497131347656,
        21.241840362548828,
        31.952068328857422,
        33.711788177490234,
        12.794469833374023,
        10.1348295211792,
        9.308550834655762,
        6.136354923248291,
        4.940755844116211,
        7.768707752227783,
        7.680825710296631,
        5.5217766761779785,
        7.243582248687744,
        2.539445638656616,
        6.457555294036865,
        17.463077545166016,
        8.72248649597168,
        2.2726118564605713,
        5.192690372467041,
        3.621382236480713,
        2.3325862884521484,
        3.8445475101470947,
        8.235060691833496,
        6.296281337738037,
        4.171914577484131,
        3.3622400760650635,
        3.4616477489471436,
        2.7052156925201416,
        1.5951045751571655,
        1.086600661277771,
        1.0664119720458984,
        2.8255932331085205,
        3.5668163299560547,
        3.816624402999878,
        5.10631799697876,
        4.2492170333862305,
        2.1122984886169434,
        1.6908856630325317,
        1.8396493196487427,
        1.7063428163528442,
        1.5747896432876587,
        1.5518686771392822,
        2.749351739883423,
        2.8742454051971436,
        2.6981818675994873,
        1.9985815286636353,
        1.7159265279769897,
        1.5739352703094482,
        1.5755046606063843,
        1.6614075899124146
    ]
}