{
    "num_conv_blocks": 4,
    "initial_channels": 32,
    "dropout_rate": 0.33,
    "learning_rate": 0.0001,
    "best_test_r2": 0.5298112630844116,
    "best_test_loss": 20.41171646118164,
    "final_train_r2": 0.5742197036743164,
    "train_r2_history": [
        -0.26003098487854004,
        -0.1813812255859375,
        -0.0970003604888916,
        -0.036900877952575684,
        0.027025163173675537,
        -0.0003743171691894531,
        0.08850163221359253,
        0.07065343856811523,
        0.09939157962799072,
        -0.00035762786865234375,
        0.1681864857673645,
        0.14978241920471191,
        0.26220089197158813,
        0.1599569320678711,
        0.22107571363449097,
        0.18479162454605103,
        0.17057490348815918,
        0.3949018716812134,
        -0.07989239692687988,
        0.055794596672058105,
        0.2917135953903198,
        0.4877588152885437,
        0.16651606559753418,
        0.3539140224456787,
        0.47847646474838257,
        0.22065740823745728,
        0.3937895894050598,
        0.420803964138031,
        0.17569434642791748,
        0.2763729691505432,
        0.339419960975647,
        0.2649977207183838,
        0.4111933708190918,
        0.5184555053710938,
        0.4397084712982178,
        0.4382205605506897,
        0.540581464767456,
        0.3993234634399414,
        0.44545072317123413,
        0.4510348439216614,
        0.5040405988693237,
        0.3750852346420288,
        0.46450525522232056,
        0.40663760900497437,
        0.3409017324447632,
        0.587419867515564,
        0.42615199089050293,
        0.6222401857376099,
        0.5031471252441406,
        0.6713816523551941,
        0.7432899475097656,
        0.5923550724983215,
        0.6036442518234253,
        0.5964515209197998,
        0.5742197036743164
    ],
    "test_r2_history": [
        -0.34305238723754883,
        -0.301116943359375,
        -0.22730374336242676,
        -0.13944458961486816,
        -0.06176149845123291,
        -0.0005950927734375,
        0.03646445274353027,
        0.07262200117111206,
        0.0710952877998352,
        0.04382890462875366,
        0.129780113697052,
        0.22225934267044067,
        0.23141127824783325,
        0.17258334159851074,
        0.09812867641448975,
        0.17313426733016968,
        0.32825273275375366,
        0.2214396595954895,
        0.19013261795043945,
        -0.019575119018554688,
        0.1398802399635315,
        0.007403671741485596,
        -0.07257318496704102,
        0.10717308521270752,
        0.2561148405075073,
        0.4033486247062683,
        0.4809378385543823,
        0.4525913596153259,
        0.3815317153930664,
        0.3452887535095215,
        0.18435531854629517,
        0.13656306266784668,
        0.252551794052124,
        0.3356030583381653,
        0.3843311071395874,
        0.5298112630844116,
        0.48848724365234375,
        0.4717652201652527,
        0.40867435932159424,
        0.44331830739974976,
        0.4010990262031555,
        0.3958059549331665,
        0.39244401454925537,
        0.339505672454834,
        0.34812766313552856,
        0.36199653148651123,
        0.32548731565475464,
        0.31958508491516113,
        0.2820277214050293,
        0.36970287561416626,
        0.44603651762008667,
        0.3483821749687195,
        0.4973520040512085,
        0.4890250563621521,
        0.4657444357872009
    ],
    "train_loss_history": [
        73.99437622229259,
        72.49862484137218,
        66.9671280781428,
        63.38639187812805,
        56.634686390558876,
        62.05234972635905,
        54.35224803288778,
        50.47254339853922,
        51.14514271418253,
        58.59057219823202,
        45.7832678159078,
        43.083654721577965,
        34.992186069488525,
        41.773677825927734,
        33.37252934773763,
        41.007012367248535,
        36.53918472925822,
        35.584893226623535,
        51.13135480880737,
        45.13705015182495,
        36.156440893809,
        32.41475756963094,
        35.650833447774254,
        28.022634506225586,
        22.753339926401775,
        31.92971436182658,
        25.805555025736492,
        21.710192839304607,
        45.26526562372843,
        32.91547187169393,
        25.414673964182537,
        29.1375568707784,
        28.822076320648193,
        19.000057458877563,
        24.52189079920451,
        21.102588335673016,
        19.46015254656474,
        24.290902733802795,
        23.191339651743572,
        27.06354808807373,
        19.22619636853536,
        29.9108251730601,
        21.40219513575236,
        25.444733421007793,
        30.795851866404217,
        14.262725631395975,
        25.040836493174236,
        18.723233222961426,
        22.48796621958415,
        16.940683205922443,
        12.082674821217855,
        14.358283758163452,
        21.88062745332718,
        17.88861479361852,
        17.42181634902954
    ],
    "test_loss_history": [
        58.30425262451172,
        56.4837646484375,
        53.279396057128906,
        49.46528244018555,
        46.09291458129883,
        43.43758010864258,
        41.82875442504883,
        40.259090423583984,
        40.32537078857422,
        41.509056091308594,
        37.77776336669922,
        33.763084411621094,
        33.365779876708984,
        35.91960144042969,
        39.15181350708008,
        35.89568328857422,
        29.161718368530273,
        33.79866409301758,
        35.157752990722656,
        44.261539459228516,
        37.33930206298828,
        43.09033966064453,
        46.56227493286133,
        38.75917053222656,
        32.29335021972656,
        25.90167808532715,
        22.53339385986328,
        23.763965606689453,
        26.848783493041992,
        28.42215919494629,
        35.4085578918457,
        37.48330307006836,
        32.44803237915039,
        28.842636108398438,
        26.72726058959961,
        20.41171646118164,
        22.20566177368164,
        22.93159294128418,
        25.670480728149414,
        24.16652488708496,
        25.999338150024414,
        26.22911834716797,
        26.375064849853516,
        28.67321014404297,
        28.298919677734375,
        27.69684410095215,
        29.281774520874023,
        29.537994384765625,
        31.168428421020508,
        27.362295150756836,
        24.048519134521484,
        28.287864685058594,
        21.82082748413086,
        22.182313919067383,
        23.192968368530273
    ]
}