{
    "num_conv_blocks": 3,
    "initial_channels": 64,
    "dropout_rate": 0.33,
    "learning_rate": 0.001,
    "best_test_r2": 0.6647120714187622,
    "best_test_loss": 14.555435180664062,
    "final_train_r2": 0.6426513195037842,
    "train_r2_history": [
        -0.42310047149658203,
        -0.11240065097808838,
        0.015340745449066162,
        0.006573081016540527,
        -0.0676734447479248,
        0.06318598985671997,
        -0.18489253520965576,
        0.11428499221801758,
        -0.35283613204956055,
        0.08344560861587524,
        -0.05395209789276123,
        -0.1833401918411255,
        0.2182842493057251,
        -0.052974581718444824,
        -0.00804281234741211,
        0.16691958904266357,
        0.1924682855606079,
        -0.34026455879211426,
        0.1327962875366211,
        -0.08491253852844238,
        0.2537906765937805,
        0.1976616382598877,
        0.14187908172607422,
        0.09630739688873291,
        0.20649302005767822,
        0.23286443948745728,
        0.15685123205184937,
        0.09194803237915039,
        0.18496012687683105,
        0.3117690086364746,
        0.38105928897857666,
        0.47363919019699097,
        0.28477656841278076,
        0.36963462829589844,
        0.24024611711502075,
        0.43614381551742554,
        0.3967289924621582,
        0.3692665696144104,
        0.43557631969451904,
        0.376397967338562,
        0.5393960475921631,
        0.3273785710334778,
        0.34871625900268555,
        0.22886687517166138,
        0.4837186932563782,
        0.20461487770080566,
        0.5590964555740356,
        0.4818192720413208,
        0.5495024919509888,
        0.5580285787582397,
        0.483925461769104,
        0.453890860080719,
        0.49120771884918213,
        0.4710237383842468,
        0.48990482091903687,
        0.5028576254844666,
        0.2886800765991211,
        0.5813536643981934,
        0.553040623664856,
        0.4746008515357971,
        0.550511360168457,
        0.43080079555511475,
        0.4987475872039795,
        0.5313800573348999,
        0.2915079593658447,
        0.46046340465545654,
        0.6426513195037842
    ],
    "test_r2_history": [
        -0.2798353433609009,
        -0.07908070087432861,
        -0.08100521564483643,
        0.08046740293502808,
        -0.08354568481445312,
        -0.09092867374420166,
        -0.07946348190307617,
        0.12035256624221802,
        0.27279049158096313,
        0.3825603723526001,
        0.1611955165863037,
        0.11487913131713867,
        -0.0025386810302734375,
        -0.09983837604522705,
        0.3757936358451843,
        0.4446396231651306,
        0.4292994737625122,
        0.4704406261444092,
        0.41068774461746216,
        0.16575318574905396,
        0.32213741540908813,
        0.4093136191368103,
        0.4005228281021118,
        0.06372100114822388,
        0.1322738528251648,
        0.12958776950836182,
        0.20677554607391357,
        0.3466184735298157,
        0.49769389629364014,
        0.5265316963195801,
        0.47981899976730347,
        0.5027967095375061,
        0.5591672658920288,
        0.5909604430198669,
        0.5950143337249756,
        0.5560192465782166,
        0.6299470067024231,
        0.6014144420623779,
        0.5115862488746643,
        0.5905238389968872,
        0.5791174173355103,
        0.6139811277389526,
        0.5679437518119812,
        0.5210307836532593,
        0.3932079076766968,
        0.5722920894622803,
        0.6494488716125488,
        0.6647120714187622,
        0.580621600151062,
        0.5300374031066895,
        0.6063328981399536,
        0.5647528767585754,
        0.45465683937072754,
        0.4389524459838867,
        0.4900307059288025,
        0.5367094278335571,
        0.42486459016799927,
        0.4782499074935913,
        0.5437560081481934,
        0.5809588432312012,
        0.5800322890281677,
        0.5762618780136108,
        0.6268411874771118,
        0.6329721212387085,
        0.6101134419441223,
        0.6031818389892578,
        0.5665389895439148
    ],
    "train_loss_history": [
        84.60933421055476,
        58.68816451231638,
        47.357341289520264,
        63.16091346740723,
        61.86914507548014,
        54.82857886950175,
        70.7226771513621,
        40.239238818486534,
        80.84901523590088,
        54.926732222239174,
        45.03667640686035,
        62.6495091120402,
        35.16207106908163,
        54.33897479375204,
        55.62190866470337,
        48.54802131652832,
        33.18379354476929,
        72.09942976633708,
        40.61419550577799,
        56.67281277974447,
        37.12970542907715,
        39.591415087381996,
        33.00499661763509,
        50.37596734364828,
        32.03878307342529,
        29.011536757151287,
        44.676650842030845,
        52.296843687693276,
        33.14134248097738,
        23.758229811986286,
        28.77563015619914,
        25.964847087860107,
        34.41163476308187,
        31.806686242421467,
        31.610894838968914,
        29.035024841626484,
        24.70469872156779,
        21.82856019337972,
        23.37006664276123,
        28.719815492630005,
        16.837514479955036,
        32.70685227711996,
        27.346564531326294,
        26.50653870900472,
        17.664428388079006,
        40.71049555142721,
        15.499590595563253,
        18.253749132156372,
        15.405089939634005,
        17.32340572277705,
        26.66685136159261,
        20.804092089335125,
        19.112415671348572,
        26.984111825625103,
        27.557510654131573,
        20.0764803091685,
        27.655826091766357,
        14.368773559729258,
        23.810616493225098,
        17.99524748325348,
        15.677552978197733,
        19.48140741388003,
        27.364484945933025,
        16.56428297360738,
        24.410460611184437,
        23.070921818415325,
        12.208955330153307
    ],
    "test_loss_history": [
        55.55988311767578,
        46.84477996826172,
        46.928321838378906,
        39.91851043701172,
        47.038612365722656,
        47.35911560058594,
        46.861392974853516,
        38.1870231628418,
        31.569433212280273,
        26.80413055419922,
        36.41396713256836,
        38.42464065551758,
        43.521949768066406,
        47.74590301513672,
        27.097888946533203,
        24.109163284301758,
        24.775104522705078,
        22.989099502563477,
        25.583078384399414,
        36.21611022949219,
        29.427194595336914,
        25.64272689819336,
        26.02434730529785,
        40.645503997802734,
        37.66950607299805,
        37.78611755371094,
        34.43525695800781,
        28.36443328857422,
        21.80598258972168,
        20.5540828704834,
        22.58196449279785,
        21.584463119506836,
        19.137313842773438,
        17.757122039794922,
        17.58113670349121,
        19.27397918701172,
        16.064647674560547,
        17.303295135498047,
        21.202890396118164,
        17.77607536315918,
        18.271249771118164,
        16.757749557495117,
        18.75631332397461,
        20.79288673400879,
        26.34190559387207,
        18.567548751831055,
        15.218036651611328,
        14.555435180664062,
        18.20594596862793,
        20.40189552307129,
        17.08977508544922,
        18.89483642578125,
        23.674297332763672,
        24.356054306030273,
        22.13865852355957,
        20.112253189086914,
        24.96763038635254,
        22.650087356567383,
        19.80634880065918,
        18.191308975219727,
        18.231531143188477,
        18.39521026611328,
        16.199474334716797,
        15.933320999145508,
        16.925655364990234,
        17.2265682220459,
        18.817298889160156
    ]
}