{
    "num_conv_blocks": 3,
    "initial_channels": 16,
    "dropout_rate": 0.33,
    "learning_rate": 0.001,
    "best_test_r2": -0.03069925308227539,
    "best_test_loss": 4.05811071395874,
    "final_train_r2": -0.1939389705657959,
    "train_r2_history": [
        -1.4002299308776855,
        -0.5767582654953003,
        -0.9894484281539917,
        -0.4892547130584717,
        -0.5965297222137451,
        -0.37229371070861816,
        -0.19339346885681152,
        -0.2862337827682495,
        -0.5103260278701782,
        -0.6111181974411011,
        -0.3892310857772827,
        -0.354120135307312,
        -0.5365276336669922,
        -0.48663365840911865,
        -0.4328937530517578,
        -0.12924432754516602,
        -0.36671221256256104,
        -0.2193009853363037,
        -0.11952352523803711,
        -0.2729017734527588,
        -0.4538840055465698,
        -0.49610352516174316,
        -0.07085943222045898,
        -0.41720080375671387,
        -0.2572062015533447,
        -0.7057310342788696,
        -0.2064814567565918,
        -0.34985387325286865,
        -0.44285058975219727,
        -0.1939389705657959
    ],
    "test_r2_history": [
        -1.2817363739013672,
        -0.8308390378952026,
        -0.3807293176651001,
        -0.2705444097518921,
        -0.37139642238616943,
        -0.4191710948944092,
        -0.29589879512786865,
        -0.5973284244537354,
        -0.5076149702072144,
        -0.24125421047210693,
        -0.03069925308227539,
        -0.20113754272460938,
        -0.43147122859954834,
        -0.2558572292327881,
        -0.20407187938690186,
        -0.30712175369262695,
        -0.3455832004547119,
        -0.24279749393463135,
        -0.1815328598022461,
        -0.1481626033782959,
        -0.17882072925567627,
        -0.17848587036132812,
        -0.20502018928527832,
        -0.23407554626464844,
        -0.2610282897949219,
        -0.24405992031097412,
        -0.3290597200393677,
        -0.3711061477661133,
        -0.4610968828201294,
        -0.5119732618331909
    ],
    "train_loss_history": [
        3.691135515769323,
        2.2624206890662513,
        2.8718950003385544,
        2.160764366388321,
        2.2973028173049292,
        1.9777320859332879,
        1.8318036297957103,
        1.9141758680343628,
        2.213992327451706,
        2.324223974098762,
        2.03615831832091,
        2.0632877250512442,
        2.3484709560871124,
        2.2552460581064224,
        2.3776325583457947,
        1.6702056129773457,
        2.019318252801895,
        1.8377883831659954,
        1.621110166112582,
        1.8609635382890701,
        2.1179377486308417,
        2.19020839035511,
        1.613514284292857,
        2.0496529837449393,
        1.8328342239061992,
        2.555218994617462,
        1.7748134185870488,
        2.303333352009455,
        2.1912062962849936,
        1.740970087548097
    ],
    "test_loss_history": [
        8.983745574951172,
        7.208454132080078,
        5.436263084411621,
        5.002439498901367,
        5.399518013000488,
        5.587617874145508,
        5.10226583480835,
        6.289065837860107,
        5.935843467712402,
        4.8871169090271,
        4.05811071395874,
        4.7291669845581055,
        5.636046409606934,
        4.944612979888916,
        4.740720748901367,
        5.146452903747559,
        5.297885417938232,
        4.893193244934082,
        4.651979446411133,
        4.52059268951416,
        4.641301155090332,
        4.639983177185059,
        4.744455814361572,
        4.858851909637451,
        4.964971542358398,
        4.898162841796875,
        5.2328290939331055,
        5.398374557495117,
        5.752690315246582,
        5.953003406524658
    ]
}