{
    "num_conv_blocks": 4,
    "initial_channels": 16,
    "dropout_rate": 0.33,
    "learning_rate": 0.0001,
    "best_test_r2": 0.3042881488800049,
    "best_test_loss": 30.202064514160156,
    "final_train_r2": 0.2536800503730774,
    "train_r2_history": [
        -0.30383872985839844,
        -0.23903775215148926,
        -0.1945735216140747,
        -0.13148951530456543,
        -0.15048551559448242,
        -0.026630043983459473,
        0.010940492153167725,
        -0.038178205490112305,
        0.04855984449386597,
        -0.0011805295944213867,
        0.01941627264022827,
        0.0789230465888977,
        0.014773368835449219,
        0.10713565349578857,
        0.16611987352371216,
        0.1996881365776062,
        0.13705015182495117,
        0.19147086143493652,
        0.24620401859283447,
        0.20136094093322754,
        0.00336456298828125,
        0.26406216621398926,
        0.27024590969085693,
        0.18362277746200562,
        0.16739940643310547,
        0.16994571685791016,
        0.16238337755203247,
        0.22277557849884033,
        0.1109088659286499,
        0.2576932907104492,
        0.2013148069381714,
        0.13320475816726685,
        0.2680315375328064,
        0.1935296654701233,
        0.16791415214538574,
        0.30402523279190063,
        0.31368279457092285,
        0.20568233728408813,
        0.24825870990753174,
        0.06123805046081543,
        0.18576139211654663,
        0.2994723916053772,
        0.33836668729782104,
        0.3406289219856262,
        0.21974194049835205,
        0.3154338598251343,
        0.2760206460952759,
        0.17381417751312256,
        0.33154726028442383,
        0.3562548756599426,
        0.40851324796676636,
        0.4183642268180847,
        0.11553311347961426,
        0.2536800503730774
    ],
    "test_r2_history": [
        -0.36543023586273193,
        -0.3440309762954712,
        -0.3090934753417969,
        -0.2585502862930298,
        -0.1996002197265625,
        -0.136582612991333,
        -0.07784271240234375,
        -0.025766491889953613,
        0.009448468685150146,
        0.038414955139160156,
        0.05495566129684448,
        0.0746990442276001,
        0.10703623294830322,
        0.13557147979736328,
        0.132918119430542,
        0.11028850078582764,
        0.07248854637145996,
        0.06298917531967163,
        0.09053575992584229,
        0.11645263433456421,
        0.2020009160041809,
        0.2109655737876892,
        0.19105112552642822,
        0.23130899667739868,
        0.2367381453514099,
        0.2484080195426941,
        0.22699862718582153,
        0.21451407670974731,
        0.19640231132507324,
        0.11553490161895752,
        0.11266767978668213,
        0.21911901235580444,
        0.2484017014503479,
        0.24706870317459106,
        0.3042881488800049,
        0.2459115982055664,
        0.24063009023666382,
        0.23135405778884888,
        0.23372334241867065,
        0.1638786792755127,
        0.21306484937667847,
        0.2137632966041565,
        0.16515272855758667,
        0.18556296825408936,
        0.1421183943748474,
        0.2198064923286438,
        0.14073485136032104,
        0.13875263929367065,
        0.12068325281143188,
        0.18524843454360962,
        0.1287907361984253,
        0.07160621881484985,
        0.15752744674682617,
        0.1658605933189392
    ],
    "train_loss_history": [
        76.89396397272746,
        73.99213178952535,
        71.34991371631622,
        66.87857063611348,
        69.05256422360738,
        63.236244877179466,
        56.655928333600365,
        60.68426624933878,
        56.572766621907554,
        56.76114559173584,
        56.09994920094808,
        54.31044705708822,
        52.4883025487264,
        47.85715341567993,
        43.53154102961222,
        39.72905000050863,
        40.72412427266439,
        37.81973886489868,
        42.12772480646769,
        37.03839365641276,
        50.697604497273765,
        37.04746913909912,
        42.270615100860596,
        42.1393027305603,
        45.383407751719155,
        39.3574415842692,
        33.14454094568888,
        38.81415971120199,
        41.70763874053955,
        34.72452290852865,
        44.769960244496666,
        40.360950787862144,
        31.892751057942707,
        35.00562047958374,
        43.604963620503746,
        36.34533818562826,
        33.07080968221029,
        38.46896998087565,
        37.82772715886434,
        40.44257322947184,
        40.89180072148641,
        36.988180001576744,
        31.247673511505127,
        31.000386238098145,
        37.923544565836586,
        30.858752250671387,
        35.173388163248696,
        41.40654214223226,
        33.77998812993368,
        37.266911347707115,
        26.838470141092937,
        22.93090836207072,
        43.7964817682902,
        37.167144775390625
    ],
    "test_loss_history": [
        59.27571105957031,
        58.34673309326172,
        56.83002853393555,
        54.635868072509766,
        52.07674026489258,
        49.34103775024414,
        46.791038513183594,
        44.530311584472656,
        43.00157165527344,
        41.74407958984375,
        41.026023864746094,
        40.16893005371094,
        38.76512145996094,
        37.52634811401367,
        37.641536712646484,
        38.62392807006836,
        40.264888763427734,
        40.67727279663086,
        39.48143005371094,
        38.3563346862793,
        34.64253234863281,
        34.253360748291016,
        35.117881774902344,
        33.370216369628906,
        33.13452911376953,
        32.62792205810547,
        33.557342529296875,
        34.09931564331055,
        34.88557815551758,
        38.39617156982422,
        38.52064514160156,
        33.899410247802734,
        32.628196716308594,
        32.686058044433594,
        30.202064514160156,
        32.736289978027344,
        32.965576171875,
        33.36825942993164,
        33.26540756225586,
        36.297481536865234,
        34.1622314453125,
        34.13190841674805,
        36.24217224121094,
        35.35613250732422,
        37.24213409423828,
        33.86956024169922,
        37.30220413208008,
        37.38825225830078,
        38.17267608642578,
        35.369789123535156,
        37.82072067260742,
        40.303192138671875,
        36.573204040527344,
        36.211448669433594
    ]
}