{
    "num_conv_blocks": 3,
    "initial_channels": 64,
    "dropout_rate": 0.33,
    "learning_rate": 0.0001,
    "best_test_r2": 0.5141986012458801,
    "best_test_loss": 18.015335083007812,
    "final_train_r2": 0.2420453429222107,
    "train_r2_history": [
        -2.269634246826172,
        -0.6892757415771484,
        0.1125955581665039,
        0.06987684965133667,
        0.14928841590881348,
        0.2513476014137268,
        0.1806948184967041,
        0.17498964071273804,
        0.34450763463974,
        0.21503502130508423,
        0.20782709121704102,
        0.12816506624221802,
        0.2780138850212097,
        0.3148590922355652,
        0.3465768098831177,
        0.1056472659111023,
        0.15058791637420654,
        0.3194074034690857,
        0.025301694869995117,
        0.2296445369720459,
        0.5189814567565918,
        0.4049161672592163,
        0.3027544617652893,
        0.3191617727279663,
        0.4226230978965759,
        0.4049215316772461,
        0.5015851855278015,
        -0.10660672187805176,
        0.438409686088562,
        0.3168916702270508,
        0.34314078092575073,
        0.19012582302093506,
        0.4844391942024231,
        0.5626038908958435,
        0.5023964047431946,
        0.5267105102539062,
        0.412777841091156,
        0.45647168159484863,
        0.5161487460136414,
        0.5230395793914795,
        0.47094929218292236,
        0.4602630138397217,
        0.5158379077911377,
        0.32413673400878906,
        0.4124223589897156,
        0.35657399892807007,
        0.22690927982330322,
        0.6034464836120605,
        0.2420453429222107
    ],
    "test_r2_history": [
        -4.501081466674805,
        -3.9372806549072266,
        -3.2933645248413086,
        -2.5084338188171387,
        -1.5770275592803955,
        -0.5483266115188599,
        -0.04457128047943115,
        0.14197951555252075,
        0.22318607568740845,
        0.3580963611602783,
        0.37248194217681885,
        0.4040089249610901,
        0.3992326259613037,
        0.3451883792877197,
        0.4980112910270691,
        0.35286396741867065,
        0.045726001262664795,
        0.11173772811889648,
        0.19850152730941772,
        0.34992897510528564,
        0.18674641847610474,
        0.3133416771888733,
        0.43854981660842896,
        0.4524475932121277,
        0.4199482202529907,
        0.05044370889663696,
        0.04368925094604492,
        0.4175282120704651,
        0.5035982131958008,
        0.5141986012458801,
        0.4857189655303955,
        0.40256744623184204,
        0.3593546748161316,
        0.25013113021850586,
        0.1693514585494995,
        0.28223663568496704,
        0.26133590936660767,
        0.20299804210662842,
        0.09954124689102173,
        0.18445318937301636,
        0.23124223947525024,
        0.23765867948532104,
        0.22667396068572998,
        0.21307754516601562,
        0.19433248043060303,
        0.19525283575057983,
        0.31960898637771606,
        0.3152465224266052,
        0.2624385952949524
    ],
    "train_loss_history": [
        251.32445907592773,
        125.59075284004211,
        68.75878238677979,
        76.11442836125691,
        68.6559206644694,
        58.65409549077352,
        64.42251364390056,
        67.3792854944865,
        52.38114929199219,
        61.84800958633423,
        61.6351105372111,
        66.82287089029948,
        54.76514450709025,
        54.50832716623942,
        57.641635258992515,
        72.10684219996135,
        65.75509373346965,
        51.52928479512533,
        72.4657781124115,
        59.508109887441,
        38.471564292907715,
        48.194352785746254,
        59.16397253672282,
        54.59026972452799,
        44.91018263498942,
        45.51959800720215,
        38.682814280192055,
        85.47380065917969,
        44.441630363464355,
        51.63811922073364,
        49.91404501597086,
        61.584323724110924,
        38.657107750574745,
        34.114404360453285,
        42.51343139012655,
        38.088890075683594,
        44.62822357813517,
        41.1500600973765,
        39.71046733856201,
        41.11738268534342,
        40.68305412928263,
        41.3738063176473,
        36.51359907786051,
        50.588050842285156,
        45.017995516459145,
        50.752735455830894,
        60.34017403920492,
        33.03148237864176,
        57.746287981669106
    ],
    "test_loss_history": [
        204.00067138671875,
        183.0928497314453,
        159.21401977539062,
        130.10586547851562,
        95.56582641601562,
        57.41774368286133,
        38.73661422729492,
        31.818607330322266,
        28.807165145874023,
        23.804187774658203,
        23.27071762084961,
        22.10158348083496,
        22.278703689575195,
        24.28286361694336,
        18.615619659423828,
        23.998228073120117,
        35.3880500793457,
        32.940086364746094,
        29.722564697265625,
        24.107065200805664,
        30.15848731994629,
        25.46385955810547,
        20.8206729888916,
        20.3052921295166,
        21.51049041748047,
        35.213104248046875,
        35.46357727050781,
        21.60023307800293,
        18.408435821533203,
        18.015335083007812,
        19.07146453857422,
        22.1550350189209,
        23.757524490356445,
        27.807941436767578,
        30.803550720214844,
        26.617351531982422,
        27.39242935180664,
        29.555818557739258,
        33.39237976074219,
        30.243526458740234,
        28.50841522216797,
        28.27046775817871,
        28.67782211303711,
        29.182029724121094,
        29.877166748046875,
        29.843036651611328,
        25.231441497802734,
        25.393220901489258,
        27.35153579711914
    ]
}