{
    "num_conv_blocks": 3,
    "initial_channels": 64,
    "dropout_rate": 0.33,
    "learning_rate": 0.0001,
    "best_test_r2": 0.8106412887573242,
    "best_test_loss": 8.220390319824219,
    "final_train_r2": 0.5546681880950928,
    "train_r2_history": [
        -0.23912644386291504,
        -0.08175826072692871,
        0.0674823522567749,
        0.06670832633972168,
        0.11537706851959229,
        0.2902008295059204,
        -0.0003731250762939453,
        0.22980386018753052,
        0.14692312479019165,
        0.24397343397140503,
        0.1398564577102661,
        0.3688916563987732,
        0.25351959466934204,
        0.14965295791625977,
        0.38167059421539307,
        0.2762048840522766,
        0.20419728755950928,
        0.3068564534187317,
        0.10297530889511108,
        0.2023158073425293,
        0.2708454132080078,
        0.3008373975753784,
        0.37775492668151855,
        0.4051574468612671,
        0.4067744016647339,
        0.40218454599380493,
        0.6260136365890503,
        0.5197353363037109,
        0.4397280812263489,
        0.6432620286941528,
        0.48683255910873413,
        0.5630873441696167,
        0.5894283056259155,
        0.5634545683860779,
        0.37955009937286377,
        0.30707991123199463,
        0.635231614112854,
        0.4180094599723816,
        0.7528344392776489,
        0.7363754510879517,
        0.5205148458480835,
        0.4806165099143982,
        0.7257737517356873,
        0.5546681880950928
    ],
    "test_r2_history": [
        -0.3504157066345215,
        -0.2537708282470703,
        -0.11933183670043945,
        -0.013676166534423828,
        0.056103408336639404,
        0.12087768316268921,
        0.2449612021446228,
        0.4162414073944092,
        0.35554027557373047,
        0.3528282642364502,
        0.4405420422554016,
        0.5847904682159424,
        0.5226664543151855,
        0.6299853324890137,
        0.7407875061035156,
        0.7516193389892578,
        0.7974163293838501,
        0.5425856709480286,
        0.5614728927612305,
        0.5393386483192444,
        0.6736027002334595,
        0.43680721521377563,
        0.7556227445602417,
        0.7913140654563904,
        0.8106412887573242,
        0.805393397808075,
        0.7117160558700562,
        0.6720861196517944,
        0.559493899345398,
        0.4386635422706604,
        0.5632630586624146,
        0.6184655427932739,
        0.6611906290054321,
        0.5100027918815613,
        0.635145366191864,
        0.7014173269271851,
        0.7601868510246277,
        0.774146556854248,
        0.7693687677383423,
        0.8025761246681213,
        0.7706276774406433,
        0.7290234565734863,
        0.638523280620575,
        0.6371759176254272
    ],
    "train_loss_history": [
        72.44822053114574,
        66.52475929260254,
        55.18271025021871,
        52.08429002761841,
        44.99093818664551,
        37.15367809931437,
        50.26374753316244,
        40.24977652231852,
        41.86516920725504,
        41.46144700050354,
        40.14790995915731,
        33.435009797414146,
        41.003302892049156,
        36.10368696848551,
        31.20075257619222,
        41.7479050954183,
        31.653555234273274,
        30.916637579600017,
        54.99559370676676,
        41.380573749542236,
        39.2131458123525,
        33.10793526967367,
        25.449520587921143,
        29.917659799257915,
        22.80627218882243,
        21.463837305704754,
        13.186821341514587,
        19.975712458292644,
        21.04264720280965,
        16.494336088498432,
        22.755915641784668,
        17.693098346392315,
        19.07155179977417,
        16.664347966512043,
        35.48682467142741,
        27.06833330790202,
        13.168743371963501,
        21.619566122690838,
        8.452585438887278,
        13.484719038009644,
        17.352449258168537,
        22.523908694585163,
        10.171202778816223,
        15.525892734527588
    ],
    "test_loss_history": [
        58.62389373779297,
        54.42837905883789,
        48.59214782714844,
        44.00545120239258,
        40.9761962890625,
        38.16423416137695,
        32.77755355834961,
        25.341981887817383,
        27.97711753845215,
        28.09485626220703,
        24.287044525146484,
        18.02496910095215,
        20.721881866455078,
        16.062986373901367,
        11.252869606018066,
        10.782639503479004,
        8.794510841369629,
        19.85715675354004,
        19.03722381591797,
        19.99811363220215,
        14.169472694396973,
        24.449180603027344,
        10.608843803405762,
        9.059420585632324,
        8.220390319824219,
        8.448212623596191,
        12.514908790588379,
        14.235315322875977,
        19.123138427734375,
        24.36859703063965,
        18.95951271057129,
        16.563079833984375,
        14.708307266235352,
        21.271631240844727,
        15.83897590637207,
        12.961994171142578,
        10.410707473754883,
        9.804693222045898,
        10.012105941772461,
        8.570515632629395,
        9.957453727722168,
        11.763566017150879,
        15.692337989807129,
        15.750826835632324
    ]
}