{
    "num_conv_blocks": 3,
    "initial_channels": 16,
    "dropout_rate": 0.33,
    "learning_rate": 0.001,
    "best_test_r2": 0.5671893358230591,
    "best_test_loss": 18.7890682220459,
    "final_train_r2": 0.4624406099319458,
    "train_r2_history": [
        -0.23113572597503662,
        -0.158522367477417,
        0.13618159294128418,
        -0.040574073791503906,
        -0.01546025276184082,
        -0.2080059051513672,
        -0.03333425521850586,
        -0.20672178268432617,
        0.0773586630821228,
        -0.027967333793640137,
        0.1015317440032959,
        -0.06510841846466064,
        -0.13258206844329834,
        0.11398279666900635,
        -0.20359253883361816,
        0.09250205755233765,
        0.24370163679122925,
        0.1861954927444458,
        0.20410484075546265,
        -0.04625368118286133,
        0.00015550851821899414,
        -0.21985554695129395,
        0.23536157608032227,
        0.046336352825164795,
        -0.011399388313293457,
        0.36058682203292847,
        0.19241565465927124,
        0.35317862033843994,
        0.05768817663192749,
        0.05996501445770264,
        -0.05998969078063965,
        0.12619274854660034,
        0.32097750902175903,
        0.3918120265007019,
        0.2905385494232178,
        0.10184645652770996,
        0.3007470369338989,
        0.34970682859420776,
        0.38094455003738403,
        0.2751648426055908,
        0.40452396869659424,
        0.3368210196495056,
        0.09607434272766113,
        0.4043418765068054,
        0.24346119165420532,
        0.39077621698379517,
        0.07283610105514526,
        0.30040180683135986,
        0.19385892152786255,
        0.3612979054450989,
        0.1708451509475708,
        0.27663207054138184,
        0.24811559915542603,
        0.27336585521698,
        0.3424062132835388,
        0.24161499738693237,
        0.3950886130332947,
        0.33726221323013306,
        0.34730327129364014,
        0.2394220232963562,
        0.27189022302627563,
        0.35101568698883057,
        0.4985557198524475,
        0.4952245354652405,
        0.2951400876045227,
        0.17106395959854126,
        0.22906529903411865,
        0.3685837984085083,
        0.2514873147010803,
        0.1499839425086975,
        0.41975390911102295,
        0.4234931468963623,
        0.47054582834243774,
        0.07608795166015625,
        0.36243927478790283,
        0.2284395694732666,
        0.28014296293258667,
        0.15315067768096924,
        0.5242308378219604,
        0.4967374801635742,
        0.4078240990638733,
        0.2676044702529907,
        0.30849963426589966,
        0.24325335025787354,
        0.4624406099319458
    ],
    "test_r2_history": [
        -0.32826268672943115,
        -0.09196698665618896,
        0.03153979778289795,
        -0.0012743473052978516,
        -0.01177215576171875,
        -0.0027723312377929688,
        0.06957298517227173,
        0.0833391547203064,
        0.21411651372909546,
        0.07157158851623535,
        0.025516867637634277,
        0.20843464136123657,
        0.24482256174087524,
        0.1412147879600525,
        0.3798498511314392,
        0.23644381761550903,
        0.24992984533309937,
        0.3045247793197632,
        0.31695127487182617,
        0.1270192265510559,
        0.044713616371154785,
        0.11094409227371216,
        0.18030714988708496,
        0.29248350858688354,
        0.29001355171203613,
        0.25703299045562744,
        0.36501872539520264,
        0.4214109778404236,
        0.3387235999107361,
        0.3493504524230957,
        0.3811766505241394,
        0.4028295874595642,
        0.30217891931533813,
        0.3464093804359436,
        0.3524855971336365,
        0.336864709854126,
        0.2821734547615051,
        0.33379918336868286,
        0.39946335554122925,
        0.39256298542022705,
        0.40622401237487793,
        0.42355817556381226,
        0.39914411306381226,
        0.3918376564979553,
        0.4321413040161133,
        0.4245561957359314,
        0.3943519592285156,
        0.40955650806427,
        0.40338945388793945,
        0.4242495894432068,
        0.41004979610443115,
        0.41645926237106323,
        0.42522352933883667,
        0.4471051096916199,
        0.45328646898269653,
        0.48858642578125,
        0.4605204463005066,
        0.4604983329772949,
        0.4728568196296692,
        0.48011505603790283,
        0.4894217848777771,
        0.49739211797714233,
        0.4601536989212036,
        0.4546349048614502,
        0.5166587829589844,
        0.5671893358230591,
        0.5480775833129883,
        0.5513594150543213,
        0.5315728187561035,
        0.5479418039321899,
        0.5264764428138733,
        0.48001766204833984,
        0.4626231789588928,
        0.47710365056991577,
        0.4689265489578247,
        0.47953152656555176,
        0.47948217391967773,
        0.4820782542228699,
        0.5007092952728271,
        0.5036648511886597,
        0.5093709826469421,
        0.5405806303024292,
        0.486350953578949,
        0.504504919052124,
        0.4985882639884949
    ],
    "train_loss_history": [
        71.34615830580394,
        62.38480854034424,
        48.008286476135254,
        52.92440605163574,
        50.35870520273844,
        60.64036432902018,
        56.433030446370445,
        63.06771469116211,
        51.90040318171183,
        55.558525721232094,
        46.97481950124105,
        40.75696245829264,
        54.83800450960795,
        50.03838491439819,
        57.70238367716471,
        45.04957024256388,
        26.188361207644146,
        44.22064320246378,
        37.77084445953369,
        47.45945930480957,
        36.28773816426595,
        60.34224383036295,
        34.982728481292725,
        46.6958122253418,
        47.915348052978516,
        26.332548300425213,
        41.761303742726646,
        32.70707015196482,
        38.34075959523519,
        39.756807486216225,
        54.54505713780721,
        33.11546071370443,
        23.64905325571696,
        25.245060920715332,
        34.25863790512085,
        39.65456930796305,
        25.031705379486084,
        36.68911870320638,
        21.204402814308803,
        28.852540175120037,
        28.080245971679688,
        25.737837473551433,
        31.847858270009358,
        25.864092111587524,
        36.20697935422262,
        21.705431858698528,
        45.54476499557495,
        36.00488042831421,
        33.8212103843689,
        24.96643002827962,
        43.95467456181844,
        30.978407700856526,
        27.523767630259197,
        35.4080556233724,
        28.022454102834065,
        33.50256077448527,
        35.49282650152842,
        25.04172158241272,
        22.374859929084778,
        34.51981989542643,
        26.188315391540527,
        22.368801931540172,
        30.46992842356364,
        24.74788697560628,
        31.0504469871521,
        32.91218423843384,
        41.0187181631724,
        35.13565866152445,
        25.618773460388184,
        46.44270547231039,
        24.74570854504903,
        20.651894410451252,
        20.26020908355713,
        32.18315203984579,
        35.59769399960836,
        27.060353755950928,
        26.80140256881714,
        34.45610745747884,
        20.02808888753255,
        19.78303360939026,
        24.870857397715252,
        26.181208928426106,
        29.06685209274292,
        33.15586233139038,
        18.909661134084065
    ],