{
    "num_conv_blocks": 4,
    "initial_channels": 32,
    "dropout_rate": 0.33,
    "learning_rate": 0.001,
    "best_test_r2": 0.5025070905685425,
    "best_test_loss": 1.7643022537231445,
    "final_train_r2": -6.238696575164795,
    "train_r2_history": [
        -147.79534912109375,
        -27.709932327270508,
        -23.223485946655273,
        -18.60466194152832,
        -17.274398803710938,
        -17.392715454101562,
        -13.886946678161621,
        -13.909175872802734,
        -7.720688819885254,
        -9.64394760131836,
        -14.45326042175293,
        -9.382447242736816,
        -10.171429634094238,
        -9.60075569152832,
        -12.67973518371582,
        -8.037885665893555,
        -11.744735717773438,
        -5.7977800369262695,
        -5.841512680053711,
        -5.401628017425537,
        -9.9903564453125,
        -6.546263694763184,
        -11.374082565307617,
        -9.24256706237793,
        -9.894194602966309,
        -5.969795227050781,
        -5.95966100692749,
        -7.789554595947266,
        -6.268983364105225,
        -7.333950996398926,
        -5.528034210205078,
        -6.056421756744385,
        -7.967296600341797,
        -8.037467002868652,
        -8.062545776367188,
        -6.665469169616699,
        -8.288195610046387,
        -6.331629753112793,
        -6.217889785766602,
        -8.387221336364746,
        -7.189867973327637,
        -8.650280952453613,
        -6.3651299476623535,
        -5.2197747230529785,
        -6.607497692108154,
        -6.1654486656188965,
        -9.618401527404785,
        -5.767553806304932,
        -8.156425476074219,
        -5.792943477630615,
        -6.430410861968994,
        -6.814919471740723,
        -4.839355945587158,
        -7.375218391418457,
        -5.36501932144165,
        -6.512223243713379,
        -3.6090807914733887,
        -5.909219741821289,
        -7.459982872009277,
        -11.809130668640137,
        -3.510282516479492,
        -6.989910125732422,
        -5.555775165557861,
        -4.434617042541504,
        -5.729748249053955,
        -4.702252388000488,
        -4.683263778686523,
        -6.5500311851501465,
        -6.242342472076416,
        -5.6662821769714355,
        -6.916854381561279,
        -4.847347259521484,
        -6.53294563293457,
        -7.177582740783691,
        -5.638409614562988,
        -7.140141487121582,
        -4.612489700317383,
        -5.453615665435791,
        -6.238696575164795
    ],
    "test_r2_history": [
        -193.03733825683594,
        -144.7613983154297,
        -86.36756134033203,
        -14.695768356323242,
        -6.045054912567139,
        -8.741783142089844,
        -1.8131024837493896,
        -3.907618999481201,
        -16.590087890625,
        -0.20640850067138672,
        -0.4531351327896118,
        -0.20050382614135742,
        -2.262298107147217,
        -5.855405807495117,
        -9.620704650878906,
        -0.3771899938583374,
        -0.6970919370651245,
        -5.075336456298828,
        -0.3428291082382202,
        -3.691983699798584,
        -1.8522818088531494,
        -1.3404366970062256,
        -0.3278251886367798,
        -1.8181121349334717,
        -0.19160544872283936,
        0.34377187490463257,
        0.38812851905822754,
        0.3285248875617981,
        -0.22793471813201904,
        -1.3562088012695312,
        -0.4824596643447876,
        0.3829485774040222,
        0.08080559968948364,
        -1.0034644603729248,
        -0.7324330806732178,
        0.27399277687072754,
        0.38565415143966675,
        0.39583051204681396,
        0.44016170501708984,
        0.4829392433166504,
        0.4872073531150818,
        0.416536808013916,
        0.3601081967353821,
        0.4585001468658447,
        0.4766364097595215,
        0.05404132604598999,
        -0.4285600185394287,
        -0.9726111888885498,
        -0.9049421548843384,
        -0.7735872268676758,
        -0.35138773918151855,
        -0.5506607294082642,
        -0.2117443084716797,
        -0.05481302738189697,
        0.15528792142868042,
        0.37847715616226196,
        0.4708128571510315,
        0.48518675565719604,
        0.5007568597793579,
        0.5025070905685425,
        0.4816451072692871,
        0.4230610728263855,
        0.3182407021522522,
        0.25645434856414795,
        0.24007022380828857,
        0.14549505710601807,
        -0.0604931116104126,
        -0.09654319286346436,
        -0.06676602363586426,
        -0.03754746913909912,
        -0.023029565811157227,
        0.06587439775466919,
        0.005924701690673828,
        0.11150604486465454,
        0.1535191535949707,
        0.28983497619628906,
        0.3266505002975464,
        0.32843804359436035,
        0.28491538763046265
    ],
    "train_loss_history": [
        506.47063716252643,
        118.8522154490153,
        86.84986241658528,
        80.11619154612224,
        67.40819485982259,
        69.42439778645833,
        58.72233772277832,
        58.61056264241537,
        36.06359831492106,
        37.703620274861656,
        64.90091514587402,
        37.53294658660889,
        40.0850879351298,
        50.040605545043945,
        47.480212132136025,
        40.8409481048584,
        51.50336265563965,
        23.6968940893809,
        26.682496388753254,
        22.26309061050415,
        38.72097476323446,
        30.292003472646076,
        44.07333548863729,
        38.83504104614258,
        40.751782735188804,
        24.989351511001587,
        24.472809473673504,
        36.61990737915039,
        25.26684578259786,
        31.23939832051595,
        30.577837467193604,
        35.39070653915405,
        39.51939392089844,
        30.91297330458959,
        31.614807685216267,
        26.81921323140462,
        35.13151836395264,
        26.7479346593221,
        27.615983327229817,
        35.822875022888184,
        30.19482135772705,
        35.31700770060221,
        26.896263281504314,
        23.18665901819865,
        28.058014233907063,
        27.5588272412618,
        47.682601610819496,
        23.802444060643513,
        34.25358565648397,
        24.915050506591797,
        26.3114496866862,
        33.013462702433266,
        22.73303731282552,
        29.01787233352661,
        24.32492446899414,
        31.589298486709595,
        17.295592466990154,
        27.89857244491577,
        34.44426186879476,
        45.51593526204427,
        15.486267666021982,
        29.7049773534139,
        23.625029404958088,
        23.2153803507487,
        24.967628637949627,
        27.294257481892902,
        21.891727447509766,
        28.629403750101726,
        25.208531220753986,
        25.294069449106853,
        28.96905295054118,
        20.40627121925354,
        30.633321126302082,
        32.41202195485433,
        36.64602788289388,
        28.771153926849365,
        23.200704495112102,
        22.27832631270091,
        28.143901030222576
    ],