{
    "num_conv_blocks": 2,
    "initial_channels": 64,
    "dropout_rate": 0.33,
    "learning_rate": 0.0001,
    "best_test_r2": 0.5297369956970215,
    "best_test_loss": 17.439111709594727,
    "final_train_r2": 0.4816662073135376,
    "train_r2_history": [
        -2.047783136367798,
        -0.22209930419921875,
        -0.32630467414855957,
        0.3886747360229492,
        0.10746598243713379,
        -0.0307084321975708,
        -0.08050084114074707,
        0.046132028102874756,
        0.24824672937393188,
        0.1245606541633606,
        0.12310928106307983,
        -0.05135679244995117,
        0.2238735556602478,
        0.3578125238418579,
        0.12088280916213989,
        0.29634231328964233,
        0.2743455767631531,
        0.18523657321929932,
        0.37874114513397217,
        0.2246585488319397,
        0.20088517665863037,
        0.38295793533325195,
        0.11695033311843872,
        0.45664137601852417,
        0.2677041292190552,
        0.4823489785194397,
        -0.0006300210952758789,
        0.4080590009689331,
        0.47028613090515137,
        0.2882770299911499,
        0.34930598735809326,
        0.33390963077545166,
        0.4147501587867737,
        0.2843703031539917,
        0.3719335198402405,
        0.627780020236969,
        0.5262095332145691,
        0.07490795850753784,
        0.3513232469558716,
        0.3983278274536133,
        0.5026987195014954,
        0.5205905437469482,
        0.601822018623352,
        0.32039976119995117,
        0.4709089398384094,
        0.4758661389350891,
        0.374347984790802,
        0.6593056917190552,
        0.460689902305603,
        0.6073024272918701,
        0.2978646755218506,
        0.5406842231750488,
        0.62082839012146,
        0.666124701499939,
        0.5890857577323914,
        0.605977475643158,
        0.5759027600288391,
        0.42228883504867554,
        0.6156296730041504,
        0.4297369718551636,
        0.7445329427719116,
        0.5156320929527283,
        0.45094752311706543,
        0.470056414604187,
        0.4816662073135376
    ],
    "test_r2_history": [
        -4.312139511108398,
        -3.3011202812194824,
        -2.5710768699645996,
        -1.934720754623413,
        -1.4321963787078857,
        -1.0545685291290283,
        -0.5834276676177979,
        -0.44624650478363037,
        -0.30393898487091064,
        -0.059435367584228516,
        0.10013085603713989,
        0.14939558506011963,
        0.2872474789619446,
        0.3856845498085022,
        0.38640856742858887,
        0.39304059743881226,
        0.4024689197540283,
        0.4134255051612854,
        0.4308202266693115,
        0.32739806175231934,
        0.3079298138618469,
        0.37087345123291016,
        0.41143691539764404,
        0.44078195095062256,
        0.36150026321411133,
        0.3494373559951782,
        0.44588369131088257,
        0.42789125442504883,
        0.4493595361709595,
        0.40998923778533936,
        0.3226945400238037,
        0.4274863600730896,
        0.4239591956138611,
        0.37783098220825195,
        0.3590508699417114,
        0.4170435070991516,
        0.4825708866119385,
        0.5245492458343506,
        0.5286364555358887,
        0.5034012794494629,
        0.4053715467453003,
        0.3560944199562073,
        0.325015664100647,
        0.476989209651947,
        0.4985397458076477,
        0.5297369956970215,
        0.4760599732398987,
        0.4443643093109131,
        0.41826510429382324,
        0.4011378884315491,
        0.4366121292114258,
        0.47104763984680176,
        0.4694250226020813,
        0.4560801386833191,
        0.42922621965408325,
        0.3920683264732361,
        0.40133267641067505,
        0.3817569613456726,
        0.3938814401626587,
        0.40550899505615234,
        0.4090455174446106,
        0.413093626499176,
        0.4317084550857544,
        0.4300159215927124,
        0.43179160356521606
    ],
    "train_loss_history": [
        230.38207054138184,
        90.56948094069958,
        145.44986534118652,
        46.630236784617104,
        67.69685173034668,
        77.4810037612915,
        86.54410298665364,
        107.76232242584229,
        58.33591636021932,
        67.95748106638591,
        69.75300979614258,
        80.00950177510579,
        57.67621044317881,
        48.953444957733154,
        71.99369049072266,
        53.49115069707235,
        58.93795426686605,
        66.22269757588704,
        49.042476971944176,
        62.26790062586466,
        62.62438138326009,
        46.63423204421997,
        68.43114185333252,
        44.096700032552086,
        55.78041823705038,
        40.33566665649414,
        75.2066863377889,
        54.992447217305504,
        39.33294220765432,
        54.35163656870524,
        51.952004750569664,
        49.62494536240896,
        43.7152148882548,
        55.446766217549644,
        49.091423670450844,
        32.94354756673177,
        36.42693487803141,
        72.13324292500813,
        50.1820338567098,
        45.35082848866781,
        37.26639219125112,
        35.64185218016306,
        37.13611380259196,
        50.540535589059196,
        42.345423221588135,
        42.0041929880778,
        47.85904407501221,
        25.259707883000374,
        40.15751977761587,
        30.45538107554118,
        54.38157558441162,
        34.27963791290919,
        28.71852509180705,
        28.94010861714681,
        30.995834747950237,
        30.261173884073894,
        32.08420459429423,
        45.75972938537598,
        30.442752679189045,
        44.859198888142906,
        19.809823433558147,
        35.947044322888054,
        41.885541121164955,
        40.777055740356445,
        39.05294760068258
    ],
    "test_loss_history": [
        196.99398803710938,
        159.5016326904297,
        132.42889404296875,
        108.83042907714844,
        90.19493865966797,
        76.19108581542969,
        58.719425201416016,
        53.632240295410156,
        48.35493087768555,
        39.28782272338867,
        33.370513916015625,
        31.543598175048828,
        26.43153190612793,
        22.781116485595703,
        22.7542667388916,
        22.508325576782227,
        22.158687591552734,
        21.752378463745117,
        21.107318878173828,
        24.942598342895508,
        25.664546966552734,
        23.330366134643555,
        21.826120376586914,
        20.737897872924805,
        23.677959442138672,
        24.12529754638672,
        20.5487060546875,
        21.215932846069336,
        20.419809341430664,
        21.879810333251953,
        25.11701774597168,
        21.23094940185547,
        21.36174774169922,
        23.072355270385742,
        23.76879119873047,
        21.618206024169922,
        19.188207626342773,
        17.631492614746094,
        17.47992515563965,
        18.415735244750977,
        22.051048278808594,
        23.878427505493164,
        25.030946731567383,
        19.395198822021484,
        18.59602165222168,
        17.439111709594727,
        19.429655075073242,
        20.605051040649414,
        21.57291030883789,
        22.208045959472656,
        20.892528533935547,
        19.61553192138672,
        19.675704956054688,
        20.17058563232422,
        21.166425704956055,
        22.544382095336914,
        22.200824737548828,
        22.9267635345459,
        22.477144241333008,
        22.04595375061035,
        21.914804458618164,
        21.764686584472656,
        21.07437515258789,
        21.137144088745117,
        21.07129669189453
    ]
}