{
    "num_conv_blocks": 3,
    "initial_channels": 32,
    "dropout_rate": 0.33,
    "learning_rate": 0.0001,
    "best_test_r2": 0.5305201411247253,
    "best_test_loss": 17.410070419311523,
    "final_train_r2": 0.2037750482559204,
    "train_r2_history": [
        -2.690810203552246,
        -2.010444164276123,
        -1.1585545539855957,
        -0.6196763515472412,
        -0.03225529193878174,
        0.08100038766860962,
        0.13707518577575684,
        0.10511153936386108,
        0.27025681734085083,
        0.14390677213668823,
        0.1615760326385498,
        0.2551933526992798,
        0.12305361032485962,
        0.27210378646850586,
        -0.11664474010467529,
        0.14497703313827515,
        -0.02925264835357666,
        0.18752562999725342,
        0.14974617958068848,
        0.25713998079299927,
        0.26276689767837524,
        0.18840038776397705,
        0.1927783489227295,
        0.46371835470199585,
        0.024075686931610107,
        0.3640404939651489,
        0.4102502465248108,
        0.006314396858215332,
        0.24871128797531128,
        0.07497245073318481,
        0.3168397545814514,
        0.04059624671936035,
        0.12885284423828125,
        0.35420382022857666,
        0.2803947925567627,
        0.16424649953842163,
        0.264826238155365,
        0.24288225173950195,
        0.28572678565979004,
        0.09982508420944214,
        0.3670787811279297,
        0.22699850797653198,
        0.280198872089386,
        0.23879790306091309,
        0.17465341091156006,
        0.24979794025421143,
        0.10009270906448364,
        0.4569081664085388,
        0.16113710403442383,
        0.3203744888305664,
        0.24599206447601318,
        0.298938512802124,
        0.34251707792282104,
        0.21118205785751343,
        0.2867034673690796,
        0.18853330612182617,
        0.3418038487434387,
        0.23032140731811523,
        0.3500264883041382,
        0.2720576524734497,
        0.15557146072387695,
        0.4890339970588684,
        0.44596582651138306,
        0.32070595026016235,
        0.3796105980873108,
        0.2510227560997009,
        0.20396482944488525,
        0.32574260234832764,
        0.2699967622756958,
        0.2037750482559204
    ],
    "test_r2_history": [
        -4.70228910446167,
        -4.412796497344971,
        -4.018570423126221,
        -3.5640268325805664,
        -3.2239890098571777,
        -2.5869157314300537,
        -1.825645923614502,
        -1.2706544399261475,
        -0.8309564590454102,
        -0.3728276491165161,
        -0.2582319974899292,
        -0.14773130416870117,
        -0.03275489807128906,
        -0.035132765769958496,
        -0.07848763465881348,
        -0.04807102680206299,
        0.045587360858917236,
        0.2556622624397278,
        0.33823972940444946,
        0.4542563557624817,
        0.4256361126899719,
        0.39752620458602905,
        0.09489947557449341,
        0.1333993673324585,
        0.38366270065307617,
        0.43754076957702637,
        0.3654932379722595,
        0.3131222128868103,
        0.2699771523475647,
        0.3546842932701111,
        0.4006492495536804,
        0.4214785099029541,
        0.4365391135215759,
        0.470893919467926,
        0.44140762090682983,
        0.4513745903968811,
        0.47590863704681396,
        0.4770175814628601,
        0.473335862159729,
        0.41940778493881226,
        0.4128285050392151,
        0.4455919861793518,
        0.4673798084259033,
        0.42353981733322144,
        0.4489772319793701,
        0.45821064710617065,
        0.4480142593383789,
        0.47941315174102783,
        0.4793664813041687,
        0.4854893088340759,
        0.5305201411247253,
        0.49059557914733887,
        0.4620512127876282,
        0.47390300035476685,
        0.461042582988739,
        0.44254064559936523,
        0.4364559054374695,
        0.4632399082183838,
        0.4500815272331238,
        0.43858832120895386,
        0.4563252329826355,
        0.42569053173065186,
        0.45191603899002075,
        0.39980047941207886,
        0.41638821363449097,
        0.44391417503356934,
        0.47309374809265137,
        0.44696009159088135,
        0.4481492042541504,
        0.4434025287628174
    ],
    "train_loss_history": [
        293.5435485839844,
        231.2386105855306,
        164.1383399963379,
        120.13128906488419,
        79.6843630472819,
        68.88197827339172,
        71.06661987304688,
        72.26304944356282,
        55.87919155756632,
        65.32112836837769,
        71.38171482086182,
        57.8353214263916,
        68.61883163452148,
        60.32567151387533,
        84.64318720499675,
        71.41068998972575,
        77.1284351348877,
        68.1729564666748,
        67.6391552289327,
        57.08231512705485,
        59.3299085299174,
        63.708237965901695,
        65.95280488332112,
        43.91051832834879,
        75.7706880569458,
        50.35119215647379,
        45.25040849049886,
        76.24957688649495,
        60.93815326690674,
        72.65929539998372,
        53.29686689376831,
        74.69120438893636,
        65.76431687672932,
        51.48039944966634,
        55.565138816833496,
        63.974571228027344,
        57.197176933288574,
        58.67033672332764,
        56.493194262186684,
        71.09255917867024,
        50.14246543248495,
        58.33281230926514,
        61.09672896067301,
        58.38215700785319,
        65.4903917312622,
        63.90186993281046,
        70.38582944869995,
        47.373936812082924,
        63.39453363418579,
        54.3737850189209,
        59.67424122492472,
        57.106629053751625,
        50.94606765111288,
        62.660586992899574,
        54.79623667399088,
        62.71739260355631,
        50.509576638539635,
        57.34633580843607,
        51.72027174631754,
        60.43823369344076,
        72.96275154749553,
        39.47056007385254,
        43.164122581481934,
        55.18381214141846,
        51.59264214833578,
        61.89087073008219,
        63.06840419769287,
        50.58471425374349,
        55.88390986124674,
        62.13132890065511
    ],