{
    "num_conv_blocks": 2,
    "initial_channels": 16,
    "dropout_rate": 0.33,
    "learning_rate": 0.001,
    "best_test_r2": 0.5057388544082642,
    "best_test_loss": 18.329050064086914,
    "final_train_r2": 0.2868174910545349,
    "train_r2_history": [
        -1.4190418720245361,
        -0.03188455104827881,
        0.13309955596923828,
        -0.40815043449401855,
        -0.005244135856628418,
        -0.5226747989654541,
        -0.38392841815948486,
        -0.1808764934539795,
        -0.0893627405166626,
        -0.19055187702178955,
        -0.26264429092407227,
        0.1257694959640503,
        0.2058401107788086,
        -0.1643199920654297,
        -0.20089077949523926,
        0.08469092845916748,
        0.05457848310470581,
        -0.13155591487884521,
        0.0800512433052063,
        -0.08394169807434082,
        0.08971577882766724,
        -0.01887965202331543,
        -0.20484614372253418,
        -0.11721599102020264,
        0.1758304238319397,
        0.3119436502456665,
        -0.2669103145599365,
        0.0033464431762695312,
        0.2166932225227356,
        -0.12541842460632324,
        0.14796912670135498,
        -0.01098477840423584,
        0.06677031517028809,
        -0.07593274116516113,
        0.2041521668434143,
        0.3962287902832031,
        0.11836874485015869,
        0.1143684983253479,
        0.18283146619796753,
        0.1272963285446167,
        0.11115306615829468,
        0.2022629976272583,
        0.00523066520690918,
        0.2868174910545349
    ],
    "test_r2_history": [
        -3.0674099922180176,
        -2.4995577335357666,
        -1.610006332397461,
        -1.078312635421753,
        -0.20138132572174072,
        -0.23194193840026855,
        -0.5094194412231445,
        -0.06976830959320068,
        -0.5706167221069336,
        -0.1285167932510376,
        -0.19210875034332275,
        0.31894809007644653,
        0.18636459112167358,
        -0.03442645072937012,
        -0.49371016025543213,
        -0.27154338359832764,
        -0.23433685302734375,
        -0.22090888023376465,
        0.08317232131958008,
        0.3648074269294739,
        0.37454891204833984,
        0.2899303436279297,
        0.36234360933303833,
        0.3764601945877075,
        0.5057388544082642,
        0.46330374479293823,
        0.46591782569885254,
        0.37674397230148315,
        0.11925387382507324,
        0.17584222555160522,
        0.3251136541366577,
        0.4296606183052063,
        0.44672703742980957,
        0.39282047748565674,
        0.36229848861694336,
        0.36457669734954834,
        0.29905104637145996,
        0.2934694290161133,
        0.332707941532135,
        0.28907066583633423,
        0.3065236806869507,
        0.33612924814224243,
        0.3553972840309143,
        0.4039754271507263
    ],
    "train_loss_history": [
        184.35818417867026,
        86.23897743225098,
        85.17979749043782,
        109.91023254394531,
        75.7355825106303,
        158.54452006022134,
        114.90418116251628,
        89.68606472015381,
        110.65755303700765,
        88.53264772891998,
        98.25646114349365,
        71.80463600158691,
        60.68099308013916,
        90.70172055562337,
        95.43192799886067,
        69.91117731730144,
        109.6106783548991,
        85.1893458366394,
        72.72696955998738,
        90.02080154418945,
        73.37119483947754,
        90.66617075602214,
        91.06214300791423,
        83.60079892476399,
        75.04125531514485,
        54.68523724873861,
        95.29699023564656,
        76.86813290913899,
        58.78690234820048,
        86.12694454193115,
        66.37232812245686,
        77.08939520517985,
        70.44505389531453,
        82.71121629079182,
        59.13573116064072,
        44.71922700262318,
        67.44907029469807,
        69.73902289072673,
        60.92778921127319,
        65.88769324620564,
        66.70103152592976,
        63.38965861002604,
        74.52619274457295,
        58.24225997924805
    ],
    "test_loss_history": [
        150.8347930908203,
        129.77670288085938,
        96.7887954711914,
        77.07160949707031,
        44.55172348022461,
        45.68501281738281,
        55.974918365478516,
        39.671016693115234,
        58.24434280395508,
        41.8496208190918,
        44.20785140991211,
        25.255952835083008,
        30.172643661499023,
        38.36040496826172,
        55.39237594604492,
        47.15359115600586,
        45.77383041381836,
        45.27586364746094,
        33.9994010925293,
        23.55531883239746,
        23.19406509399414,
        26.332040786743164,
        23.646684646606445,
        23.123188018798828,
        18.329050064086914,
        19.902706146240234,
        19.80576515197754,
        23.112667083740234,
        32.66136169433594,
        30.562850952148438,
        25.02730941772461,
        21.150318145751953,
        20.517433166503906,
        22.516489028930664,
        23.648357391357422,
        23.563875198364258,
        25.993810653686523,
        26.20079803466797,
        24.745689392089844,
        26.36391830444336,
        25.716697692871094,
        24.61881446838379,
        23.904279708862305,
        22.102819442749023
    ]
}