{
    "num_conv_blocks": 4,
    "initial_channels": 32,
    "dropout_rate": 0.33,
    "learning_rate": 0.0001,
    "best_test_r2": 0.5104280114173889,
    "best_test_loss": 18.155160903930664,
    "final_train_r2": 0.19971191883087158,
    "train_r2_history": [
        -2.713487386703491,
        -2.2627158164978027,
        -1.6712501049041748,
        -1.0901155471801758,
        -0.37415897846221924,
        -0.14296412467956543,
        -0.0022454261779785156,
        0.07607060670852661,
        -0.03460061550140381,
        0.16923338174819946,
        0.04020273685455322,
        0.3217895030975342,
        0.3067903518676758,
        0.14373868703842163,
        0.15866851806640625,
        0.161859393119812,
        0.4192410111427307,
        0.044145286083221436,
        0.09213435649871826,
        0.022402942180633545,
        0.3061661720275879,
        0.21084314584732056,
        0.06354868412017822,
        0.11319583654403687,
        0.3304709792137146,
        0.3426663279533386,
        0.3090168237686157,
        0.3637632727622986,
        0.29268234968185425,
        0.08468496799468994,
        0.31041616201400757,
        -0.028707146644592285,
        0.3640662431716919,
        0.1409403681755066,
        0.25588011741638184,
        0.429155170917511,
        0.12826329469680786,
        0.22151082754135132,
        0.39794838428497314,
        0.18449687957763672,
        0.4694328308105469,
        0.07728075981140137,
        0.4128316640853882,
        0.06427228450775146,
        0.17066198587417603,
        0.42217379808425903,
        -0.0003832578659057617,
        0.024274349212646484,
        0.26399844884872437,
        0.42177456617355347,
        0.46211451292037964,
        0.19971740245819092,
        0.46082204580307007,
        0.5175867676734924,
        0.1318696141242981,
        0.29896825551986694,
        0.2941477298736572,
        0.29892921447753906,
        0.2972677946090698,
        0.3600894808769226,
        0.2815861701965332,
        0.26009804010391235,
        0.3192407488822937,
        0.3461880683898926,
        0.3442985415458679,
        0.19401317834854126,
        0.4506668448448181,
        0.35140419006347656,
        0.4031130075454712,
        0.35497885942459106,
        0.2527446746826172,
        0.2168337106704712,
        -0.07712864875793457,
        0.27518969774246216,
        0.3195796608924866,
        0.16615402698516846,
        0.15694206953048706,
        0.19971191883087158
    ],
    "test_r2_history": [
        -4.720909118652344,
        -4.543629169464111,
        -4.2825846672058105,
        -3.9840502738952637,
        -3.575860023498535,
        -2.987985134124756,
        -2.037048816680908,
        -1.0458593368530273,
        -0.23774170875549316,
        -0.16427969932556152,
        -0.28331220149993896,
        -0.399078369140625,
        -0.5696406364440918,
        -0.6437631845474243,
        -0.36579930782318115,
        0.13862574100494385,
        0.23342293500900269,
        0.17851150035858154,
        0.17321228981018066,
        0.08107948303222656,
        -0.06822967529296875,
        0.09725230932235718,
        0.22457212209701538,
        0.28320974111557007,
        0.30289578437805176,
        0.24420970678329468,
        0.20192557573318481,
        0.21532440185546875,
        0.29883718490600586,
        0.39678287506103516,
        0.4574289321899414,
        0.4042307138442993,
        0.4512508511543274,
        0.4811607003211975,
        0.41091376543045044,
        0.3589969277381897,
        0.3788469433784485,
        0.4101215600967407,
        0.4156944155693054,
        0.43525469303131104,
        0.42543739080429077,
        0.44917982816696167,
        0.4651256799697876,
        0.48203009366989136,
        0.482455849647522,
        0.4555168151855469,
        0.4726848006248474,
        0.4327244162559509,
        0.4409399628639221,
        0.43862372636795044,
        0.45935046672821045,
        0.4372023940086365,
        0.4291154742240906,
        0.4595024585723877,
        0.4486010670661926,
        0.4491727352142334,
        0.4706380367279053,
        0.4895201325416565,
        0.5104280114173889,
        0.49632054567337036,
        0.49586737155914307,
        0.49094343185424805,
        0.48317527770996094,
        0.4760127663612366,
        0.46463167667388916,
        0.482918381690979,
        0.46729403734207153,
        0.4749455451965332,
        0.4765279293060303,
        0.4641955494880676,
        0.4710790514945984,
        0.48003894090652466,
        0.47880154848098755,
        0.4856235980987549,
        0.48015546798706055,
        0.46419501304626465,
        0.48343873023986816,
        0.47626686096191406
    ],
    "train_loss_history": [
        294.9317372639974,
        259.0390446980794,
        205.16440073649088,
        155.40530228614807,
        102.2027055422465,
        85.29627068837483,
        79.49589729309082,
        71.7491725285848,
        93.54076830546062,
        65.43539714813232,
        76.6853380203247,
        53.630008697509766,
        51.51737360159556,
        64.69924322764079,
        67.36928621927898,
        65.43544006347656,
        45.564838568369545,
        72.96530040105183,
        74.53695138295491,
        73.9940660794576,
        58.527770360310875,
        66.41302442550659,
        73.59223000208537,
        69.68201287587483,
        54.000283559163414,
        50.09853744506836,
        53.906869093577065,
        50.55083783467611,
        56.05840333302816,
        75.07861566543579,
        56.73158041636149,
        79.50769710540771,
        52.614828745524086,
        71.77200889587402,
        57.77243836720785,
        49.13054943084717,
        67.13248475392659,
        59.42577966054281,
        45.47627719243368,
        78.68625005086263,
        41.057814280192055,
        69.16623330116272,
        46.3261669476827,
        75.33915710449219,
        64.16815408070882,
        44.28937482833862,
        79.52569389343262,
        74.46576976776123,
        59.73814884821574,
        46.58315738042196,
        42.71450694402059,
        60.8833262125651,
        41.551873524983726,
        37.58516105016073,
        66.66022491455078,
        53.86238686243693,
        53.774344285329185,
        55.5506846110026,
        54.48131767908732,
        56.9845085144043,
        58.369754473368324,
        58.58326212565104,
        55.10211133956909,
        51.68597888946533,
        52.311384201049805,
        63.63629881540934,
        47.140483697255455,
        51.09981187184652,
        44.79578145345052,
        52.856391270955406,
        57.83216794331869,
        59.20886516571045,
        89.19311650594075,
        56.98214467366537,
        50.997063636779785,
        64.55869102478027,
        68.52997239430745,
        60.394444624582924
    ],