{
    "num_conv_blocks": 2,
    "initial_channels": 64,
    "dropout_rate": 0.33,
    "learning_rate": 0.001,
    "best_test_r2": -0.3044935464859009,
    "best_test_loss": 5.136105537414551,
    "final_train_r2": 0.15561819076538086,
    "train_r2_history": [
        -35.754173278808594,
        -3.9366049766540527,
        -2.2272725105285645,
        -2.4788320064544678,
        -1.199253797531128,
        -1.0400121212005615,
        -0.8880336284637451,
        -0.7641282081604004,
        -0.06098353862762451,
        -0.17277491092681885,
        -0.5489774942398071,
        -0.3106343746185303,
        -0.3770484924316406,
        -0.07279098033905029,
        -0.44883036613464355,
        -0.8766732215881348,
        -0.19226789474487305,
        -0.48222553730010986,
        -0.45281028747558594,
        -0.4047929048538208,
        -0.27965247631073,
        -0.06144368648529053,
        -0.2501312494277954,
        -0.28395652770996094,
        0.1155821681022644,
        -0.13469207286834717,
        -0.008967280387878418,
        0.012961268424987793,
        0.04212123155593872,
        0.15561819076538086
    ],
    "test_r2_history": [
        -1.5069055557250977,
        -0.39154255390167236,
        -0.8478164672851562,
        -0.4472728967666626,
        -0.3413376808166504,
        -0.5585895776748657,
        -0.6164090633392334,
        -0.46987760066986084,
        -0.6345826387405396,
        -0.41391491889953613,
        -0.3044935464859009,
        -0.671924352645874,
        -0.6999406814575195,
        -0.4778177738189697,
        -0.3319664001464844,
        -0.7358165979385376,
        -0.7311463356018066,
        -0.7022669315338135,
        -0.5331417322158813,
        -0.4087560176849365,
        -0.37921106815338135,
        -0.3413461446762085,
        -0.4007556438446045,
        -0.4160972833633423,
        -0.4073927402496338,
        -0.4061166048049927,
        -0.3507821559906006,
        -0.3462327718734741,
        -0.3721071481704712,
        -0.39664721488952637
    ],
    "train_loss_history": [
        52.91090037425359,
        8.726878941059113,
        4.638320582608382,
        5.441335757573445,
        3.79265304406484,
        2.9703196038802466,
        2.725705166657766,
        2.874572237332662,
        1.9402689188718796,
        1.7029017607371013,
        2.6544671058654785,
        1.8812625566497445,
        2.0731297582387924,
        1.546438400944074,
        2.2914602756500244,
        2.7245485136906304,
        1.7856867512067158,
        2.1941391279300055,
        2.1343974570433297,
        2.0642519295215607,
        1.9383308986822765,
        1.5434550543626149,
        1.8339525560537975,
        1.8879125515619914,
        1.3602433800697327,
        1.7694105803966522,
        1.5133591989676158,
        1.6195826729138691,
        1.4623035093148549,
        1.307214265068372
    ],
    "test_loss_history": [
        9.87028980255127,
        5.478837490081787,
        7.275298118591309,
        5.698261737823486,
        5.281169414520264,
        6.136542320251465,
        6.36419153213501,
        5.787262439727783,
        6.435744285583496,
        5.56692361831665,
        5.136105537414551,
        6.58276891708374,
        6.693075656890869,
        5.818524360656738,
        5.244271755218506,
        6.8343281745910645,
        6.815939903259277,
        6.702234745025635,
        6.03634786605835,
        5.546612739562988,
        5.430285930633545,
        5.28120231628418,
        5.515112400054932,
        5.575516223907471,
        5.541243553161621,
        5.536220073699951,
        5.318355083465576,
        5.300442695617676,
        5.402316093444824,
        5.498936176300049
    ]
}