{
    "num_conv_blocks": 4,
    "initial_channels": 32,
    "dropout_rate": 0.33,
    "learning_rate": 0.001,
    "best_test_r2": 0.3229292035102844,
    "best_test_loss": 2.4011549949645996,
    "final_train_r2": -3.083563804626465,
    "train_r2_history": [
        -134.34405517578125,
        -46.56449890136719,
        -30.828235626220703,
        -13.698530197143555,
        -11.638143539428711,
        -14.305680274963379,
        -13.31342887878418,
        -8.979594230651855,
        -7.417898178100586,
        -12.996132850646973,
        -11.275474548339844,
        -8.376920700073242,
        -10.200789451599121,
        -7.159206390380859,
        -6.336706161499023,
        -5.368142127990723,
        -8.72509479522705,
        -6.358371734619141,
        -11.02954387664795,
        -8.15884017944336,
        -7.957213401794434,
        -8.478775024414062,
        -8.16208267211914,
        -7.733814239501953,
        -6.584410667419434,
        -7.797713279724121,
        -8.410415649414062,
        -5.49077844619751,
        -6.108105659484863,
        -6.016372203826904,
        -4.34061336517334,
        -8.702404975891113,
        -3.083563804626465
    ],
    "test_r2_history": [
        -171.43695068359375,
        -137.72288513183594,
        -72.6178970336914,
        -6.254690647125244,
        -31.73693084716797,
        -20.30950355529785,
        0.14834046363830566,
        -2.507021903991699,
        -0.9760265350341797,
        -0.5222972631454468,
        -4.820306777954102,
        -0.6133787631988525,
        -0.5300085544586182,
        0.3229292035102844,
        -0.15800726413726807,
        -1.194145917892456,
        -2.1570165157318115,
        -0.7508335113525391,
        -0.4268261194229126,
        -0.34307050704956055,
        -0.4061828851699829,
        -0.35499703884124756,
        -2.737240791320801,
        -2.0287744998931885,
        0.16472339630126953,
        0.24799621105194092,
        -0.040436387062072754,
        -0.3937894105911255,
        -2.134086847305298,
        -2.647120714187622,
        -1.8762857913970947,
        -0.8719407320022583,
        -0.6858373880386353
    ],
    "train_loss_history": [
        465.6416600545247,
        168.27313963572183,
        119.15249252319336,
        53.14280573527018,
        49.011082331339516,
        52.409228444099426,
        56.14365450541178,
        40.705070654551186,
        30.198394139607746,
        50.53854942321777,
        41.91903007030487,
        32.88419953982035,
        38.39364743232727,
        28.40800142288208,
        31.851032257080078,
        25.958749930063885,
        34.21060927708944,
        25.057430664698284,
        43.16658687591553,
        31.27320886651675,
        32.72433312733968,
        54.52484544118246,
        37.14410209655762,
        31.879165013631184,
        25.851533129811287,
        33.183809439341225,
        33.18112723032633,
        33.04821411768595,
        24.870327631632488,
        26.948742548624676,
        18.70033327738444,
        41.797657330830894,
        14.174493233362833
    ],
    "test_loss_history": [
        611.5281372070312,
        491.965087890625,
        261.0775146484375,
        25.727937698364258,
        116.09781646728516,
        75.57174682617188,
        3.0203142166137695,
        12.437256813049316,
        7.007753372192383,
        5.398655414581299,
        20.641061782836914,
        5.721664905548096,
        5.42600154876709,
        2.4011549949645996,
        4.106741905212402,
        7.781290531158447,
        11.196002006530762,
        6.209132194519043,
        5.06007719039917,
        4.763047695159912,
        4.986868381500244,
        4.8053436279296875,
        13.253702163696289,
        10.741206169128418,
        2.9622139930725098,
        2.666896104812622,
        3.6897897720336914,
        4.942915916442871,
        11.114686012268066,
        12.934101104736328,
        10.200422286987305,
        6.638625621795654,
        5.978631496429443
    ]
}