{
    "num_conv_blocks": 4,
    "initial_channels": 64,
    "dropout_rate": 0.33,
    "learning_rate": 0.001,
    "best_test_r2": -0.02077627182006836,
    "best_test_loss": 4.019042015075684,
    "final_train_r2": 0.006971478462219238,
    "train_r2_history": [
        -1.8388397693634033,
        -0.9726135730743408,
        -0.899004340171814,
        -0.8477946519851685,
        -0.24450862407684326,
        -0.6820273399353027,
        -0.8631724119186401,
        -0.6783496141433716,
        -0.5684212446212769,
        -0.3352210521697998,
        -0.41386568546295166,
        -0.3993934392929077,
        -0.5888497829437256,
        -0.12986040115356445,
        -0.6403110027313232,
        0.007725059986114502,
        -0.28990769386291504,
        -0.4636272192001343,
        0.15610402822494507,
        0.14621824026107788,
        -0.17083096504211426,
        -0.2567199468612671,
        -0.12699472904205322,
        -0.186234712600708,
        -0.005870819091796875,
        -0.8710135221481323,
        -0.07287120819091797,
        -0.24554109573364258,
        0.006971478462219238
    ],
    "test_r2_history": [
        -0.48968183994293213,
        -0.5174344778060913,
        -0.7649277448654175,
        -0.6137905120849609,
        -1.7235021591186523,
        -1.8337645530700684,
        -0.8446400165557861,
        -0.4833580255508423,
        -0.1864914894104004,
        -0.02077627182006836,
        -0.19183659553527832,
        -0.6293107271194458,
        -0.4556844234466553,
        -0.3566293716430664,
        -0.4207996129989624,
        -0.27406132221221924,
        -0.331645131111145,
        -0.21314966678619385,
        -0.27420365810394287,
        -0.2783944606781006,
        -0.11320841312408447,
        -0.03479146957397461,
        -0.1432737112045288,
        -0.24895179271697998,
        -0.38220489025115967,
        -0.4411768913269043,
        -0.4817544221878052,
        -0.4237278699874878,
        -0.33001792430877686
    ],
    "train_loss_history": [
        4.805966416994731,
        3.2734633088111877,
        2.8868556121985116,
        2.653586409986019,
        2.19611265261968,
        2.6068762938181558,
        2.8919957677523294,
        2.4546626110871634,
        2.396204431851705,
        1.9221959163745244,
        2.2586060166358948,
        2.169514993826548,
        2.295560429493586,
        1.6230075086156528,
        2.410561263561249,
        1.5003445148468018,
        1.9066205968459446,
        2.172691504160563,
        1.2329327861467998,
        1.4342358112335205,
        1.7278136610984802,
        1.8964527149995167,
        1.6454563289880753,
        1.8253900210062664,
        1.4650688941280048,
        2.704225276907285,
        1.7014014199376106,
        1.806563471754392,
        1.4477234880129497
    ],
    "test_loss_history": [
        5.865235805511475,
        5.9745049476623535,
        6.948944568634033,
        6.353882312774658,
        10.723085403442383,
        11.15721321105957,
        7.262791633605957,
        5.840338230133057,
        4.671502590179443,
        4.019042015075684,
        4.692547798156738,
        6.414988994598389,
        5.731379985809326,
        5.341376304626465,
        5.594030380249023,
        5.0162858963012695,
        5.243006706237793,
        4.776462078094482,
        5.016847133636475,
        5.033346652984619,
        4.382969856262207,
        4.074223518371582,
        4.501343727111816,
        4.917424201965332,
        5.442074775695801,
        5.674260139465332,
        5.834023952484131,
        5.605559349060059,
        5.236600875854492
    ]
}