{
    "num_conv_blocks": 3,
    "initial_channels": 16,
    "dropout_rate": 0.33,
    "learning_rate": 0.001,
    "best_test_r2": 0.530219316482544,
    "best_test_loss": 17.421226501464844,
    "final_train_r2": 0.3824918866157532,
    "train_r2_history": [
        -1.3636877536773682,
        -0.3596421480178833,
        -0.18006229400634766,
        -0.23764467239379883,
        0.024807989597320557,
        -0.21586859226226807,
        0.14844787120819092,
        -0.21471476554870605,
        0.42369335889816284,
        -0.1242285966873169,
        0.0013017654418945312,
        0.4368742108345032,
        -0.2834148406982422,
        0.003910660743713379,
        0.05728650093078613,
        0.08414286375045776,
        0.0247037410736084,
        0.19646573066711426,
        0.12363624572753906,
        0.20545703172683716,
        0.14290571212768555,
        0.2155665159225464,
        0.3039804697036743,
        0.33985328674316406,
        0.2956615090370178,
        0.09761732816696167,
        0.34262919425964355,
        0.04641246795654297,
        0.08416169881820679,
        0.09335887432098389,
        0.08805274963378906,
        0.3225841522216797,
        0.33431363105773926,
        0.35130202770233154,
        0.4567849040031433,
        0.22082924842834473,
        0.26613932847976685,
        -0.0083540678024292,
        0.027429580688476562,
        0.2204412817955017,
        0.4281126856803894,
        0.320462167263031,
        0.2565805912017822,
        0.16810309886932373,
        0.33818358182907104,
        0.12611228227615356,
        -0.11607551574707031,
        0.40395379066467285,
        0.23748070001602173,
        0.24769407510757446,
        0.38984155654907227,
        0.3923358917236328,
        0.23339521884918213,
        0.2616270184516907,
        0.3824918866157532
    ],
    "test_r2_history": [
        -3.512993812561035,
        -2.9549577236175537,
        -2.341144561767578,
        -1.1018397808074951,
        0.06242024898529053,
        -0.002874016761779785,
        -0.2554112672805786,
        -0.18198740482330322,
        -0.021312236785888672,
        -0.37364721298217773,
        -0.38701140880584717,
        -0.08639705181121826,
        0.009180665016174316,
        0.1689741015434265,
        0.21146643161773682,
        0.26095861196517944,
        0.4312516450881958,
        0.3438476324081421,
        0.1331990361213684,
        0.23695844411849976,
        0.4504343271255493,
        0.40375959873199463,
        0.32667088508605957,
        0.3981587290763855,
        0.31417661905288696,
        0.2496623992919922,
        0.2004774808883667,
        0.20673781633377075,
        0.3127610683441162,
        0.3336203694343567,
        0.41660624742507935,
        0.46988439559936523,
        0.5068227052688599,
        0.504776120185852,
        0.5007979869842529,
        0.530219316482544,
        0.4931035041809082,
        0.4167688488960266,
        0.4452553987503052,
        0.399569571018219,
        0.4391407370567322,
        0.4291490912437439,
        0.43971091508865356,
        0.46814119815826416,
        0.45980387926101685,
        0.4371045231819153,
        0.48594969511032104,
        0.47666501998901367,
        0.46171218156814575,
        0.4406997561454773,
        0.4620767831802368,
        0.4558648467063904,
        0.45775890350341797,
        0.4463546872138977,
        0.44853347539901733
    ],
    "train_loss_history": [
        179.85113779703775,
        105.64336331685384,
        93.71501541137695,
        96.74097760518391,
        86.13079738616943,
        99.31900787353516,
        77.97205193837483,
        92.57462151845296,
        45.34132226308187,
        89.82278569539388,
        82.17600472768147,
        43.141175746917725,
        97.43085479736328,
        77.82988135019939,
        71.21144008636475,
        70.72867361704509,
        76.92645899454753,
        68.82437928517659,
        70.22846571604411,
        65.90679168701172,
        66.9897476832072,
        59.05772384007772,
        53.45707035064697,
        59.20655345916748,
        61.61032009124756,
        73.07396793365479,
        50.92339324951172,
        72.1899045308431,
        69.18034744262695,
        71.06715679168701,
        73.50384489695232,
        57.74461158116659,
        49.98824461301168,
        51.748566309611,
        46.71055952707926,
        61.48987611134847,
        56.947144508361816,
        76.06371450424194,
        73.66000541051228,
        61.75231011708578,
        46.76153055826823,
        56.24153741200765,
        68.21752707163493,
        63.647420247395836,
        50.370679219563804,
        73.48110008239746,
        87.84180577596028,
        48.655229250590004,
        56.87970678011576,
        62.40923261642456,
        45.580296794573464,
        50.37310536702474,
        62.82534535725912,
        58.22851848602295,
        48.763609886169434
    ],
    "test_loss_history": [
        167.3586883544922,
        146.6646270751953,
        123.90213775634766,
        77.94407653808594,
        34.76896667480469,
        37.19032287597656,
        46.55534744262695,
        43.832515716552734,
        37.87407684326172,
        50.939979553222656,
        51.43557357788086,
        40.28767013549805,
        36.7432861328125,
        30.817550659179688,
        29.241775512695312,
        27.406421661376953,
        21.091318130493164,
        24.33258628845215,
        32.144222259521484,
        28.296436309814453,
        20.379953384399414,
        22.11082649230957,
        24.969562530517578,
        22.318525314331055,
        25.432897567749023,
        27.8253231048584,
        29.6492862701416,
        29.417133331298828,
        25.48539161682129,
        24.71184730529785,
        21.634422302246094,
        19.658672332763672,
        18.28885841369629,
        18.364755630493164,
        18.51227569580078,
        17.421226501464844,
        18.797616958618164,
        21.628393173217773,
        20.572004318237305,
        22.266210556030273,
        20.79875946044922,
        21.16929054260254,
        20.77761459350586,
        19.723316192626953,
        20.032493591308594,
        20.874271392822266,
        19.062908172607422,
        19.407215118408203,
        19.961727142333984,
        20.74094581604004,
        19.948204040527344,
        20.17856788635254,
        20.10832977294922,
        20.531240463256836,
        20.4504451751709
    ]
}