{
    "num_conv_blocks": 3,
    "initial_channels": 16,
    "dropout_rate": 0.33,
    "learning_rate": 0.0001,
    "best_test_r2": -0.13276660442352295,
    "best_test_loss": 4.017228603363037,
    "final_train_r2": -13.930656433105469,
    "train_r2_history": [
        -218.6877899169922,
        -200.93707275390625,
        -175.50465393066406,
        -155.43080139160156,
        -127.3594970703125,
        -98.21154022216797,
        -69.35741424560547,
        -40.23835754394531,
        -25.40254020690918,
        -15.535223007202148,
        -15.965227127075195,
        -15.96042251586914,
        -15.106529235839844,
        -12.094521522521973,
        -12.886763572692871,
        -16.84341049194336,
        -10.551746368408203,
        -13.227529525756836,
        -7.082902908325195,
        -14.256963729858398,
        -12.887560844421387,
        -16.257129669189453,
        -17.048208236694336,
        -9.67512321472168,
        -11.140581130981445,
        -13.90128231048584,
        -8.177677154541016,
        -8.851969718933105,
        -13.556766510009766,
        -9.859769821166992,
        -8.222482681274414,
        -8.131048202514648,
        -10.565346717834473,
        -9.117318153381348,
        -7.203787803649902,
        -9.613987922668457,
        -10.61758041381836,
        -13.510846138000488,
        -8.873992919921875,
        -13.001343727111816,
        -9.246572494506836,
        -11.199295997619629,
        -12.530584335327148,
        -6.7501912117004395,
        -9.350784301757812,
        -10.480019569396973,
        -9.843850135803223,
        -7.344535827636719,
        -9.839303970336914,
        -13.930656433105469
    ],
    "test_r2_history": [
        -240.0771942138672,
        -235.05198669433594,
        -225.28372192382812,
        -209.6595458984375,
        -189.36842346191406,
        -165.72117614746094,
        -135.0730743408203,
        -100.83084869384766,
        -65.08396911621094,
        -36.037296295166016,
        -20.795726776123047,
        -19.137645721435547,
        -17.864837646484375,
        -15.280492782592773,
        -11.054542541503906,
        -8.247123718261719,
        -5.063754081726074,
        -3.2617974281311035,
        -3.1639232635498047,
        -5.296687126159668,
        -3.5879364013671875,
        -1.9818472862243652,
        -2.896329402923584,
        -2.4923458099365234,
        -1.6707737445831299,
        -1.8570668697357178,
        -1.9257292747497559,
        -1.8618524074554443,
        -1.0232799053192139,
        -0.5453232526779175,
        -0.13276660442352295,
        -0.4739915132522583,
        -0.6231781244277954,
        -1.0666885375976562,
        -0.7836843729019165,
        -0.5272234678268433,
        -1.464890718460083,
        -1.5652978420257568,
        -1.0593218803405762,
        -0.5911262035369873,
        -0.7667405605316162,
        -0.6830675601959229,
        -0.9274516105651855,
        -0.8924134969711304,
        -0.7461744546890259,
        -0.23911428451538086,
        -0.532110333442688,
        -0.8388499021530151,
        -1.204469919204712,
        -1.134124755859375
    ],
    "train_loss_history": [
        857.6802571614584,
        789.6022745768229,
        674.3686014811198,
        605.866689046224,
        489.57757059733075,
        376.6335906982422,
        269.3516082763672,
        161.81750996907553,
        105.48849232991536,
        57.15827544530233,
        66.1572151184082,
        62.39302062988281,
        63.50847816467285,
        54.35037581125895,
        55.61155033111572,
        62.41370391845703,
        40.40833250681559,
        53.70217831929525,
        35.475555419921875,
        57.638118743896484,
        49.397885958353676,
        61.423468589782715,
        66.58993275960286,
        38.7131773630778,
        48.34184741973877,
        55.48473993937174,
        34.7255490620931,
        35.52383295694987,
        50.283719857533775,
        40.56697956720988,
        53.811162869135536,
        33.25681845347086,
        41.70041020711263,
        37.50795364379883,
        37.7631147702535,
        39.15728028615316,
        43.65427811940511,
        49.64181264241537,
        44.71095053354899,
        53.444695154825844,
        37.15699275334676,
        43.86378828684489,
        47.98577435811361,
        27.665940443674724,
        39.23118511835734,
        71.77305380503337,
        45.4743758837382,
        36.15968418121338,
        37.29362940788269,
        53.854037602742515
    ],
    "test_loss_history": [
        854.9530029296875,
        837.1317138671875,
        802.4896240234375,
        747.0802612304688,
        675.1200561523438,
        591.2578125,
        482.56781005859375,
        361.1315612792969,
        234.3593292236328,
        131.34860229492188,
        77.29608154296875,
        71.41587829589844,
        66.90201568603516,
        57.73692321777344,
        42.75006866455078,
        32.79387664794922,
        21.504417419433594,
        15.11397933959961,
        14.766883850097656,
        22.330488204956055,
        16.270597457885742,
        10.574783325195312,
        13.817892074584961,
        12.385210037231445,
        9.471597671508789,
        10.13226318359375,
        10.375767707824707,
        10.149235725402832,
        7.1753339767456055,
        5.480313777923584,
        4.017228603363037,
        5.227343559265137,
        5.756418228149414,
        7.329277515411377,
        6.32563591003418,
        5.416125774383545,
        8.741456985473633,
        9.097538948059082,
        7.303152084350586,
        5.642749309539795,
        6.26554536819458,
        5.968809127807617,
        6.835488796234131,
        6.711230278015137,
        6.192609786987305,
        4.394378662109375,
        5.433456897735596,
        6.521274089813232,
        7.817902565002441,
        7.568431854248047
    ]
}