{
    "num_conv_blocks": 3,
    "initial_channels": 64,
    "dropout_rate": 0.33,
    "learning_rate": 0.0001,
    "best_test_r2": 0.055390775203704834,
    "best_test_loss": 3.719153881072998,
    "final_train_r2": 0.14244675636291504,
    "train_r2_history": [
        -1.7311210632324219,
        -0.41900646686553955,
        -0.23306500911712646,
        -0.23654842376708984,
        -0.19336378574371338,
        -0.3621476888656616,
        -0.41347479820251465,
        -0.210349440574646,
        -0.13340306282043457,
        -0.2941615581512451,
        -0.23642420768737793,
        0.141507089138031,
        -0.1938188076019287,
        -0.09033513069152832,
        -0.13904154300689697,
        0.09542977809906006,
        -0.007742404937744141,
        -0.1160898208618164,
        -0.13383471965789795,
        -0.23379957675933838,
        0.31351256370544434,
        0.2042604684829712,
        0.14401566982269287,
        -0.011065959930419922,
        -0.058891892433166504,
        0.09383785724639893,
        0.16263145208358765,
        -0.005759239196777344,
        0.23523461818695068,
        -0.05944979190826416,
        -0.09372150897979736,
        -0.08824622631072998,
        0.10533386468887329,
        -0.34486913681030273,
        0.2712143659591675,
        -0.026086807250976562,
        0.1631506085395813,
        0.14244675636291504
    ],
    "test_r2_history": [
        -1.510690689086914,
        -1.0920753479003906,
        -0.7884212732315063,
        -0.40849995613098145,
        -0.2610790729522705,
        -0.3788336515426636,
        -0.4350559711456299,
        -0.40559494495391846,
        -0.26820433139801025,
        -0.2054387331008911,
        -0.24342799186706543,
        -0.270219087600708,
        -0.397518515586853,
        -0.44672679901123047,
        -0.45431947708129883,
        -0.2747514247894287,
        -0.10625708103179932,
        0.012440979480743408,
        0.055390775203704834,
        0.041811347007751465,
        -0.06974160671234131,
        -0.22733592987060547,
        -0.3056443929672241,
        -0.2833983898162842,
        -0.27012336254119873,
        -0.27079570293426514,
        -0.23767244815826416,
        -0.2153536081314087,
        -0.1656283140182495,
        -0.1754671335220337,
        -0.1612762212753296,
        -0.1567375659942627,
        -0.1584852933883667,
        -0.12911784648895264,
        -0.15675652027130127,
        -0.16704058647155762,
        -0.14582157135009766,
        -0.16659915447235107
    ],
    "train_loss_history": [
        4.547468960285187,
        2.1814390222231546,
        1.7819269994894664,
        1.7865443602204323,
        1.952683001756668,
        2.2216967741648355,
        2.1344842414061227,
        1.7476126340528328,
        1.6277748541906476,
        1.8762297257781029,
        1.8189250230789185,
        1.2338814722994964,
        1.9137556354204814,
        1.6527150372664134,
        1.6653712193171184,
        1.3233749990661938,
        1.4508470706641674,
        1.621200459698836,
        1.7044569651285808,
        1.860606461763382,
        1.3401457220315933,
        1.1438094219192863,
        1.2625059088071187,
        1.507698580622673,
        1.5271591631074746,
        1.3390365988016129,
        1.208316485087077,
        1.5213759044806163,
        1.1780922412872314,
        1.5289983190596104,
        1.6779432396094005,
        1.5854903161525726,
        1.4534444113572438,
        2.065244287252426,
        1.1742017219463985,
        1.4736721341808636,
        1.2385583519935608,
        1.2467385629812877
    ],
    "test_loss_history": [
        9.885191917419434,
        8.237004280090332,
        7.041444778442383,
        5.545602321624756,
        4.9651713371276855,
        5.428800582885742,
        5.650160312652588,
        5.534165859222412,
        4.99322509765625,
        4.746102333068848,
        4.895675182342529,
        5.001158237457275,
        5.502366542816162,
        5.69611120223999,
        5.726006031036377,
        5.019002914428711,
        4.355600357055664,
        3.8882575035095215,
        3.719153881072998,
        3.7726192474365234,
        4.211830139160156,
        4.832316875457764,
        5.140635967254639,
        5.053048610687256,
        5.000781536102295,
        5.003428936004639,
        4.8730149269104,
        4.785140037536621,
        4.589359283447266,
        4.628097057342529,
        4.572223663330078,
        4.554354190826416,
        4.561235427856445,
        4.445608615875244,
        4.554429531097412,
        4.594919681549072,
        4.511375904083252,
        4.593181610107422
    ]
}