{
    "num_conv_blocks": 2,
    "initial_channels": 64,
    "dropout_rate": 0.33,
    "learning_rate": 0.001,
    "best_test_r2": 0.5007250308990479,
    "best_test_loss": 18.514984130859375,
    "final_train_r2": 0.16644084453582764,
    "train_r2_history": [
        -1.7370014190673828,
        -0.4596822261810303,
        -1.0630478858947754,
        -0.2754753828048706,
        -0.0644913911819458,
        -0.6591430902481079,
        -0.02959299087524414,
        -0.15696334838867188,
        0.22640067338943481,
        0.09121781587600708,
        0.42922109365463257,
        0.2510339617729187,
        0.27600204944610596,
        -0.18804526329040527,
        0.278039813041687,
        0.2751774787902832,
        -0.15913081169128418,
        -0.06274080276489258,
        0.1203567385673523,
        -0.42072343826293945,
        0.3332281708717346,
        0.08956748247146606,
        0.06599420309066772,
        0.5764108896255493,
        0.46925365924835205,
        0.46384286880493164,
        0.11973047256469727,
        0.490308940410614,
        0.2633771300315857,
        0.029538512229919434,
        0.16644084453582764
    ],
    "test_r2_history": [
        -3.8328185081481934,
        -0.48022544384002686,
        -0.09625637531280518,
        -0.44196462631225586,
        0.09309923648834229,
        0.13528531789779663,
        0.17858397960662842,
        0.23380333185195923,
        0.3115522861480713,
        0.31659209728240967,
        0.4861181378364563,
        0.5007250308990479,
        0.41658109426498413,
        0.4579353928565979,
        0.24870741367340088,
        0.11553621292114258,
        -0.09447765350341797,
        -0.31281161308288574,
        0.40793919563293457,
        0.4023573398590088,
        0.1728605031967163,
        0.24310851097106934,
        0.4113745093345642,
        0.34742623567581177,
        0.14597594738006592,
        0.3017885684967041,
        0.42107129096984863,
        0.48544567823410034,
        0.46901798248291016,
        0.48890578746795654,
        0.4699729084968567
    ],
    "train_loss_history": [
        205.27295462290445,
        118.7886250813802,
        157.50402704874674,
        97.50151411692302,
        82.02236207326253,
        125.16616598765056,
        89.91186968485515,
        89.73663314183553,
        62.799866358439125,
        69.12974166870117,
        49.77534739176432,
        62.172627449035645,
        63.521499951680504,
        91.55191135406494,
        56.63686879475912,
        54.36658747990926,
        94.52731959025066,
        79.19553951422374,
        67.35189278920491,
        106.18029602368672,
        56.900587717692055,
        68.48366069793701,
        70.62311347325642,
        37.18824132283529,
        45.028286933898926,
        41.4486091931661,
        68.5069595972697,
        39.26347796122233,
        62.7481419245402,
        75.00220394134521,
        67.12611643473308
    ],
    "test_loss_history": [
        179.21900939941406,
        54.892303466796875,
        40.653289794921875,
        53.473453521728516,
        33.63127136230469,
        32.066856384277344,
        30.461177825927734,
        28.413436889648438,
        25.53021812438965,
        25.343318939208984,
        19.056665420532227,
        18.514984130859375,
        21.63535499572754,
        20.101783752441406,
        27.860740661621094,
        32.799232482910156,
        40.58732604980469,
        48.68396759033203,
        21.955829620361328,
        22.162824630737305,
        30.67342758178711,
        28.068368911743164,
        21.82843589782715,
        24.199878692626953,
        31.670406341552734,
        25.892292022705078,
        21.46883773803711,
        19.08159828186035,
        19.69080352783203,
        18.953285217285156,
        19.65538787841797
    ]
}