{
    "num_conv_blocks": 3,
    "initial_channels": 16,
    "dropout_rate": 0.33,
    "learning_rate": 0.001,
    "best_test_r2": 0.389096200466156,
    "best_test_loss": 22.654598236083984,
    "final_train_r2": 0.38033634424209595,
    "train_r2_history": [
        -1.4525444507598877,
        -0.5209665298461914,
        -0.28794312477111816,
        0.048124611377716064,
        -0.2518117427825928,
        0.15988516807556152,
        0.15728962421417236,
        0.22191840410232544,
        0.24175792932510376,
        0.08792304992675781,
        0.32593750953674316,
        -0.1974238157272339,
        0.1459450125694275,
        -0.214569091796875,
        -0.0793389081954956,
        -0.18705379962921143,
        0.3523995876312256,
        0.310446560382843,
        0.04144012928009033,
        0.26197052001953125,
        0.01720362901687622,
        0.050007760524749756,
        0.06056565046310425,
        0.2618601322174072,
        0.22103416919708252,
        0.3098042607307434,
        0.26518118381500244,
        0.08051919937133789,
        0.38033634424209595
    ],
    "test_r2_history": [
        -3.838092803955078,
        -2.0792293548583984,
        -1.0019760131835938,
        -0.8295432329177856,
        -0.7630187273025513,
        -0.3605612516403198,
        0.23072189092636108,
        0.3266966938972473,
        0.32185161113739014,
        0.389096200466156,
        0.15368986129760742,
        -0.059487342834472656,
        -0.11731362342834473,
        -0.2760523557662964,
        -0.24384665489196777,
        0.011762022972106934,
        0.03601574897766113,
        0.012212395668029785,
        0.0813019871711731,
        0.11477530002593994,
        0.23917025327682495,
        0.2155367136001587,
        0.2606130838394165,
        0.2618447542190552,
        0.27085864543914795,
        0.2522019147872925,
        0.22457700967788696,
        0.2021123766899109,
        0.21187478303909302
    ],
    "train_loss_history": [
        213.54031626383463,
        125.57110786437988,
        101.34443600972493,
        72.63509909311931,
        105.98181120554607,
        69.84217580159505,
        65.502015431722,
        74.24545129140218,
        59.221367518107094,
        69.81706714630127,
        59.48865222930908,
        92.78589757283528,
        71.95691045125325,
        92.1061487197876,
        84.48382663726807,
        94.15334447224934,
        51.69631131490072,
        53.68448416392008,
        72.15120379130046,
        55.76835250854492,
        79.6001745859782,
        77.21063486735027,
        72.2732442220052,
        56.401095708211265,
        58.329612016677856,
        54.84968137741089,
        56.458439350128174,
        70.27689774831136,
        46.934636990229286
    ],
    "test_loss_history": [
        179.41456604003906,
        114.18933868408203,
        74.24076080322266,
        67.84630584716797,
        65.37932586669922,
        50.45469665527344,
        28.527711868286133,
        24.968603134155273,
        25.148277282714844,
        22.654598236083984,
        31.38434410095215,
        39.28975296020508,
        41.43416976928711,
        47.320796966552734,
        46.126487731933594,
        36.647560119628906,
        35.748138427734375,
        36.630859375,
        34.068756103515625,
        32.82744598388672,
        28.214412689208984,
        29.090835571289062,
        27.419233322143555,
        27.373558044433594,
        27.039289474487305,
        27.731149673461914,
        28.755586624145508,
        29.58865737915039,
        29.22663116455078
    ]
}