{
    "num_conv_blocks": 2,
    "initial_channels": 16,
    "dropout_rate": 0.33,
    "learning_rate": 0.001,
    "best_test_r2": 0.3798711895942688,
    "best_test_loss": 22.99669647216797,
    "final_train_r2": 0.4817691445350647,
    "train_r2_history": [
        -1.0397896766662598,
        -0.4942532777786255,
        -0.23050880432128906,
        -0.10375189781188965,
        0.1339050531387329,
        -0.3820728063583374,
        -0.10919272899627686,
        -0.109100341796875,
        -0.009722471237182617,
        -0.32756805419921875,
        -0.2448517084121704,
        -0.32697534561157227,
        0.016810476779937744,
        -0.1703178882598877,
        -0.010814428329467773,
        -0.19207751750946045,
        0.31520986557006836,
        0.31315892934799194,
        -0.38390040397644043,
        -0.2591646909713745,
        0.24535048007965088,
        0.10172879695892334,
        -0.0635761022567749,
        0.3059002757072449,
        0.1347702145576477,
        0.2130553126335144,
        -0.016062617301940918,
        0.49381887912750244,
        0.2277611494064331,
        -0.04120910167694092,
        0.027469336986541748,
        0.12729483842849731,
        0.15664130449295044,
        -0.1524122953414917,
        0.1757340431213379,
        0.2336997389793396,
        0.1384357213973999,
        0.23450589179992676,
        0.18207812309265137,
        0.1349009871482849,
        0.4574076533317566,
        0.25927573442459106,
        0.26730096340179443,
        0.21085995435714722,
        0.37222909927368164,
        -0.017719268798828125,
        0.24587351083755493,
        0.45331692695617676,
        -0.1426868438720703,
        0.26109373569488525,
        0.4817691445350647
    ],
    "test_r2_history": [
        -2.6417346000671387,
        -2.5847253799438477,
        -1.715369701385498,
        -0.7334482669830322,
        -0.3455396890640259,
        -0.15718114376068115,
        -0.22368955612182617,
        0.014082372188568115,
        0.21567970514297485,
        0.03852778673171997,
        -0.24669146537780762,
        0.11868798732757568,
        0.24892574548721313,
        -0.14988970756530762,
        -0.5792579650878906,
        -0.17484724521636963,
        -0.4018198251724243,
        -0.33317041397094727,
        -0.15659797191619873,
        0.05999958515167236,
        0.21527254581451416,
        0.34140658378601074,
        0.30196917057037354,
        0.024716675281524658,
        0.08144402503967285,
        0.2270650863647461,
        0.10361260175704956,
        0.3340582847595215,
        0.33919447660446167,
        0.312008798122406,
        0.2970062494277954,
        0.3798711895942688,
        0.32331979274749756,
        0.16888290643692017,
        0.16570276021957397,
        0.16493773460388184,
        0.2945268750190735,
        0.3039344549179077,
        0.28985410928726196,
        0.2665104269981384,
        0.2602502107620239,
        0.279363214969635,
        0.2694419026374817,
        0.2230759859085083,
        0.2517050504684448,
        0.25485777854919434,
        0.24309664964675903,
        0.22457218170166016,
        0.2392393946647644,
        0.28607648611068726,
        0.28181588649749756
    ],
    "train_loss_history": [
        190.33731969197592,
        113.37484582265218,
        91.38862909873326,
        85.83320236206055,
        68.00253550211589,
        107.12044493357341,
        87.3936316172282,
        84.12121550242107,
        77.84295813242595,
        100.17519998550415,
        98.22276941935222,
        104.44567235310872,
        84.83670369784038,
        94.54873021443684,
        78.64466285705566,
        94.64021078745525,
        54.78303829828898,
        54.710073153177895,
        103.0344386100769,
        94.50185966491699,
        63.36492506663004,
        67.57601602872212,
        82.18454551696777,
        63.42237631479899,
        71.82631142934163,
        58.69776256879171,
        78.30827331542969,
        43.94658629099528,
        61.99131774902344,
        82.76682726542155,
        74.79729811350505,
        68.35560480753581,
        67.91412512461345,
        86.71322170893352,
        61.670037269592285,
        60.68035125732422,
        66.29745070139568,
        57.27334030469259,
        65.12009938557942,
        67.45372676849365,
        42.2252189318339,
        58.146887143452965,
        63.904234886169434,
        62.9873898824056,
        50.00708866119385,
        75.91698106129964,
        61.23071002960205,
        41.74774646759033,
        86.81760183970134,
        56.17206382751465,
        38.721938808759056
    ],
    "test_loss_history": [
        135.0491485595703,
        132.93504333496094,
        100.6960678100586,
        64.28276062011719,
        49.89765167236328,
        42.9126091003418,
        45.37898635864258,
        36.5615119934082,
        29.085529327392578,
        35.654991149902344,
        46.23198318481445,
        32.68234634399414,
        27.85264015197754,
        42.6422119140625,
        58.564796447753906,
        43.56773376464844,
        51.98472595214844,
        49.43894958496094,
        42.89097595214844,
        34.85873031616211,
        29.100631713867188,
        24.42310905456543,
        25.885595321655273,
        36.167152404785156,
        34.06349563598633,
        28.663318634033203,
        33.24140167236328,
        24.69561004638672,
        24.50514030456543,
        25.513288497924805,
        26.069637298583984,
        22.99669647216797,
        25.093833923339844,
        30.82093048095703,
        30.938865661621094,
        30.967235565185547,
        26.161582946777344,
        25.812715530395508,
        26.33486557006836,
        27.20054054260254,
        27.432687759399414,
        26.72391128540039,
        27.091829299926758,
        28.811250686645508,
        27.749576568603516,
        27.632661819458008,
        28.06880760192871,
        28.755769729614258,
        28.211849212646484,
        26.47495460510254,
        26.632953643798828
    ]
}