{
    "num_conv_blocks": 3,
    "initial_channels": 16,
    "dropout_rate": 0.33,
    "learning_rate": 0.0001,
    "best_test_r2": 0.34101295471191406,
    "best_test_loss": 24.437705993652344,
    "final_train_r2": 0.45010578632354736,
    "train_r2_history": [
        -2.783112049102783,
        -2.555983304977417,
        -2.2644147872924805,
        -1.7477352619171143,
        -1.260807991027832,
        -1.0538737773895264,
        -0.8274444341659546,
        -0.14969885349273682,
        -0.0920720100402832,
        -0.37505149841308594,
        -0.08158862590789795,
        0.1108313798904419,
        -0.022403836250305176,
        0.07741820812225342,
        0.24638932943344116,
        0.00818634033203125,
        0.13773006200790405,
        0.07112586498260498,
        0.1317165493965149,
        0.05985790491104126,
        0.18362462520599365,
        0.14387226104736328,
        0.17328095436096191,
        0.27487754821777344,
        0.05086594820022583,
        0.21649295091629028,
        0.1751115918159485,
        0.12102144956588745,
        0.08713793754577637,
        0.07191336154937744,
        0.014300763607025146,
        0.1738736629486084,
        0.31947147846221924,
        0.28710001707077026,
        0.33498531579971313,
        0.11359328031539917,
        0.20156484842300415,
        0.08831852674484253,
        -0.02603745460510254,
        0.04954725503921509,
        0.3105485439300537,
        0.39642709493637085,
        0.07533246278762817,
        0.1235358715057373,
        0.11558544635772705,
        0.14627575874328613,
        0.18938839435577393,
        0.22238928079605103,
        0.25032663345336914,
        0.19286084175109863,
        0.34641969203948975,
        0.08704984188079834,
        0.0873945951461792,
        0.46048736572265625,
        0.4751880168914795,
        0.09807699918746948,
        0.34839552640914917,
        -0.05428624153137207,
        0.35584402084350586,
        0.35764139890670776,
        0.0868755578994751,
        0.45010578632354736
    ],
    "test_r2_history": [
        -4.707376480102539,
        -4.599070072174072,
        -4.413603782653809,
        -4.159038066864014,
        -3.866265296936035,
        -3.566887378692627,
        -3.0564818382263184,
        -2.743143320083618,
        -2.228816032409668,
        -2.170644521713257,
        -1.733248233795166,
        -1.1373627185821533,
        -0.748818039894104,
        -0.5778231620788574,
        -0.3444420099258423,
        -0.19014179706573486,
        -0.15965783596038818,
        -0.13286542892456055,
        -0.07888221740722656,
        -0.1062389612197876,
        -0.09163713455200195,
        -0.10660886764526367,
        -0.09563279151916504,
        0.035429537296295166,
        0.0896117091178894,
        0.15243273973464966,
        0.12222135066986084,
        0.07239997386932373,
        0.18225830793380737,
        0.13315176963806152,
        0.1880512833595276,
        0.08198791742324829,
        0.1971777081489563,
        0.28247857093811035,
        0.3250972032546997,
        0.3242613673210144,
        0.2805672883987427,
        0.2516193985939026,
        0.2807874083518982,
        0.24047040939331055,
        0.28292131423950195,
        0.30379748344421387,
        0.34101295471191406,
        0.27170324325561523,
        0.25333696603775024,
        0.19678211212158203,
        0.22426050901412964,
        0.26535600423812866,
        0.2512354850769043,
        0.1999536156654358,
        0.16549623012542725,
        0.18395328521728516,
        0.23669284582138062,
        0.24330109357833862,
        0.2264917492866516,
        0.21948999166488647,
        0.22954416275024414,
        0.204936683177948,
        0.19867968559265137,
        0.23127782344818115,
        0.21391290426254272,
        0.202375590801239
    ],
    "train_loss_history": [
        301.98931884765625,
        282.3300145467122,
        255.6277109781901,
        212.06919606526694,
        169.18036397298178,
        159.05004437764487,
        135.52150078614554,
        85.30470140775044,
        81.23086988925934,
        109.26150035858154,
        84.82555476824443,
        71.22738488515218,
        77.63373978932698,
        72.64169692993164,
        62.24104229609171,
        80.69870599110921,
        70.11259651184082,
        70.47968514760335,
        64.5245696703593,
        73.72156397501628,
        75.11438941955566,
        63.95154627164205,
        65.20826530456543,
        57.93400955200195,
        73.08271344502766,
        59.68269697825114,
        85.26526641845703,
        72.18787447611491,
        72.3433764775594,
        71.9273328781128,
        77.42682234446208,
        66.89904769261678,
        52.14696788787842,
        57.29798571268717,
        52.455550829569496,
        68.8380692799886,
        61.02694352467855,
        73.32831478118896,
        78.52812417348225,
        74.0897445678711,
        53.8254345258077,
        53.05886014302572,
        71.23491255442302,
        69.52547486623128,
        70.82982730865479,
        65.47520287831624,
        65.93691698710124,
        59.83100891113281,
        62.21188481648763,
        62.83912658691406,
        49.11526640256246,
        73.5031665166219,
        71.08252064387004,
        40.23164884249369,
        40.8739120165507,
        68.39123153686523,
        52.11778990427653,
        84.37441857655843,
        52.80526256561279,
        52.36598046620687,
        71.49446932474773,
        43.06951586405436
    ],
    "test_loss_history": [
        211.65089416503906,
        207.63446044921875,
        200.7566680908203,
        191.3164520263672,
        180.45933532714844,
        169.3572540283203,
        150.4295196533203,
        138.80975341796875,
        119.73657989501953,
        117.57935333251953,
        101.35908508300781,
        79.26140594482422,
        64.85272216796875,
        58.51158905029297,
        49.856937408447266,
        44.13490676879883,
        43.004451751708984,
        42.01088333129883,
        40.00899124145508,
        41.023475646972656,
        40.48198699951172,
        41.03719711303711,
        40.630165100097656,
        35.76988220214844,
        33.76060104370117,
        31.430971145629883,
        32.55131912231445,
        34.39888000488281,
        30.32492446899414,
        32.14597702026367,
        30.110095977783203,
        34.0433235168457,
        29.77165412902832,
        26.60837745666504,
        25.02791976928711,
        25.058917999267578,
        26.679258346557617,
        27.75275230407715,
        26.67109489440918,
        28.16619873046875,
        26.59195899963379,
        25.817798614501953,
        24.437705993652344,
        27.007970809936523,
        27.68906021118164,
        29.786325454711914,
        28.76732063293457,
        27.243349075317383,
        27.766990661621094,
        29.668718338012695,
        30.946521759033203,
        30.262069702148438,
        28.306283950805664,
        28.061222076416016,
        28.684579849243164,
        28.944232940673828,
        28.571382522583008,
        29.483919143676758,
        29.715951919555664,
        28.507097244262695,
        29.15104866027832,
        29.578893661499023
    ]
}