{
    "num_conv_blocks": 2,
    "initial_channels": 32,
    "dropout_rate": 0.33,
    "learning_rate": 0.0001,
    "best_test_r2": 0.5227385759353638,
    "best_test_loss": 17.698640823364258,
    "final_train_r2": 0.0072768330574035645,
    "train_r2_history": [
        -2.5558273792266846,
        -1.4194960594177246,
        -0.4832955598831177,
        -0.31331729888916016,
        0.01244664192199707,
        0.01654660701751709,
        0.21002578735351562,
        0.05503195524215698,
        0.19877725839614868,
        0.06706684827804565,
        0.015872418880462646,
        -0.14005756378173828,
        0.4203838109970093,
        0.184789776802063,
        0.4017874598503113,
        0.2135460376739502,
        -0.019754767417907715,
        0.07471460103988647,
        0.14800524711608887,
        0.1108551025390625,
        0.4138225317001343,
        0.39202845096588135,
        0.10730624198913574,
        0.2820172905921936,
        0.28718435764312744,
        0.020067870616912842,
        -0.1445620059967041,
        0.19097357988357544,
        0.007230162620544434,
        -0.017552971839904785,
        0.34517186880111694,
        0.3656345009803772,
        0.4550895094871521,
        0.12623906135559082,
        0.21420276165008545,
        0.3805844783782959,
        0.3756611943244934,
        0.2531437873840332,
        0.21761995553970337,
        0.17313039302825928,
        0.3442239761352539,
        0.5730457305908203,
        0.10149186849594116,
        0.139018714427948,
        0.6132886409759521,
        0.43479663133621216,
        0.0072768330574035645
    ],
    "test_r2_history": [
        -4.529007434844971,
        -3.921682357788086,
        -3.125732898712158,
        -2.232490301132202,
        -1.6277501583099365,
        -1.1330835819244385,
        -0.8298778533935547,
        -0.6931400299072266,
        -0.4603337049484253,
        -0.29089534282684326,
        -0.041773200035095215,
        0.1449914574623108,
        0.20827162265777588,
        0.24711191654205322,
        0.3295326232910156,
        0.38109660148620605,
        0.3620656728744507,
        0.2763333320617676,
        0.21750080585479736,
        0.24785727262496948,
        0.37079918384552,
        0.31181591749191284,
        0.3825603127479553,
        0.44711387157440186,
        0.45260417461395264,
        0.46221673488616943,
        0.4751315712928772,
        0.5227385759353638,
        0.5048841238021851,
        0.45204877853393555,
        0.42960232496261597,
        0.3631823658943176,
        0.29693132638931274,
        0.3182879090309143,
        0.32873064279556274,
        0.3551149368286133,
        0.4110419750213623,
        0.4282221794128418,
        0.39468687772750854,
        0.35767436027526855,
        0.33619940280914307,
        0.3427496552467346,
        0.3615790605545044,
        0.3522416353225708,
        0.32923996448516846,
        0.30954205989837646,
        0.3313804864883423
    ],
    "train_loss_history": [
        278.160639444987,
        181.35350831349692,
        110.31646939118703,
        103.3243637084961,
        76.25560251871745,
        76.57882912953694,
        60.123836040496826,
        70.96436206499736,
        78.9429759979248,
        70.50313138961792,
        79.00526428222656,
        87.66166019439697,
        43.83272393544515,
        62.68684800465902,
        44.518975138664246,
        61.978538513183594,
        77.21374543507893,
        72.82735856374104,
        63.34704393148422,
        67.56772422790527,
        43.59045378367106,
        45.990121364593506,
        81.41457112630208,
        54.92693487803141,
        56.64162349700928,
        77.10104592641194,
        90.46900590260823,
        68.17641798655193,
        75.222252368927,
        80.36412239074707,
        49.2391148408254,
        49.98934427897135,
        41.34588114420573,
        65.97878011067708,
        62.418928464253746,
        46.42738127708435,
        51.79869111378988,
        57.79205481211344,
        68.51957480112712,
        63.7592986424764,
        50.26099491119385,
        34.20761791865031,
        72.13107967376709,
        66.87906678517659,
        28.99119544029236,
        44.421732107798256,
        76.42936420440674
    ],
    "test_loss_history": [
        205.03628540039062,
        182.51438903808594,
        152.9976348876953,
        119.8728256225586,
        97.44681549072266,
        79.10271453857422,
        67.85871887207031,
        62.787967681884766,
        54.154640197753906,
        47.87123107910156,
        38.63285446166992,
        31.7069149017334,
        29.360252380371094,
        27.91990852355957,
        24.86343765258789,
        22.951255798339844,
        23.656991958618164,
        26.83626937866211,
        29.01799774169922,
        27.89227294921875,
        23.33312225341797,
        25.52044105529785,
        22.896974563598633,
        20.503087997436523,
        20.299482345581055,
        19.943016052246094,
        19.464086532592773,
        17.698640823364258,
        18.360748291015625,
        20.32008171081543,
        21.15247917175293,
        23.61557960510254,
        26.072420120239258,
        25.280437469482422,
        24.89318084716797,
        23.91474723815918,
        21.84076690673828,
        21.203662872314453,
        22.447275161743164,
        23.81983757019043,
        24.616212844848633,
        24.373302459716797,
        23.675031661987305,
        24.021305084228516,
        24.874290466308594,
        25.604759216308594,
        24.79491424560547
    ]
}