{
    "num_conv_blocks": 4,
    "initial_channels": 64,
    "dropout_rate": 0.33,
    "learning_rate": 0.001,
    "best_test_r2": 0.47949695587158203,
    "best_test_loss": 22.595945358276367,
    "final_train_r2": 0.2785414457321167,
    "train_r2_history": [
        -0.27740728855133057,
        -0.09433329105377197,
        -0.02319049835205078,
        0.0813300609588623,
        0.16783231496810913,
        -0.3663792610168457,
        0.0390397310256958,
        0.024615883827209473,
        0.12103152275085449,
        0.1037909984588623,
        0.11296772956848145,
        0.14091122150421143,
        0.1341894268989563,
        0.27400487661361694,
        0.28331655263900757,
        0.13950037956237793,
        0.05560344457626343,
        0.25191187858581543,
        0.4023025631904602,
        0.2843586206436157,
        0.23089706897735596,
        0.4509437084197998,
        0.23574239015579224,
        0.15749400854110718,
        0.4955834746360779,
        0.5324758291244507,
        0.4985848665237427,
        0.17182469367980957,
        0.34213703870773315,
        0.36047762632369995,
        0.44435882568359375,
        0.3299086093902588,
        0.5057889819145203,
        0.30269837379455566,
        0.44209450483322144,
        0.2785414457321167
    ],
    "test_r2_history": [
        -0.18166780471801758,
        0.0832444429397583,
        -0.024083495140075684,
        -1.0560638904571533,
        -0.3887706995010376,
        -0.5528397560119629,
        -2.026949644088745,
        -1.9969239234924316,
        -0.6124130487442017,
        0.16703331470489502,
        0.2724587917327881,
        0.3666883111000061,
        0.3245188593864441,
        0.27246057987213135,
        0.4044454097747803,
        0.46660035848617554,
        0.47949695587158203,
        0.45405256748199463,
        0.26668089628219604,
        0.4189479351043701,
        0.21466898918151855,
        0.268842875957489,
        0.37441444396972656,
        0.42620205879211426,
        0.44880104064941406,
        0.40132254362106323,
        0.37889623641967773,
        0.44814741611480713,
        0.4125479459762573,
        0.40849488973617554,
        0.41055792570114136,
        0.4270469546318054,
        0.4540942907333374,
        0.41663098335266113,
        0.36725062131881714,
        0.35516685247421265
    ],
    "train_loss_history": [
        74.91586951414745,
        56.16827003161112,
        48.06879742940267,
        48.62147363026937,
        36.94554487864176,
        66.21698729197185,
        48.0873122215271,
        49.394759019215904,
        44.32406139373779,
        33.6744327545166,
        30.95225715637207,
        37.257121086120605,
        30.517181317011516,
        27.25520881017049,
        28.160586992899578,
        35.81021595001221,
        39.79649035135905,
        27.63339392344157,
        30.892676671346027,
        38.31065511703491,
        27.27023156483968,
        32.694778760274254,
        34.085232734680176,
        28.80740762750308,
        17.33661811550458,
        16.723780473073322,
        18.157591938972473,
        33.597830613454185,
        23.308146238327026,
        31.73253631591797,
        25.96045168240865,
        23.202941417694092,
        18.842048009236652,
        34.85641352335612,
        22.40168523788452,
        27.227699995040894
    ],
    "test_loss_history": [
        51.29826354980469,
        39.79795837402344,
        44.457252502441406,
        89.25730895996094,
        60.28895950317383,
        67.41148376464844,
        131.40516662597656,
        130.10171508789062,
        69.99766540527344,
        36.16053771972656,
        31.583837509155273,
        27.493165969848633,
        29.323816299438477,
        31.583757400512695,
        25.854063034057617,
        23.155811309814453,
        22.595945358276367,
        23.700532913208008,
        31.83466148376465,
        25.224483489990234,
        34.092586517333984,
        31.74080467224121,
        27.15776252746582,
        24.909568786621094,
        23.928508758544922,
        25.989633560180664,
        26.963193893432617,
        23.956884384155273,
        25.502317428588867,
        25.678266525268555,
        25.588706970214844,
        24.87289047241211,
        23.698719024658203,
        25.325069427490234,
        27.468753814697266,
        27.993331909179688
    ]
}