{
    "num_conv_blocks": 2,
    "initial_channels": 16,
    "dropout_rate": 0.33,
    "learning_rate": 0.0001,
    "best_test_r2": 0.6525447368621826,
    "best_test_loss": 15.083639144897461,
    "final_train_r2": 0.17953485250473022,
    "train_r2_history": [
        -0.26053857803344727,
        -0.14371657371520996,
        -0.05685591697692871,
        0.0019342899322509766,
        0.11742746829986572,
        0.06028461456298828,
        0.09171921014785767,
        0.13049471378326416,
        0.2248106598854065,
        0.13007503747940063,
        0.20758271217346191,
        0.014020979404449463,
        0.034425973892211914,
        -0.06641077995300293,
        -0.01704227924346924,
        0.11990344524383545,
        0.21515756845474243,
        0.25100719928741455,
        0.2012617588043213,
        0.15122658014297485,
        0.2850413918495178,
        0.10764926671981812,
        0.1595401167869568,
        0.20780354738235474,
        0.4062767028808594,
        0.16173547506332397,
        0.32943129539489746,
        0.26258718967437744,
        0.49978113174438477,
        0.3201499581336975,
        0.480111300945282,
        0.37420469522476196,
        0.14263540506362915,
        0.45066267251968384,
        0.3475147485733032,
        0.4146716594696045,
        0.28618037700653076,
        0.34876149892807007,
        0.45559990406036377,
        0.1570555567741394,
        0.41991400718688965,
        0.5114400386810303,
        0.42488110065460205,
        0.4800589084625244,
        0.3036940097808838,
        0.2975567579269409,
        0.3994418978691101,
        0.46255725622177124,
        0.4910224676132202,
        0.36390262842178345,
        0.6448583602905273,
        0.39929234981536865,
        0.2840155363082886,
        0.49255961179733276,
        0.5272058844566345,
        0.45443201065063477,
        0.45390671491622925,
        0.5032737255096436,
        0.56952965259552,
        0.16498345136642456,
        0.4803841710090637,
        0.4177456498146057,
        0.5099397897720337,
        0.37038058042526245,
        0.6426348686218262,
        0.645876407623291,
        0.47287052869796753,
        0.45131194591522217,
        0.37466466426849365,
        0.42500799894332886,
        0.483063280582428,
        0.48073816299438477,
        0.2476661205291748,
        0.5156251192092896,
        0.17953485250473022
    ],
    "test_r2_history": [
        -0.34148406982421875,
        -0.30811047554016113,
        -0.26224684715270996,
        -0.21551430225372314,
        -0.1628342866897583,
        -0.11080753803253174,
        -0.03097391128540039,
        0.04591047763824463,
        0.11233317852020264,
        0.14877772331237793,
        0.23098796606063843,
        0.2739306092262268,
        0.29504120349884033,
        0.30073314905166626,
        0.27685749530792236,
        0.2798018455505371,
        0.29316675662994385,
        0.33563804626464844,
        0.3812327980995178,
        0.41405200958251953,
        0.4396529197692871,
        0.46299147605895996,
        0.4367104172706604,
        0.43952804803848267,
        0.4435194134712219,
        0.45374661684036255,
        0.4160744547843933,
        0.43162351846694946,
        0.460662305355072,
        0.49422508478164673,
        0.5323196649551392,
        0.5477440357208252,
        0.5570279359817505,
        0.5677886009216309,
        0.5818186402320862,
        0.6047751903533936,
        0.6115968227386475,
        0.617837131023407,
        0.6296327114105225,
        0.6154438257217407,
        0.6052590608596802,
        0.6035478115081787,
        0.5917901396751404,
        0.6110234260559082,
        0.6254663467407227,
        0.6403980255126953,
        0.6298531293869019,
        0.6494133472442627,
        0.6333287954330444,
        0.6249207854270935,
        0.6238051652908325,
        0.6186186075210571,
        0.630121111869812,
        0.6313965320587158,
        0.6511737108230591,
        0.6525447368621826,
        0.6502114534378052,
        0.6495252847671509,
        0.6453450918197632,
        0.6314313411712646,
        0.6295287609100342,
        0.6294991374015808,
        0.630570650100708,
        0.623185396194458,
        0.6393438577651978,
        0.6374223232269287,
        0.6452280282974243,
        0.640280544757843,
        0.6300217509269714,
        0.6340121030807495,
        0.6267820596694946,
        0.6318049430847168,
        0.6278893351554871,
        0.627483606338501,
        0.6263777017593384
    ],
    "train_loss_history": [
        74.96964025497437,
        68.30071910222371,
        65.68972047170003,
        64.70555782318115,
        53.37234306335449,
        60.826087633768715,
        57.70551999409994,
        52.10812648137411,
        51.02506931622823,
        42.88509543736776,
        46.230106353759766,
        48.628958543141685,
        52.375420888264976,
        60.52145846684774,
        48.76286347707113,
        50.213301499684654,
        42.345824559529625,
        36.09566728274027,
        48.31470664342245,
        49.63081153233846,
        37.50692049662272,
        43.452317555745445,
        44.50326124827067,
        35.423500855763756,
        31.276582717895508,
        43.92961120605469,
        38.50027624766032,
        39.56530348459879,
        28.818449179331463,
        30.384808381398518,
        28.967556794484455,
        30.06496524810791,
        40.53504387537638,
        27.345435460408527,
        31.183720588684082,
        33.55526741345724,
        38.784411112467446,
        23.94718261559804,
        28.164844036102295,
        39.78014310201009,
        26.68273464838664,
        16.915910720825195,
        24.509997367858887,
        21.967525641123455,
        34.35985652605692,
        34.27249797185262,
        32.61343812942505,
        20.980867703755695,
        17.592696289221447,
        32.06072994073232,
        15.633870840072632,
        35.263794898986816,
        45.84707546234131,
        21.586338837941486,
        20.53099588553111,
        31.27597777048747,
        21.00077486038208,
        29.267241557439167,
        17.882534821828205,
        33.263252099355064,
        19.075690110524494,
        23.52476755777995,
        23.657619794209797,
        21.6547655860583,
        12.213219749430815,
        15.252976536750793,
        19.180473407109577,
        33.70596913496653,
        23.360418796539307,
        30.737234592437744,
        22.095972220102947,
        31.717414140701294,
        37.43577559789022,
        24.394879897435505,
        44.35218095779419
    ],