{
    "num_conv_blocks": 4,
    "initial_channels": 64,
    "dropout_rate": 0.33,
    "learning_rate": 0.0001,
    "best_test_r2": 0.4958652853965759,
    "best_test_loss": 1.7878566980361938,
    "final_train_r2": -5.473084926605225,
    "train_r2_history": [
        -204.0536346435547,
        -152.7393035888672,
        -97.95880889892578,
        -38.94187927246094,
        -12.572417259216309,
        -14.027838706970215,
        -10.113838195800781,
        -12.206355094909668,
        -7.812312126159668,
        -13.523176193237305,
        -7.670177459716797,
        -11.330301284790039,
        -10.318989753723145,
        -8.740989685058594,
        -7.234982490539551,
        -10.426556587219238,
        -4.824792385101318,
        -6.300065517425537,
        -6.751592636108398,
        -7.664124488830566,
        -5.947910785675049,
        -8.967947006225586,
        -5.066863059997559,
        -4.646953105926514,
        -9.417158126831055,
        -7.249250411987305,
        -10.56949234008789,
        -6.215434551239014,
        -7.0568342208862305,
        -4.50545597076416,
        -8.749140739440918,
        -5.189474582672119,
        -3.936229705810547,
        -6.378321647644043,
        -3.7473621368408203,
        -5.935549259185791,
        -5.67770528793335,
        -6.68651008605957,
        -6.301035404205322,
        -5.994067192077637,
        -6.113007068634033,
        -7.0365753173828125,
        -7.686902046203613,
        -8.414711952209473,
        -8.051782608032227,
        -6.907926082611084,
        -6.7426958084106445,
        -5.678291320800781,
        -4.643393516540527,
        -6.5243988037109375,
        -4.424551010131836,
        -7.847500801086426,
        -6.4176764488220215,
        -6.82347297668457,
        -6.728888988494873,
        -9.202010154724121,
        -7.456937789916992,
        -3.9744348526000977,
        -5.473084926605225
    ],
    "test_r2_history": [
        -235.9971466064453,
        -220.54483032226562,
        -179.93963623046875,
        -96.88573455810547,
        -18.668649673461914,
        -3.479282855987549,
        -5.475756645202637,
        -9.34718132019043,
        -18.389434814453125,
        -16.994707107543945,
        -11.890281677246094,
        -9.937958717346191,
        -3.9531478881835938,
        -2.6314146518707275,
        -2.341890573501587,
        -1.9365177154541016,
        -1.5425686836242676,
        0.06950074434280396,
        -0.30571532249450684,
        -1.0016674995422363,
        -1.8293254375457764,
        -2.4750609397888184,
        -1.752591609954834,
        -2.867081642150879,
        -2.202380657196045,
        -1.5947396755218506,
        -1.155428409576416,
        -0.6863313913345337,
        -0.20604872703552246,
        0.01897454261779785,
        0.0005504488945007324,
        -0.011291027069091797,
        -0.07815384864807129,
        -0.15010380744934082,
        -0.0635676383972168,
        0.08065605163574219,
        0.2711101770401001,
        0.4135741591453552,
        0.45887744426727295,
        0.4958652853965759,
        0.4276806712150574,
        0.3182260990142822,
        -0.019672513008117676,
        -0.2770136594772339,
        -0.05769169330596924,
        -0.1052093505859375,
        -0.009288787841796875,
        -0.0870898962020874,
        -0.1396392583847046,
        -0.07990705966949463,
        0.04349100589752197,
        -0.26065242290496826,
        -0.3816683292388916,
        -0.2578763961791992,
        -0.17979252338409424,
        -0.08365583419799805,
        -0.06371784210205078,
        -0.10899055004119873,
        -0.20387029647827148
    ],
    "train_loss_history": [
        788.1590576171875,
        588.6407012939453,
        368.20412190755206,
        159.49027570088705,
        46.759504556655884,
        76.08143583933513,
        38.540109078089394,
        56.37978903452555,
        34.73981602986654,
        50.55260435740153,
        37.569536209106445,
        48.48566913604736,
        44.9555409749349,
        39.18683179219564,
        29.498793919881184,
        55.55162398020426,
        22.304226239522297,
        26.42925500869751,
        26.54490836461385,
        32.643677393595375,
        26.333579858144123,
        34.05393695831299,
        22.054949124654133,
        20.45062526067098,
        37.332798639933266,
        37.02095286051432,
        47.61162916819254,
        28.705298741658527,
        33.13422203063965,
        22.669045607248943,
        48.537965297698975,
        22.947378794352215,
        16.96833924452464,
        27.262330691019695,
        18.91969347000122,
        24.97980610529582,
        25.41368055343628,
        31.96343119939168,
        32.775919914245605,
        27.418685754140217,
        25.185235341389973,
        30.64241139094035,
        32.293491204579674,
        34.684210777282715,
        39.252352714538574,
        27.132476607958477,
        27.111858050028484,
        25.99496078491211,
        24.087759494781494,
        26.311037222544353,
        19.69739357630412,
        54.695396423339844,
        32.74024264017741,
        28.07380024592082,
        26.964531024297077,
        36.758363564809166,
        29.723705927530926,
        17.48060631752014,
        22.078517481684685
    ],
    "test_loss_history": [
        840.4835205078125,
        785.6837768554688,
        641.6819458007812,
        347.1406555175781,
        69.75264739990234,
        15.885270118713379,
        22.96553611755371,
        36.695106506347656,
        68.76243591308594,
        63.81618118286133,
        45.713932037353516,
        38.79023361206055,
        17.565776824951172,
        12.878398895263672,
        11.851637840270996,
        10.41402816772461,
        9.016932487487793,
        3.299910068511963,
        4.6305718421936035,
        7.098687648773193,
        10.033881187438965,
        12.323909759521484,
        9.761754989624023,
        13.714168548583984,
        11.356882095336914,
        9.201950073242188,
        7.643983364105225,
        5.980383396148682,
        4.2771148681640625,
        3.4790961742401123,
        3.5444347858428955,
        3.5864291191101074,
        3.823550224304199,
        4.078713417053223,
        3.771821975708008,
        3.2603495121002197,
        2.584925413131714,
        2.079692840576172,
        1.9190298318862915,
        1.7878566980361938,
        2.029665946960449,
        2.4178342819213867,
        3.6161532402038574,
        4.52878475189209,
        3.750983715057373,
        3.9195003509521484,
        3.5793285369873047,
        3.855241298675537,
        4.04160213470459,
        3.829768180847168,
        3.392151355743408,
        4.470761299133301,
        4.899930953979492,
        4.460916996002197,
        4.1840009689331055,
        3.84306263923645,
        3.7723548412323,
        3.9329094886779785,
        4.269389629364014
    ]
}