{
    "num_conv_blocks": 4,
    "initial_channels": 32,
    "dropout_rate": 0.33,
    "learning_rate": 0.001,
    "best_test_r2": -0.19654405117034912,
    "best_test_loss": 4.711081504821777,
    "final_train_r2": -0.16887080669403076,
    "train_r2_history": [
        -1.5646586418151855,
        -0.6242759227752686,
        -0.4924311637878418,
        -0.5527328252792358,
        -0.22357678413391113,
        -0.34306609630584717,
        -0.17605185508728027,
        -0.3767843246459961,
        -0.3250685930252075,
        -0.3684093952178955,
        -0.0738060474395752,
        -0.20483970642089844,
        -0.33703184127807617,
        -0.2732205390930176,
        -0.188623309135437,
        -0.26400601863861084,
        -0.3399776220321655,
        0.04961657524108887,
        -0.44442951679229736,
        0.016994833946228027,
        -0.10526418685913086,
        -0.5088950395584106,
        0.05670762062072754,
        -0.033945560455322266,
        -0.2598698139190674,
        -0.1014552116394043,
        -0.11194980144500732,
        -0.24228572845458984,
        -0.16887080669403076
    ],
    "test_r2_history": [
        -1.0634310245513916,
        -0.23619461059570312,
        -0.254533052444458,
        -0.7555499076843262,
        -0.6126918792724609,
        -0.49434494972229004,
        -0.8688817024230957,
        -0.3638582229614258,
        -0.22867584228515625,
        -0.19654405117034912,
        -0.31253623962402344,
        -0.41688525676727295,
        -0.5261390209197998,
        -0.5256649255752563,
        -0.45591259002685547,
        -0.540851354598999,
        -0.5847388505935669,
        -0.5581326484680176,
        -0.5620148181915283,
        -0.5434408187866211,
        -0.3959921598434448,
        -0.38356053829193115,
        -0.426719069480896,
        -0.46718835830688477,
        -0.43077945709228516,
        -0.44050681591033936,
        -0.42470479011535645,
        -0.4264523983001709,
        -0.38653743267059326
    ],
    "train_loss_history": [
        3.736392373840014,
        2.3332209264238677,
        2.7928796907265983,
        2.2253734159749,
        1.9412752389907837,
        2.3763060669104257,
        1.6870329016819596,
        2.023386612534523,
        1.928959918518861,
        2.069572309652964,
        1.6830920179684956,
        1.8736164569854736,
        1.9635275552670162,
        1.9468828191359837,
        1.827599694331487,
        1.8914808829625447,
        1.9554185668627422,
        1.3907991349697113,
        2.1815557877222695,
        1.4504448771476746,
        1.6147981186707814,
        2.186145139237245,
        1.3923356235027313,
        1.5051522726813953,
        1.8516320337851842,
        1.5816838219761848,
        1.593462185061071,
        1.7905316688120365,
        1.7073532715439796
    ],
    "test_loss_history": [
        8.124223709106445,
        4.867196559906006,
        4.939398765563965,
        6.912023067474365,
        6.3495564460754395,
        5.883596420288086,
        7.358237266540527,
        5.369838237762451,
        4.837592601776123,
        4.711081504821777,
        5.167771339416504,
        5.578618049621582,
        6.008777141571045,
        6.00691032409668,
        5.732278347015381,
        6.066702842712402,
        6.239499092102051,
        6.1347432136535645,
        6.150027751922607,
        6.076898097991943,
        5.49635648727417,
        5.447411060333252,
        5.617337226867676,
        5.776673793792725,
        5.633324146270752,
        5.671622276306152,
        5.609406471252441,
        5.616286754608154,
        5.459131717681885
    ]
}