{
    "num_conv_blocks": 4,
    "initial_channels": 16,
    "dropout_rate": 0.33,
    "learning_rate": 0.001,
    "best_test_r2": -0.1012260913848877,
    "best_test_loss": 4.335792541503906,
    "final_train_r2": 0.07338857650756836,
    "train_r2_history": [
        -1.1549973487854004,
        -0.37742722034454346,
        -0.28231310844421387,
        -0.24510812759399414,
        -0.4722445011138916,
        -0.10974788665771484,
        -0.08163487911224365,
        -0.10350704193115234,
        -0.3668481111526489,
        -0.39940786361694336,
        -0.37212812900543213,
        -0.025658607482910156,
        -0.07547175884246826,
        -0.26355278491973877,
        -0.033161044120788574,
        -0.3756002187728882,
        -0.2996194362640381,
        -0.27163636684417725,
        0.005877852439880371,
        -0.06826388835906982,
        -0.2438974380493164,
        -0.04017043113708496,
        -0.1649951934814453,
        0.08896076679229736,
        0.013517439365386963,
        -0.23518621921539307,
        0.07338857650756836
    ],
    "test_r2_history": [
        -1.1994404792785645,
        -0.8442608118057251,
        -0.6366174221038818,
        -0.1161494255065918,
        -0.26667022705078125,
        -0.43018150329589844,
        -0.31490349769592285,
        -0.1012260913848877,
        -0.5807919502258301,
        -0.5338326692581177,
        -0.43013274669647217,
        -0.2931504249572754,
        -0.2295438051223755,
        -0.23127126693725586,
        -0.2307647466659546,
        -0.24353432655334473,
        -0.1978154182434082,
        -0.1812225580215454,
        -0.23124492168426514,
        -0.2602795362472534,
        -0.2792632579803467,
        -0.31726908683776855,
        -0.3514460325241089,
        -0.36626875400543213,
        -0.41953301429748535,
        -0.43937206268310547,
        -0.3904048204421997
    ],
    "train_loss_history": [
        3.124991089105606,
        2.093664358059565,
        1.9074962735176086,
        1.8504326343536377,
        2.2463549276192984,
        1.6868806580702465,
        1.6829526921113331,
        1.7965020835399628,
        2.0999319553375244,
        2.106563061475754,
        2.0610675315062204,
        1.4840328767895699,
        1.6446721355120342,
        1.9225374460220337,
        1.4966315751274426,
        2.095656673113505,
        1.916033575932185,
        1.86589115858078,
        1.4587378601233165,
        1.771172970533371,
        1.986604352792104,
        1.5195916444063187,
        1.7094362477461498,
        1.3646255830923717,
        1.5347716907660167,
        1.804953893025716,
        1.3956666588783264
    ],
    "test_loss_history": [
        8.6597261428833,
        7.261298179626465,
        6.4437575340271,
        4.394548416137695,
        4.987185478210449,
        5.63096809387207,
        5.177091598510742,
        4.335792541503906,
        6.223958492279053,
        6.039068222045898,
        5.630776882171631,
        5.091444492340088,
        4.841010570526123,
        4.847811222076416,
        4.8458170890808105,
        4.896093368530273,
        4.716087341308594,
        4.6507568359375,
        4.847707748413086,
        4.962024211883545,
        5.036766052246094,
        5.186405181884766,
        5.320967674255371,
        5.379328727722168,
        5.589043617248535,
        5.667153835296631,
        5.474359035491943
    ]
}