{
    "num_conv_blocks": 4,
    "initial_channels": 32,
    "dropout_rate": 0.33,
    "learning_rate": 0.0001,
    "best_test_r2": 0.6139541864395142,
    "best_test_loss": 16.758922576904297,
    "final_train_r2": 0.3464285135269165,
    "train_r2_history": [
        -0.2708406448364258,
        -0.16284620761871338,
        -0.11394619941711426,
        0.018752872943878174,
        -0.008938312530517578,
        0.05124694108963013,
        0.1348211169242859,
        0.1720455288887024,
        0.10869050025939941,
        0.16560232639312744,
        0.30020666122436523,
        0.10560035705566406,
        0.27128320932388306,
        0.2142360806465149,
        0.3007861375808716,
        0.3008382320404053,
        0.3321346640586853,
        0.19329547882080078,
        -0.006844282150268555,
        0.16923964023590088,
        0.37390804290771484,
        0.07280170917510986,
        0.3266304135322571,
        0.3012647032737732,
        0.2928668260574341,
        0.24023795127868652,
        0.19380074739456177,
        0.37883591651916504,
        0.2793880105018616,
        0.12559616565704346,
        0.24242013692855835,
        0.2943986654281616,
        0.4038543701171875,
        0.24236589670181274,
        0.34556978940963745,
        0.21947544813156128,
        0.4244765639305115,
        0.3061668872833252,
        0.19682490825653076,
        0.4633505344390869,
        0.25838834047317505,
        0.4725903272628784,
        0.16745710372924805,
        0.3787955045700073,
        0.3865309953689575,
        0.4056219458580017,
        0.2257317304611206,
        0.4686196446418762,
        0.3115296959877014,
        0.3875390291213989,
        0.24046248197555542,
        0.49900656938552856,
        0.3464285135269165
    ],
    "test_r2_history": [
        -0.3511507511138916,
        -0.31225526332855225,
        -0.23930013179779053,
        -0.13930606842041016,
        -0.04464685916900635,
        0.009826481342315674,
        0.024467110633850098,
        0.030191481113433838,
        0.13809114694595337,
        0.21629345417022705,
        0.3010364770889282,
        0.4302769899368286,
        0.4369097948074341,
        0.44701993465423584,
        0.498041033744812,
        0.5352329015731812,
        0.49633634090423584,
        0.3830568790435791,
        0.44944608211517334,
        0.43731939792633057,
        0.49918025732040405,
        0.3809189796447754,
        0.4841427803039551,
        0.5495262742042542,
        0.590886116027832,
        0.5478631258010864,
        0.3159003257751465,
        0.2500554919242859,
        0.365825355052948,
        0.5135655999183655,
        0.5850378274917603,
        0.5756462812423706,
        0.5954480767250061,
        0.6139541864395142,
        0.595314621925354,
        0.5510046482086182,
        0.5082323551177979,
        0.490422785282135,
        0.5489251613616943,
        0.5365409851074219,
        0.55302894115448,
        0.5573133826255798,
        0.5343120098114014,
        0.5312292575836182,
        0.49541914463043213,
        0.4890020489692688,
        0.5121867656707764,
        0.5385953187942505,
        0.5714181661605835,
        0.5854696035385132,
        0.6006481647491455,
        0.6093500852584839,
        0.5919008851051331
    ],
    "train_loss_history": [
        75.29870927333832,
        69.48174186547597,
        67.204824924469,
        60.06729737917582,
        59.44442057609558,
        56.73180445035299,
        48.847237745920815,
        46.8304705619812,
        46.09230454762777,
        43.031198024749756,
        36.063213189442955,
        41.05491669972738,
        38.65316104888916,
        39.57866668701172,
        37.19328308105469,
        37.90743851661682,
        30.771488825480144,
        45.990285555521645,
        43.09406661987305,
        44.89848645528158,
        29.733574231465656,
        45.24850082397461,
        38.22393306096395,
        35.424217542012535,
        30.708524703979492,
        32.648373206456505,
        33.3902473449707,
        30.62299092610677,
        35.16991678873698,
        32.18222236633301,
        39.888571898142494,
        32.536288579305015,
        27.73298446337382,
        36.05503559112549,
        31.69102207819621,
        30.52659320831299,
        28.223694562911987,
        35.095389207204185,
        36.0857899983724,
        32.50647532939911,
        43.28179947535197,
        23.29979141553243,
        36.803713162740074,
        29.38306474685669,
        26.189198573430378,
        39.849948128064476,
        34.057452042897545,
        24.33055305480957,
        27.73274604479472,
        21.907415469487507,
        34.802999337514244,
        28.405524094899494,
        35.91593130429586
    ],
    "test_loss_history": [
        58.65581130981445,
        56.967288970947266,
        53.8001823425293,
        49.459266662597656,
        45.34994125366211,
        42.98515701293945,
        42.34959030151367,
        42.10108184814453,
        37.416969299316406,
        34.02206802368164,
        30.34322738647461,
        24.732667922973633,
        24.44472885131836,
        24.005830764770508,
        21.790916442871094,
        20.176349639892578,
        21.864917755126953,
        26.782573699951172,
        23.9005069732666,
        24.426950454711914,
        21.741456985473633,
        26.875389099121094,
        22.394262313842773,
        19.55584716796875,
        17.76034927368164,
        19.628047943115234,
        29.697959899902344,
        32.556396484375,
        27.530628204345703,
        21.11696434020996,
        18.014232635498047,
        18.42193603515625,
        17.562305450439453,
        16.758922576904297,
        17.568099975585938,
        19.49167251586914,
        21.34848976135254,
        22.12163543701172,
        19.58194351196289,
        20.119564056396484,
        19.403791427612305,
        19.217796325683594,
        20.216323852539062,
        20.350154876708984,
        21.904733657836914,
        22.18331527709961,
        21.17682456970215,
        20.030385971069336,
        18.605484008789062,
        17.99549102783203,
        17.336559295654297,
        16.95879554748535,
        17.716293334960938
    ]
}