{
    "num_conv_blocks": 2,
    "initial_channels": 16,
    "dropout_rate": 0.33,
    "learning_rate": 0.0001,
    "best_test_r2": 0.4005184769630432,
    "best_test_loss": 22.231019973754883,
    "final_train_r2": 0.37291932106018066,
    "train_r2_history": [
        -2.5744824409484863,
        -1.7358217239379883,
        -1.0781805515289307,
        -0.42328906059265137,
        -0.13995361328125,
        0.17384052276611328,
        0.15260887145996094,
        -0.013579964637756348,
        0.0624617338180542,
        0.30477458238601685,
        0.28884536027908325,
        0.07327383756637573,
        0.16235250234603882,
        -0.028989195823669434,
        0.22960573434829712,
        -0.2374178171157837,
        0.207574725151062,
        0.040982723236083984,
        -0.13226425647735596,
        0.09981513023376465,
        0.27869683504104614,
        0.06464958190917969,
        0.21799558401107788,
        0.23679202795028687,
        0.5443007946014404,
        0.21470433473587036,
        0.23828548192977905,
        0.34408795833587646,
        0.4636632800102234,
        0.2274799942970276,
        0.2918376922607422,
        0.35297691822052,
        0.041625261306762695,
        0.35637110471725464,
        0.270679235458374,
        0.4312453866004944,
        0.44445520639419556,
        0.31746339797973633,
        0.4168035387992859,
        0.30144786834716797,
        0.1282098889350891,
        0.23053085803985596,
        0.3982285261154175,
        0.2842373847961426,
        0.018421828746795654,
        0.3318236470222473,
        0.281951367855072,
        0.310046911239624,
        0.28231942653656006,
        0.23811548948287964,
        0.23602980375289917,
        0.2337358593940735,
        0.23827189207077026,
        0.5246214866638184,
        0.34008026123046875,
        0.403099000453949,
        0.271020770072937,
        0.40601348876953125,
        0.14013320207595825,
        0.2563348412513733,
        0.3677636981010437,
        0.273570716381073,
        0.11824750900268555,
        0.37291932106018066
    ],
    "test_r2_history": [
        -4.6125712394714355,
        -4.325713634490967,
        -3.7535672187805176,
        -2.985783338546753,
        -2.2161357402801514,
        -1.5422544479370117,
        -0.8930000066757202,
        -0.5745691061019897,
        -0.33632707595825195,
        -0.2912118434906006,
        -0.22043001651763916,
        -0.08445584774017334,
        -0.08176922798156738,
        -0.12156820297241211,
        -0.04067635536193848,
        -0.0934762954711914,
        -0.1332319974899292,
        -0.03420674800872803,
        0.030507028102874756,
        0.09334874153137207,
        0.0791022777557373,
        0.2056887149810791,
        0.13721418380737305,
        0.15384280681610107,
        0.31352698802948,
        0.34637153148651123,
        0.33386361598968506,
        0.2919159531593323,
        0.24832534790039062,
        0.20127540826797485,
        0.198561429977417,
        0.29305654764175415,
        0.32920384407043457,
        0.3003721833229065,
        0.28791582584381104,
        0.2998008728027344,
        0.3521096110343933,
        0.3697882890701294,
        0.35147732496261597,
        0.32675403356552124,
        0.3281588554382324,
        0.3289942145347595,
        0.3708588480949402,
        0.38609081506729126,
        0.4005184769630432,
        0.3921133875846863,
        0.3450292944908142,
        0.3126535415649414,
        0.31821292638778687,
        0.32543331384658813,
        0.29857563972473145,
        0.3463517427444458,
        0.3195417523384094,
        0.3426421880722046,
        0.30767887830734253,
        0.3056822419166565,
        0.33460110425949097,
        0.33660703897476196,
        0.3654789328575134,
        0.3435509204864502,
        0.34536588191986084,
        0.3609689474105835,
        0.35414206981658936,
        0.3540208339691162
    ],
    "train_loss_history": [
        280.72332763671875,
        207.80445098876953,
        156.97606118520102,
        107.73039150238037,
        88.92209529876709,
        63.67608896891276,
        67.82120990753174,
        77.08610566457112,
        70.50156696637471,
        51.68643275896708,
        54.74561595916748,
        72.17930126190186,
        65.04407628377278,
        77.08896327018738,
        63.79537296295166,
        94.89995416005452,
        60.03108072280884,
        75.14698092142741,
        83.86030553995322,
        74.65999348958333,
        56.99598630269369,
        70.03104305267334,
        61.71625550587972,
        57.87715721130371,
        36.25955295562744,
        62.15959326426188,
        59.27247269948324,
        50.095393657684326,
        41.69441525141398,
        58.15339581171671,
        53.76130231221517,
        51.07041581471761,
        75.58450285593669,
        49.15336068471273,
        54.165226678053536,
        42.391448537508644,
        42.102030754089355,
        52.56069278717041,
        43.60262060165405,
        55.31463654836019,
        64.83973793188731,
        57.38432562351227,
        45.00352791945139,
        53.76739557584127,
        73.51730664571126,
        52.735958099365234,
        54.63356081644694,
        56.58277448018392,
        54.45799287160238,
        60.404602686564125,
        57.344280083974205,
        60.288636207580566,
        56.63911096254984,
        38.22332191467285,
        51.52905019124349,
        46.03632926940918,
        54.301417549451195,
        45.7574413617452,
        71.00039068857829,
        57.33540439605713,
        46.836588161687054,
        54.91515668233236,
        68.75560712814331,
        46.91382567087809
    ],
    "test_loss_history": [
        208.13514709472656,
        197.4973907470703,
        176.28005981445312,
        147.80776977539062,
        119.26632690429688,
        94.27631378173828,
        70.19952392578125,
        58.39091491699219,
        49.55600357055664,
        47.88296890258789,
        45.25810623168945,
        40.21568298339844,
        40.11605453491211,
        41.591941833496094,
        38.5921745300293,
        40.550193786621094,
        42.02448272705078,
        38.35226058959961,
        35.952423095703125,
        33.62202072143555,
        34.15032958984375,
        29.45603370666504,
        31.995323181152344,
        31.378671646118164,
        25.456989288330078,
        24.238988876342773,
        24.702829360961914,
        26.258405685424805,
        27.87491226196289,
        29.61969566345215,
        29.720338821411133,
        26.216108322143555,
        24.87563133239746,
        25.9448184967041,
        26.4067440032959,
        25.966007232666016,
        24.026203155517578,
        23.370607376098633,
        24.049646377563477,
        24.966480255126953,
        24.914386749267578,
        24.883405685424805,
        23.330907821655273,
        22.766048431396484,
        22.231019973754883,
        22.542713165283203,
        24.288766860961914,
        25.489381790161133,
        25.283214569091797,
        25.01545524597168,
        26.01144027709961,
        24.23972511291504,
        25.233936309814453,
        24.37728500366211,
        25.673860549926758,
        25.747900009155273,
        24.67548179626465,
        24.601091384887695,
        23.53041648864746,
        24.34358787536621,
        24.276281356811523,
        23.697664260864258,
        23.950828552246094,
        23.9553279876709
    ]
}