{
    "num_conv_blocks": 3,
    "initial_channels": 64,
    "dropout_rate": 0.33,
    "learning_rate": 0.0001,
    "best_test_r2": -0.22869718074798584,
    "best_test_loss": 4.837676525115967,
    "final_train_r2": 0.1959419846534729,
    "train_r2_history": [
        -1.107177495956421,
        -0.394542932510376,
        -0.32689177989959717,
        -0.2649780511856079,
        -0.14949703216552734,
        -0.03756392002105713,
        -0.09627306461334229,
        0.17875725030899048,
        -0.06235849857330322,
        -0.14996516704559326,
        0.14817237854003906,
        -0.054453492164611816,
        -0.28088271617889404,
        -0.052256107330322266,
        -0.04196572303771973,
        0.13676846027374268,
        0.04345208406448364,
        -0.054879188537597656,
        -0.16872572898864746,
        0.26717156171798706,
        0.09127086400985718,
        0.013369143009185791,
        -0.0033750534057617188,
        0.1959419846534729
    ],
    "test_r2_history": [
        -1.1594386100769043,
        -0.8973006010055542,
        -0.609513521194458,
        -0.37383508682250977,
        -0.22869718074798584,
        -0.2712515592575073,
        -0.29334354400634766,
        -0.3755838871002197,
        -0.4583526849746704,
        -0.42560768127441406,
        -0.31683647632598877,
        -0.2895810604095459,
        -0.2530841827392578,
        -0.23346519470214844,
        -0.26235830783843994,
        -0.2970682382583618,
        -0.30517494678497314,
        -0.3345900774002075,
        -0.314115047454834,
        -0.32734715938568115,
        -0.31887519359588623,
        -0.29248881340026855,
        -0.28731656074523926,
        -0.2587594985961914
    ],
    "train_loss_history": [
        3.7362574885288873,
        2.0463578552007675,
        2.052642102042834,
        1.8484240223964055,
        1.6726704860726993,
        1.4985362651447456,
        1.6664446492989857,
        1.4193783452113469,
        1.63044078151385,
        1.6774664570887883,
        1.3553043057521184,
        1.541702705125014,
        1.8428247744838397,
        1.6524306237697601,
        1.6719052493572235,
        1.2513496403892834,
        1.437623957792918,
        1.6068625648816426,
        1.7311983406543732,
        1.0786688178777695,
        1.3122878583769004,
        1.505102942387263,
        1.5142405033111572,
        1.1799236163496971
    ],
    "test_loss_history": [
        8.502230644226074,
        7.470129013061523,
        6.337042808532715,
        5.409119606018066,
        4.837676525115967,
        5.005223274230957,
        5.092204570770264,
        5.416006088256836,
        5.741884708404541,
        5.612959861755371,
        5.184702396392822,
        5.077391147613525,
        4.933694362640381,
        4.856448650360107,
        4.970207214355469,
        5.106869697570801,
        5.13878870010376,
        5.254602909088135,
        5.17398738861084,
        5.226085186004639,
        5.1927289962768555,
        5.088839530944824,
        5.068475723266602,
        4.956038951873779
    ]
}