{
    "num_conv_blocks": 3,
    "initial_channels": 16,
    "dropout_rate": 0.33,
    "learning_rate": 0.001,
    "best_test_r2": 0.30249905586242676,
    "best_test_loss": 2.4736077785491943,
    "final_train_r2": -7.606589317321777,
    "train_r2_history": [
        -125.45578002929688,
        -24.89531707763672,
        -23.447071075439453,
        -18.846878051757812,
        -14.78958797454834,
        -11.157673835754395,
        -12.947500228881836,
        -13.894662857055664,
        -17.617101669311523,
        -18.428022384643555,
        -16.51555633544922,
        -8.963184356689453,
        -9.262194633483887,
        -10.4962739944458,
        -7.785323143005371,
        -13.033013343811035,
        -9.23131275177002,
        -12.648836135864258,
        -5.639711856842041,
        -13.677449226379395,
        -15.660736083984375,
        -10.55445671081543,
        -10.223673820495605,
        -11.25976848602295,
        -8.905401229858398,
        -8.23512077331543,
        -9.361759185791016,
        -11.605738639831543,
        -8.344331741333008,
        -9.227861404418945,
        -10.34920597076416,
        -11.401655197143555,
        -11.290165901184082,
        -7.606589317321777
    ],
    "test_r2_history": [
        -180.6474151611328,
        -103.69963836669922,
        -75.87796020507812,
        -12.061622619628906,
        -6.420751571655273,
        0.19565695524215698,
        -3.180680751800537,
        -2.8208913803100586,
        0.17580807209014893,
        -1.6046292781829834,
        -4.730276107788086,
        -2.2230212688446045,
        -1.6770455837249756,
        -0.23124432563781738,
        0.30249905586242676,
        -0.2221459150314331,
        -1.3449347019195557,
        0.1463746428489685,
        -0.346258282661438,
        -0.6006578207015991,
        -4.425999641418457,
        -2.4408059120178223,
        -0.49679434299468994,
        -0.9396044015884399,
        -0.5936048030853271,
        -1.2349872589111328,
        -1.746342658996582,
        -1.5170788764953613,
        -1.115415334701538,
        -0.7087769508361816,
        -0.1547703742980957,
        -0.19147992134094238,
        -0.0982903242111206,
        0.09541642665863037
    ],
    "train_loss_history": [
        446.0952377319336,
        104.99375343322754,
        86.04056453704834,
        70.30720742543538,
        63.11601003011068,
        46.163408279418945,
        51.469761530558266,
        56.88872528076172,
        70.31604226430257,
        87.32413101196289,
        64.58678436279297,
        39.37694279352824,
        39.20983091990153,
        41.327955881754555,
        33.145816485087074,
        48.67201519012451,
        37.14405218760172,
        52.96278349558512,
        24.211488564809162,
        58.911356608072914,
        68.2891108194987,
        41.436797777811684,
        49.490601221720375,
        46.49353853861491,
        43.79917685190836,
        32.80392630894979,
        54.56774361928304,
        44.52673053741455,
        33.537442684173584,
        37.194186210632324,
        41.32545757293701,
        43.96477508544922,
        48.57292556762695,
        36.86431757609049
    ],
    "test_loss_history": [
        644.1920776367188,
        371.30548095703125,
        272.6390075683594,
        46.32155990600586,
        26.316856384277344,
        2.8525116443634033,
        14.826311111450195,
        13.550358772277832,
        2.922903299331665,
        9.237024307250977,
        20.32177734375,
        11.43008041381836,
        9.4938383102417,
        4.366468906402588,
        2.4736077785491943,
        4.334201812744141,
        8.316044807434082,
        3.0272860527038574,
        4.774352550506592,
        5.6765522956848145,
        19.24268913269043,
        12.20242977142334,
        5.3082122802734375,
        6.878587245941162,
        5.651538372039795,
        7.926129341125488,
        9.739595413208008,
        8.926534652709961,
        7.502080917358398,
        6.059983730316162,
        4.09526252746582,
        4.225449085235596,
        3.8949625492095947,
        3.208003520965576
    ]
}