{
    "num_conv_blocks": 4,
    "initial_channels": 16,
    "dropout_rate": 0.33,
    "learning_rate": 0.001,
    "best_test_r2": 0.4605579972267151,
    "best_test_loss": 1.9130699634552002,
    "final_train_r2": -7.836725234985352,
    "train_r2_history": [
        -174.13180541992188,
        -23.797788619995117,
        -17.069608688354492,
        -20.655611038208008,
        -23.869524002075195,
        -12.536774635314941,
        -10.489879608154297,
        -10.311047554016113,
        -6.065621852874756,
        -10.860404968261719,
        -15.579954147338867,
        -17.79508399963379,
        -5.845850944519043,
        -6.3311638832092285,
        -10.734699249267578,
        -5.196285724639893,
        -8.19547176361084,
        -7.674907684326172,
        -12.729652404785156,
        -9.324755668640137,
        -9.771804809570312,
        -8.231085777282715,
        -7.90913200378418,
        -8.310239791870117,
        -8.325777053833008,
        -9.375299453735352,
        -8.617764472961426,
        -8.257438659667969,
        -8.86362361907959,
        -8.23453140258789,
        -7.836725234985352
    ],
    "test_r2_history": [
        -221.60182189941406,
        -121.87895965576172,
        -109.2014389038086,
        -87.96808624267578,
        -33.63518524169922,
        -4.087875843048096,
        -1.679309368133545,
        -1.4825255870819092,
        -9.503111839294434,
        -4.4910888671875,
        -10.056912422180176,
        0.4605579972267151,
        -2.1551544666290283,
        -1.186218023300171,
        0.21098637580871582,
        -0.2041412591934204,
        0.07773935794830322,
        0.3649222254753113,
        -1.0199103355407715,
        -2.9672493934631348,
        0.024396300315856934,
        -0.05766701698303223,
        -0.2480158805847168,
        -1.10272216796875,
        -2.704590082168579,
        -1.0769550800323486,
        0.06927984952926636,
        -0.0926748514175415,
        -0.6034300327301025,
        -0.6085314750671387,
        -0.4621877670288086
    ],
    "train_loss_history": [
        632.7306874593099,
        90.74055671691895,
        78.12089411417644,
        80.73919359842937,
        92.08319981892903,
        59.86836465199789,
        46.36253674825033,
        41.287826220194496,
        41.48009745279948,
        50.14164479573568,
        56.66217895348867,
        98.57447369893391,
        26.938587188720703,
        31.942001660664875,
        51.43110911051432,
        21.9930100440979,
        35.488892237345375,
        30.819635073343914,
        50.22681554158529,
        37.230080922444664,
        38.2076629002889,
        32.13150382041931,
        33.56617005666097,
        48.77096462249756,
        36.097920417785645,
        39.39759127298991,
        34.86332861582438,
        33.06683890024821,
        34.1244330406189,
        31.807578444480896,
        30.940951426823933
    ],
    "test_loss_history": [
        789.4321899414062,
        435.7763366699219,
        390.8169250488281,
        315.5152282714844,
        122.82977294921875,
        18.043577194213867,
        9.501866340637207,
        8.803997039794922,
        37.24809646606445,
        19.47352409362793,
        39.21208953857422,
        1.9130699634552002,
        11.189396858215332,
        7.753175735473633,
        2.798147439956665,
        4.270350456237793,
        3.270693063735962,
        2.2522311210632324,
        7.163383960723877,
        14.0693998336792,
        3.4598681926727295,
        3.750896692276001,
        4.425947189331055,
        7.457066535949707,
        13.137909889221191,
        7.365685939788818,
        3.300693988800049,
        3.8750476837158203,
        5.686383247375488,
        5.7044758796691895,
        5.185482978820801
    ]
}