{
    "num_conv_blocks": 3,
    "initial_channels": 64,
    "dropout_rate": 0.33,
    "learning_rate": 0.001,
    "best_test_r2": 0.17362409830093384,
    "best_test_loss": 2.9306485652923584,
    "final_train_r2": -8.319276809692383,
    "train_r2_history": [
        -116.96726989746094,
        -35.6895866394043,
        -29.855865478515625,
        -15.379461288452148,
        -10.846068382263184,
        -15.823333740234375,
        -11.95235538482666,
        -14.518901824951172,
        -16.444311141967773,
        -13.391702651977539,
        -11.81690788269043,
        -15.349128723144531,
        -16.665706634521484,
        -9.74927806854248,
        -7.84989070892334,
        -9.802762985229492,
        -13.121521949768066,
        -12.53281021118164,
        -17.268640518188477,
        -14.835410118103027,
        -15.48931884765625,
        -13.45809555053711,
        -13.794500350952148,
        -8.113856315612793,
        -12.874632835388184,
        -10.81105899810791,
        -7.040861129760742,
        -10.959339141845703,
        -12.46314525604248,
        -13.391866683959961,
        -12.448598861694336,
        -10.351573944091797,
        -6.004972457885742,
        -8.319276809692383
    ],
    "test_r2_history": [
        -152.6785125732422,
        -75.32707214355469,
        -34.71122741699219,
        -6.99484920501709,
        -17.642797470092773,
        -9.469325065612793,
        -2.7722010612487793,
        -11.638026237487793,
        -1.9210948944091797,
        -3.343139171600342,
        0.11296510696411133,
        -5.5493364334106445,
        -4.579954624176025,
        0.14592039585113525,
        0.17362409830093384,
        -3.654611110687256,
        -1.3457152843475342,
        -3.393266201019287,
        -8.021951675415039,
        -9.75352668762207,
        -6.044594764709473,
        -5.01434326171875,
        -0.03309905529022217,
        -0.9036482572555542,
        -0.3955954313278198,
        -0.7375271320343018,
        -0.1573324203491211,
        -0.5806065797805786,
        -0.24942708015441895,
        -3.2964162826538086,
        -4.743144512176514,
        -0.5937844514846802,
        0.1210014820098877,
        0.15112769603729248
    ],
    "train_loss_history": [
        612.4819005330404,
        130.69684346516928,
        110.0106970469157,
        73.82075087229411,
        52.47795867919922,
        81.78192679087321,
        50.287567456563316,
        60.17449188232422,
        64.9630635579427,
        53.91965198516846,
        52.483089447021484,
        58.85963408152262,
        76.08459726969402,
        47.59305953979492,
        33.17124207814535,
        39.61177444458008,
        59.43323198954264,
        49.88312180836996,
        69.21146647135417,
        54.6502955754598,
        57.474457105000816,
        51.10586071014404,
        68.9969908396403,
        33.78528626759847,
        54.80441856384277,
        51.97940746943156,
        29.194684664408367,
        44.70258363087972,
        57.76486015319824,
        55.862428506215416,
        51.81955210367838,
        40.74330266316732,
        24.09691333770752,
        34.59327061971029
    ],
    "test_loss_history": [
        545.0035400390625,
        270.685302734375,
        126.64581298828125,
        28.352828979492188,
        66.11456298828125,
        37.128273010253906,
        13.377683639526367,
        44.81932830810547,
        10.359333038330078,
        15.402451515197754,
        3.145768880844116,
        23.226482391357422,
        19.788679122924805,
        3.0288968086242676,
        2.9306485652923584,
        16.507049560546875,
        8.318814277648926,
        15.580221176147461,
        31.995330810546875,
        38.13616943359375,
        24.982860565185547,
        21.32918357849121,
        3.663769006729126,
        6.751073360443115,
        4.949321269989014,
        6.161942958831787,
        4.104348659515381,
        5.605442523956299,
        4.430952548980713,
        15.236756324768066,
        20.367412567138672,
        5.652176856994629,
        3.1172688007354736,
        3.010429859161377
    ]
}