{
    "num_conv_blocks": 3,
    "initial_channels": 16,
    "dropout_rate": 0.33,
    "learning_rate": 0.0001,
    "best_test_r2": -2.9139904975891113,
    "best_test_loss": 13.880524635314941,
    "final_train_r2": -10.999556541442871,
    "train_r2_history": [
        -218.08314514160156,
        -205.5118865966797,
        -188.37232971191406,
        -163.98162841796875,
        -134.4178009033203,
        -108.27681732177734,
        -74.98992919921875,
        -48.73097610473633,
        -28.06398582458496,
        -17.518909454345703,
        -15.655399322509766,
        -12.668834686279297,
        -10.642512321472168,
        -14.792354583740234,
        -15.08055305480957,
        -15.333721160888672,
        -12.63586139678955,
        -12.698585510253906,
        -12.594230651855469,
        -12.460058212280273,
        -15.70644760131836,
        -8.16611099243164,
        -9.862595558166504,
        -11.247415542602539,
        -10.192432403564453,
        -7.920929908752441,
        -14.782769203186035,
        -11.962961196899414,
        -10.496892929077148,
        -14.588713645935059,
        -10.87712287902832,
        -8.289864540100098,
        -11.543228149414062,
        -9.193500518798828,
        -8.725441932678223,
        -8.808030128479004,
        -12.819417953491211,
        -6.978163242340088,
        -8.365710258483887,
        -12.038056373596191,
        -10.459685325622559,
        -8.548171997070312,
        -14.081610679626465,
        -11.536725044250488,
        -12.711793899536133,
        -10.227190017700195,
        -10.429338455200195,
        -12.403360366821289,
        -11.039321899414062,
        -8.216702461242676,
        -11.509063720703125,
        -13.8077974319458,
        -10.657926559448242,
        -8.532299995422363,
        -9.835931777954102,
        -9.182279586791992,
        -11.218023300170898,
        -9.89428424835205,
        -7.170034408569336,
        -7.26663875579834,
        -10.984416007995605,
        -8.93455696105957,
        -8.592259407043457,
        -7.315794944763184,
        -6.743179798126221,
        -7.702251434326172,
        -8.844066619873047,
        -7.106451034545898,
        -7.90518856048584,
        -9.836441040039062,
        -6.408162593841553,
        -8.765743255615234,
        -11.319427490234375,
        -7.999876022338867,
        -12.774306297302246,
        -8.082414627075195,
        -8.988030433654785,
        -13.156652450561523,
        -9.84947681427002,
        -10.280092239379883,
        -9.01891803741455,
        -11.465583801269531,
        -16.008644104003906,
        -11.909135818481445,
        -10.00450325012207,
        -8.68863582611084,
        -8.302938461303711,
        -12.734648704528809,
        -11.931633949279785,
        -15.810623168945312,
        -10.245241165161133,
        -9.060441970825195,
        -8.394543647766113,
        -9.481071472167969,
        -8.66042709350586,
        -9.136335372924805,
        -12.265412330627441,
        -9.178208351135254,
        -11.384102821350098,
        -7.1418609619140625,
        -11.805156707763672,
        -8.038748741149902,
        -7.0286054611206055,
        -9.251852989196777,
        -10.999556541442871
    ],
    "test_r2_history": [
        -239.26089477539062,
        -234.61264038085938,
        -226.12889099121094,
        -213.8779754638672,
        -195.9824676513672,
        -174.50350952148438,
        -148.53590393066406,
        -117.78325653076172,
        -79.62576293945312,
        -51.25298309326172,
        -36.17087173461914,
        -34.303951263427734,
        -28.888534545898438,
        -26.59568977355957,
        -17.53740119934082,
        -11.571545600891113,
        -11.921303749084473,
        -11.934428215026855,
        -13.675094604492188,
        -11.172212600708008,
        -8.825716018676758,
        -6.57332181930542,
        -5.503269195556641,
        -7.095701217651367,
        -7.275998115539551,
        -6.92713737487793,
        -8.627598762512207,
        -11.136265754699707,
        -9.130180358886719,
        -8.179768562316895,
        -6.190964221954346,
        -5.985884189605713,
        -4.7076239585876465,
        -4.505840301513672,
        -5.439426422119141,
        -7.018631935119629,
        -7.677572250366211,
        -8.065574645996094,
        -8.473188400268555,
        -7.5244035720825195,
        -7.188420295715332,
        -7.777597427368164,
        -6.531126976013184,
        -7.137292861938477,
        -6.566742420196533,
        -6.2053446769714355,
        -5.680781841278076,
        -5.510864734649658,
        -5.300089359283447,
        -4.785109043121338,
        -5.151205062866211,
        -4.828561305999756,
        -4.990879535675049,
        -4.3857831954956055,
        -5.183142185211182,
        -4.927644729614258,
        -5.08261251449585,
        -4.737837314605713,
        -4.747556686401367,
        -4.35801887512207,
        -4.716100692749023,
        -4.4726080894470215,
        -4.605850696563721,
        -4.476227283477783,
        -5.092607498168945,
        -4.0222249031066895,
        -4.010310649871826,
        -3.792409896850586,
        -3.8373641967773438,
        -4.382360458374023,
        -4.306942939758301,
        -4.54565954208374,
        -4.511959075927734,
        -4.3291425704956055,
        -5.014961242675781,
        -4.515758037567139,
        -4.290953636169434,
        -4.191845893859863,
        -4.339097499847412,
        -3.7211532592773438,
        -3.4800286293029785,
        -3.037076473236084,
        -3.1959757804870605,
        -3.154263973236084,
        -3.489071846008301,
        -2.9139904975891113,
        -2.9891417026519775,
        -4.1602654457092285,
        -4.3048882484436035,
        -3.210205554962158,
        -3.9593334197998047,
        -3.8970789909362793,
        -4.054981231689453,
        -3.573111057281494,
        -3.9952473640441895,
        -4.9598870277404785,
        -5.244732856750488,
        -5.603144645690918,
        -4.261309623718262,
        -3.4266600608825684,
        -4.138425350189209,
        -5.178543567657471,
        -4.37845516204834,
        -4.500771999359131,
        -4.7343668937683105
    ],