{
    "num_conv_blocks": 4,
    "initial_channels": 32,
    "dropout_rate": 0.33,
    "learning_rate": 0.001,
    "best_test_r2": 0.4763562083244324,
    "best_test_loss": 22.73229217529297,
    "final_train_r2": 0.37343311309814453,
    "train_r2_history": [
        -0.21340692043304443,
        -0.140089750289917,
        0.03919494152069092,
        -0.08174395561218262,
        -0.13152289390563965,
        -0.09946095943450928,
        -0.0969095230102539,
        0.2165844440460205,
        0.119118332862854,
        0.2892002463340759,
        0.1532813310623169,
        0.037246525287628174,
        0.07753682136535645,
        0.045470356941223145,
        0.05465489625930786,
        0.2057088017463684,
        0.08084273338317871,
        0.268660306930542,
        0.21002870798110962,
        0.25072920322418213,
        0.29586678743362427,
        0.3065779209136963,
        0.13257789611816406,
        0.24623656272888184,
        0.20443332195281982,
        0.05991619825363159,
        0.13478553295135498,
        0.24184924364089966,
        0.2772979736328125,
        0.30096256732940674,
        0.3168734312057495,
        0.2727600336074829,
        0.2110995650291443,
        0.18782204389572144,
        0.29327183961868286,
        0.14739859104156494,
        0.20713037252426147,
        0.37343311309814453
    ],
    "test_r2_history": [
        -0.24085330963134766,
        -0.015840768814086914,
        0.04170507192611694,
        0.03162825107574463,
        0.183527410030365,
        0.20704257488250732,
        -0.3520587682723999,
        0.1727430820465088,
        -0.16435563564300537,
        0.17164522409439087,
        0.06333780288696289,
        -0.1141672134399414,
        -0.05078446865081787,
        0.15675395727157593,
        0.3709930181503296,
        0.43026280403137207,
        0.11656498908996582,
        0.12486279010772705,
        0.4763562083244324,
        0.16148865222930908,
        -0.21551859378814697,
        -0.11810243129730225,
        -0.28968966007232666,
        0.026303589344024658,
        0.1988092064857483,
        0.3031764626502991,
        0.2227567434310913,
        0.28702181577682495,
        0.3423793911933899,
        0.2981939911842346,
        0.25427716970443726,
        0.2221618890762329,
        0.24958598613739014,
        0.2606661915779114,
        0.304243266582489,
        0.3270305395126343,
        0.35659873485565186,
        0.35596418380737305
    ],
    "train_loss_history": [
        68.32311721642812,
        57.808261712392174,
        45.39653825759888,
        56.312751134236656,
        64.76834646860759,
        60.1488250096639,
        57.62603632609049,
        27.798269510269165,
        33.36556529998779,
        26.57048575083415,
        39.41072686513265,
        33.077401538689934,
        32.56181399027506,
        53.395151456197105,
        32.55707542101542,
        27.24217559893926,
        38.06648778915405,
        40.292118310928345,
        27.141590893268585,
        33.50775559743246,
        30.07236059506734,
        24.24570894241333,
        47.44175481796265,
        31.024307012557983,
        37.37565167744955,
        32.57043977578481,
        31.81278403600057,
        36.38008189201355,
        24.856242537498474,
        24.160508433977764,
        23.48880873123805,
        25.02631874879201,
        29.653690576553345,
        37.93872880935669,
        24.770285606384277,
        48.487495263417564,
        27.07943567385276,
        21.518395105997723
    ],
    "test_loss_history": [
        53.86760711669922,
        44.09941864013672,
        41.601253509521484,
        42.0387077331543,
        35.44449996948242,
        34.42366409301758,
        58.69523620605469,
        35.91266632080078,
        50.54671096801758,
        35.9603271484375,
        40.662139892578125,
        48.367942810058594,
        45.61638641357422,
        36.606781005859375,
        27.306291580200195,
        24.73328971862793,
        38.3514518737793,
        37.991233825683594,
        22.73229217529297,
        36.401241302490234,
        52.76778793334961,
        48.53877639770508,
        55.98767852783203,
        42.269859313964844,
        34.781089782714844,
        30.25032615661621,
        33.741485595703125,
        30.95162582397461,
        28.548458099365234,
        30.466625213623047,
        32.37312698364258,
        33.767311096191406,
        32.5767822265625,
        32.095767974853516,
        30.204015731811523,
        29.214778900146484,
        27.93117332458496,
        27.958724975585938
    ]
}