{
    "num_conv_blocks": 2,
    "initial_channels": 16,
    "dropout_rate": 0.33,
    "learning_rate": 0.0001,
    "best_test_r2": 0.357207715511322,
    "best_test_loss": 23.83714485168457,
    "final_train_r2": 0.018632948398590088,
    "train_r2_history": [
        -2.476426601409912,
        -1.4074151515960693,
        -0.622397780418396,
        -0.05228245258331299,
        -0.04618954658508301,
        0.04465591907501221,
        0.04031747579574585,
        0.2719085216522217,
        -0.017333388328552246,
        0.05917268991470337,
        0.025191187858581543,
        0.08277136087417603,
        0.2271450161933899,
        0.14095693826675415,
        0.005553603172302246,
        0.23938661813735962,
        0.04783463478088379,
        0.019342005252838135,
        0.22299867868423462,
        0.18494057655334473,
        0.29339855909347534,
        0.25523149967193604,
        0.25975096225738525,
        -0.07039010524749756,
        0.015497922897338867,
        0.1178821325302124,
        0.3277864456176758,
        0.227791428565979,
        0.4098116159439087,
        0.1715235710144043,
        0.4369433522224426,
        0.13884598016738892,
        0.3765125274658203,
        0.0668783187866211,
        0.29271507263183594,
        0.029400944709777832,
        0.3982545733451843,
        0.28976964950561523,
        0.23829704523086548,
        0.018632948398590088
    ],
    "test_r2_history": [
        -4.409401893615723,
        -3.7066197395324707,
        -2.6522579193115234,
        -1.7357041835784912,
        -1.0447359085083008,
        -0.9120814800262451,
        -0.7356168031692505,
        -0.64728844165802,
        -0.5461241006851196,
        -0.16791510581970215,
        0.049301981925964355,
        0.17489606142044067,
        0.1501360535621643,
        0.13340169191360474,
        0.1526603102684021,
        0.1945716142654419,
        0.20021462440490723,
        0.21127396821975708,
        0.34704524278640747,
        0.35182619094848633,
        0.357207715511322,
        0.30320191383361816,
        0.1686219573020935,
        0.20347893238067627,
        0.1868821382522583,
        0.2115771770477295,
        0.28699833154678345,
        0.30124759674072266,
        0.28042072057724,
        0.25960588455200195,
        0.24774277210235596,
        0.21569842100143433,
        0.2165755033493042,
        0.2034807801246643,
        0.1811937689781189,
        0.18453043699264526,
        0.20161348581314087,
        0.22102278470993042,
        0.2683638334274292,
        0.28140246868133545
    ],
    "train_loss_history": [
        275.40210215250653,
        184.32163174947104,
        122.15553538004558,
        81.28475856781006,
        98.37169202168782,
        88.38246631622314,
        84.96825726826985,
        59.31879552205404,
        77.49783356984456,
        70.12210460503896,
        74.09656206766765,
        69.37950213750203,
        60.96416441599528,
        68.5535062154134,
        75.47095934549968,
        62.59056536356608,
        71.50532897313435,
        73.22894310951233,
        58.50837151209513,
        62.69285583496094,
        53.595376332600914,
        58.01712989807129,
        59.92993211746216,
        81.83837922414143,
        76.23825550079346,
        67.7658166885376,
        51.80413484573364,
        58.52293602625529,
        44.925065994262695,
        66.74609661102295,
        42.244512716929115,
        66.9431037902832,
        51.10353374481201,
        70.48063564300537,
        53.89638614654541,
        81.28352038065593,
        48.97491327921549,
        55.74787998199463,
        63.81498273213705,
        73.6342860062917
    ],
    "test_loss_history": [
        200.60086059570312,
        174.53909301757812,
        135.4394073486328,
        101.45012664794922,
        75.82646179199219,
        70.90713500976562,
        64.3631591796875,
        61.087615966796875,
        57.3360710144043,
        43.310665130615234,
        35.25543975830078,
        30.59794044494629,
        31.51613426208496,
        32.13671112060547,
        31.42252540588379,
        29.868295669555664,
        29.659032821655273,
        29.248918533325195,
        24.214008331298828,
        24.03670883178711,
        23.83714485168457,
        25.839879989624023,
        30.83060646057129,
        29.53798484802246,
        30.153457641601562,
        29.237667083740234,
        26.440771102905273,
        25.912355422973633,
        26.684690475463867,
        27.456588745117188,
        27.89651107788086,
        29.084840774536133,
        29.052316665649414,
        29.53790855407715,
        30.364398956298828,
        30.240665435791016,
        29.607158660888672,
        28.887392044067383,
        27.13180923461914,
        26.648286819458008
    ]
}