{
    "num_conv_blocks": 4,
    "initial_channels": 16,
    "dropout_rate": 0.33,
    "learning_rate": 0.0001,
    "best_test_r2": 0.2845919132232666,
    "best_test_loss": 26.53000831604004,
    "final_train_r2": 0.21952706575393677,
    "train_r2_history": [
        -2.7521650791168213,
        -2.545581817626953,
        -2.3149819374084473,
        -2.0614683628082275,
        -1.6190576553344727,
        -1.3636095523834229,
        -0.9317640066146851,
        -0.535474419593811,
        -0.1267462968826294,
        -0.20386147499084473,
        -0.05448353290557861,
        0.36283332109451294,
        0.2699941396713257,
        0.04558008909225464,
        0.2272193431854248,
        0.3129507303237915,
        0.49428075551986694,
        0.21822625398635864,
        0.14844906330108643,
        0.17314386367797852,
        0.4651327133178711,
        0.27387452125549316,
        0.21706229448318481,
        0.22768568992614746,
        0.22933053970336914,
        0.26635271310806274,
        0.34821540117263794,
        0.32717466354370117,
        0.17952364683151245,
        0.26788240671157837,
        0.3422795534133911,
        0.12290894985198975,
        0.13014382123947144,
        0.09349548816680908,
        0.2122178077697754,
        0.14351630210876465,
        0.2679499387741089,
        -0.06534838676452637,
        0.06525272130966187,
        0.2608526349067688,
        0.3906717300415039,
        0.5639780759811401,
        0.29306524991989136,
        0.060202181339263916,
        0.41416460275650024,
        0.21040576696395874,
        -0.017607808113098145,
        0.2155737280845642,
        0.13998305797576904,
        0.1541873812675476,
        0.10163360834121704,
        0.22897082567214966,
        0.300665020942688,
        0.21873140335083008,
        0.2951584458351135,
        0.25549519062042236,
        0.3418574929237366,
        0.32154977321624756,
        0.12500852346420288,
        0.3595631718635559,
        0.3524973392486572,
        0.09143543243408203,
        0.11669176816940308,
        0.13999557495117188,
        0.061097025871276855,
        0.4368419647216797,
        0.3667030334472656,
        0.25610339641571045,
        0.18077826499938965,
        0.22256070375442505,
        0.2411755919456482,
        0.48105388879776,
        0.21952706575393677
    ],
    "test_r2_history": [
        -4.649864673614502,
        -4.576455593109131,
        -4.442363739013672,
        -4.260167598724365,
        -4.069726467132568,
        -3.8802313804626465,
        -3.5857834815979004,
        -3.395174026489258,
        -2.933042287826538,
        -2.6121952533721924,
        -1.9438748359680176,
        -1.480501651763916,
        -0.9830080270767212,
        -0.3596543073654175,
        -0.1375272274017334,
        -0.07559466361999512,
        -0.010305285453796387,
        -0.15334749221801758,
        0.0008841753005981445,
        -0.07194912433624268,
        -0.0072193145751953125,
        0.1658482551574707,
        0.1962239146232605,
        0.14929801225662231,
        0.08757561445236206,
        0.06987756490707397,
        0.09263879060745239,
        0.07575273513793945,
        0.09345322847366333,
        0.13403356075286865,
        0.2077295184135437,
        0.15522760152816772,
        0.11802572011947632,
        0.21498417854309082,
        0.1819138526916504,
        0.20234960317611694,
        0.15948593616485596,
        0.12768393754959106,
        0.16849666833877563,
        0.14956265687942505,
        0.15435755252838135,
        0.14035803079605103,
        0.16212713718414307,
        0.14646869897842407,
        0.20817625522613525,
        0.21564900875091553,
        0.2608598470687866,
        0.2200467586517334,
        0.24986118078231812,
        0.18629801273345947,
        0.262617290019989,
        0.2388271689414978,
        0.2571008801460266,
        0.2845919132232666,
        0.23552417755126953,
        0.22770315408706665,
        0.21688252687454224,
        0.250163733959198,
        0.14970439672470093,
        0.2290743589401245,
        0.23409545421600342,
        0.27676236629486084,
        0.2711097002029419,
        0.21067017316818237,
        0.21230173110961914,
        0.19221776723861694,
        0.23312950134277344,
        0.25095391273498535,
        0.22504407167434692,
        0.26751548051834106,
        0.2331298589706421,
        0.19521647691726685,
        0.2736666202545166
    ],
    "train_loss_history": [
        299.5641784667969,
        283.9663365681966,
        263.41407775878906,
        239.5758399963379,
        204.01586151123047,
        179.95867411295572,
        152.34049479166666,
        114.28828112284343,
        83.697980205218,
        89.67087491353352,
        80.23165845870972,
        50.29376061757406,
        61.56933752695719,
        73.6101287206014,
        61.236538569132485,
        53.39508597056071,
        42.49797534942627,
        58.36289660135905,
        69.61976718902588,
        62.86169640223185,
        43.68999449412028,
        58.68156019846598,
        64.43449147542317,
        61.98801199595133,
        62.24970054626465,
        57.38288942972819,
        60.990811347961426,
        52.5755565961202,
        64.9473918279012,
        59.49228763580322,
        51.954756577809654,
        78.44760195414226,
        67.05642000834148,
        72.03808816274007,
        64.76601791381836,
        67.3167683283488,
        58.346622943878174,
        82.31064478556316,
        81.4437526067098,
        57.798705101013184,
        46.38937918345133,
        37.09614102045695,
        61.74056084950765,
        70.97557592391968,
        50.996262550354004,
        59.58979002634684,
        76.69686047236125,
        59.024544874827065,
        64.935218334198,
        65.48712094624837,
        70.03232208887736,
        61.48915767669678,
        59.92808771133423,
        61.95896037419637,
        53.85177628199259,
        61.041116078694664,
        49.315714041392006,
        55.54628086090088,
        67.36592515309651,
        59.42220497131348,
        50.30205853780111,
        70.3866925239563,
        68.23606856664021,
        67.3994369506836,
        76.26531600952148,
        44.15630022684733,
        48.937139670054115,
        56.53479528427124,
        69.09329477945964,
        59.64096053441366,
        60.21975517272949,
        43.292159716288246,
        58.95228910446167
    ],