{
    "num_conv_blocks": 2,
    "initial_channels": 64,
    "dropout_rate": 0.33,
    "learning_rate": 0.0001,
    "best_test_r2": 0.5242609977722168,
    "best_test_loss": 17.64218521118164,
    "final_train_r2": 0.40195029973983765,
    "train_r2_history": [
        -2.2360775470733643,
        -0.6252204179763794,
        -0.2974506616592407,
        0.05946707725524902,
        0.151927649974823,
        0.15930521488189697,
        -0.011174917221069336,
        0.17729490995407104,
        0.3377067446708679,
        -0.003401637077331543,
        0.2577107548713684,
        0.18834912776947021,
        0.012646615505218506,
        0.36541008949279785,
        0.29671716690063477,
        0.5375871062278748,
        0.08932030200958252,
        0.33078253269195557,
        0.46960920095443726,
        0.14036178588867188,
        0.23423439264297485,
        0.27325862646102905,
        0.3438767194747925,
        0.11696916818618774,
        0.23524117469787598,
        0.16483187675476074,
        0.5758974552154541,
        0.3333103060722351,
        0.3489205241203308,
        0.47430509328842163,
        0.28096461296081543,
        0.18928146362304688,
        0.4247504472732544,
        0.39176928997039795,
        0.1978786587715149,
        0.3278414011001587,
        0.3391374349594116,
        0.3796318769454956,
        0.3060111403465271,
        0.4879595637321472,
        0.2596168518066406,
        0.34220045804977417,
        0.49354231357574463,
        0.500571608543396,
        0.4058111310005188,
        0.27431243658065796,
        0.3834320306777954,
        0.3131926655769348,
        0.47268974781036377,
        0.6083292961120605,
        0.3661637306213379,
        0.4813219904899597,
        0.5337086319923401,
        0.4114565849304199,
        0.41696321964263916,
        0.2958521246910095,
        0.47418713569641113,
        0.49530476331710815,
        0.481322705745697,
        0.5593963265419006,
        0.46537864208221436,
        0.518592357635498,
        0.40195029973983765
    ],
    "test_r2_history": [
        -4.3731160163879395,
        -3.511331558227539,
        -2.7621612548828125,
        -1.9990692138671875,
        -1.4010725021362305,
        -0.8126927614212036,
        -0.3718559741973877,
        -0.20968151092529297,
        -0.12245965003967285,
        0.029042482376098633,
        0.0304948091506958,
        0.12191033363342285,
        0.25153863430023193,
        0.35456085205078125,
        0.3625931739807129,
        0.35143738985061646,
        0.33378833532333374,
        0.3581491708755493,
        0.14770638942718506,
        0.36834269762039185,
        0.30392706394195557,
        0.3316800594329834,
        0.34719496965408325,
        0.33636993169784546,
        0.3822796940803528,
        0.4149499535560608,
        0.44904232025146484,
        0.3571103811264038,
        0.08864450454711914,
        0.4107115864753723,
        0.48830634355545044,
        0.49978071451187134,
        0.37710171937942505,
        0.19984394311904907,
        0.4462811350822449,
        0.4115070104598999,
        0.27553629875183105,
        0.25425660610198975,
        0.2702406644821167,
        0.2820640802383423,
        0.38340455293655396,
        0.4452552795410156,
        0.49631267786026,
        0.5242609977722168,
        0.49081021547317505,
        0.3834720253944397,
        0.17746102809906006,
        0.2329632043838501,
        0.3209778666496277,
        0.490265429019928,
        0.3963943123817444,
        0.32823628187179565,
        0.3244168758392334,
        0.23520076274871826,
        0.18737614154815674,
        0.21713489294052124,
        0.2718408703804016,
        0.21174538135528564,
        0.26179933547973633,
        0.21650594472885132,
        0.15235590934753418,
        0.2286260724067688,
        0.21100372076034546
    ],
    "train_loss_history": [
        249.79762395222983,
        130.5181770324707,
        99.25098546346028,
        106.7034953435262,
        65.7391570409139,
        70.10142421722412,
        77.89216391245525,
        61.42866190274557,
        49.158979972203575,
        78.1021523475647,
        56.63031196594238,
        65.9773097038269,
        74.61867539087932,
        51.34934329986572,
        54.90273984273275,
        44.432739893595375,
        69.84275182088216,
        54.288639068603516,
        41.2374784151713,
        66.59712664286296,
        59.87726402282715,
        62.93038272857666,
        50.24922466278076,
        67.77291870117188,
        60.69355456034342,
        69.7798449198405,
        36.1743483543396,
        49.824658711751304,
        50.32755835851034,
        42.38288847605387,
        56.631148974100746,
        61.892629623413086,
        43.31933577855428,
        45.331592440605164,
        65.8283732732137,
        50.66542259852091,
        49.30840082963308,
        46.9689105351766,
        53.33375279108683,
        43.16772651672363,
        65.72321192423503,
        50.84796698888143,
        40.40883525212606,
        38.14959271748861,
        45.6344264348348,
        54.6587028503418,
        51.29507271448771,
        52.28888909022013,
        40.11986748377482,
        30.207716306050617,
        55.16110181808472,
        39.68105443318685,
        39.13267628351847,
        45.51857773462931,
        46.0123504002889,
        52.95016463597616,
        41.651168505350746,
        39.59786717096964,
        44.65524689356486,
        33.16471711794535,
        41.82743453979492,
        38.24828783671061,
        49.16098070144653
    ],
    "test_loss_history": [
        199.25526428222656,
        167.29705810546875,
        139.5150146484375,
        111.21670532226562,
        89.0407485961914,
        67.22142028808594,
        50.87355422973633,
        44.8595085144043,
        41.625,
        36.006736755371094,
        35.952880859375,
        32.56284713745117,
        27.755746841430664,
        23.935298919677734,
        23.63743019104004,
        24.051128387451172,
        24.705623626708984,
        23.802228927612305,
        31.60623550415039,
        23.424217224121094,
        25.812990188598633,
        24.78380584716797,
        24.208452224731445,
        24.609886169433594,
        22.907381057739258,
        21.69584846496582,
        20.431575775146484,
        23.84075164794922,
        33.796470642089844,
        21.853017807006836,
        18.975513458251953,
        18.55000114440918,
        23.09939956665039,
        29.672779083251953,
        20.533971786499023,
        21.823522567749023,
        26.86582374572754,
        27.654956817626953,
        27.06220817565918,
        26.62374496459961,
        22.86566734313965,
        20.572010040283203,
        18.678611755371094,
        17.64218521118164,
        18.88266372680664,
        22.8631649017334,
        30.502824783325195,
        28.444599151611328,
        25.180683135986328,
        18.902868270874023,
        22.383955001831055,
        24.911508560180664,
        25.053144454956055,
        28.361618041992188,
        30.135135650634766,
        29.031566619873047,
        27.002864837646484,
        29.231430053710938,
        27.375240325927734,
        29.054893493652344,
        31.433815002441406,
        28.605432510375977,
        29.258930206298828
    ]
}