{
    "num_conv_blocks": 2,
    "initial_channels": 16,
    "dropout_rate": 0.33,
    "learning_rate": 0.0001,
    "best_test_r2": -5.214086055755615,
    "best_test_loss": 22.037553787231445,
    "final_train_r2": -14.485057830810547,
    "train_r2_history": [
        -205.80068969726562,
        -162.10562133789062,
        -111.45535278320312,
        -68.48224639892578,
        -38.34218978881836,
        -22.918743133544922,
        -14.950798034667969,
        -15.789327621459961,
        -20.404979705810547,
        -11.738743782043457,
        -12.887144088745117,
        -12.614051818847656,
        -11.941422462463379,
        -13.2728853225708,
        -10.676234245300293,
        -14.325263977050781,
        -10.548455238342285,
        -14.341731071472168,
        -12.641165733337402,
        -15.434537887573242,
        -13.365178108215332,
        -12.552824020385742,
        -11.544957160949707,
        -8.841459274291992,
        -16.836374282836914,
        -11.327024459838867,
        -11.314167976379395,
        -13.165392875671387,
        -14.195576667785645,
        -12.40495777130127,
        -8.095550537109375,
        -8.673163414001465,
        -13.484475135803223,
        -11.155291557312012,
        -16.464435577392578,
        -8.282127380371094,
        -11.553725242614746,
        -11.399422645568848,
        -12.288239479064941,
        -11.273215293884277,
        -12.740996360778809,
        -12.846020698547363,
        -11.0468168258667,
        -12.715629577636719,
        -13.763805389404297,
        -10.69177532196045,
        -10.301739692687988,
        -13.748332977294922,
        -11.682560920715332,
        -11.200130462646484,
        -10.568266868591309,
        -10.57188606262207,
        -14.043815612792969,
        -8.769808769226074,
        -14.843737602233887,
        -9.1964750289917,
        -17.217029571533203,
        -10.255501747131348,
        -10.228632926940918,
        -9.44242000579834,
        -8.454678535461426,
        -9.503525733947754,
        -9.990718841552734,
        -7.793516159057617,
        -10.311870574951172,
        -15.76408576965332,
        -11.609235763549805,
        -14.375804901123047,
        -11.934267044067383,
        -11.900147438049316,
        -13.1851224899292,
        -12.499446868896484,
        -8.910011291503906,
        -14.639930725097656,
        -8.83536434173584,
        -18.13646697998047,
        -13.717572212219238,
        -14.485057830810547
    ],
    "test_r2_history": [
        -234.80279541015625,
        -220.49790954589844,
        -196.22926330566406,
        -164.46742248535156,
        -132.0996856689453,
        -100.00849914550781,
        -75.43989562988281,
        -63.07470703125,
        -55.19499588012695,
        -38.010536193847656,
        -26.983448028564453,
        -19.920162200927734,
        -16.801616668701172,
        -14.744068145751953,
        -11.38421630859375,
        -10.052512168884277,
        -13.286624908447266,
        -12.732159614562988,
        -10.748214721679688,
        -8.376758575439453,
        -13.052505493164062,
        -13.030806541442871,
        -12.410778045654297,
        -10.693770408630371,
        -10.247180938720703,
        -10.746804237365723,
        -9.560961723327637,
        -9.971320152282715,
        -8.143838882446289,
        -7.73659610748291,
        -6.923898696899414,
        -8.434547424316406,
        -8.533705711364746,
        -9.367086410522461,
        -9.238815307617188,
        -8.386377334594727,
        -8.896736145019531,
        -9.673497200012207,
        -10.09033203125,
        -8.712370872497559,
        -8.760881423950195,
        -9.287178039550781,
        -7.944208145141602,
        -8.082497596740723,
        -7.99265193939209,
        -6.371832847595215,
        -7.814953804016113,
        -7.073452949523926,
        -6.548095226287842,
        -6.868320941925049,
        -7.322893142700195,
        -7.342246055603027,
        -7.211620330810547,
        -6.826546669006348,
        -7.505043029785156,
        -5.971471786499023,
        -5.4323225021362305,
        -5.800926685333252,
        -5.214086055755615,
        -5.991687774658203,
        -6.528477191925049,
        -6.7684526443481445,
        -7.37592887878418,
        -6.348866939544678,
        -6.011597633361816,
        -6.426093101501465,
        -6.638430118560791,
        -6.473893642425537,
        -6.050380706787109,
        -6.038646697998047,
        -7.202486991882324,
        -7.047030448913574,
        -7.700747489929199,
        -7.552783012390137,
        -6.105136394500732,
        -5.87244987487793,
        -6.1136860847473145,
        -6.269904613494873
    ],
    "train_loss_history": [
        794.5593058268229,
        623.7476908365885,
        423.15106709798175,
        258.05743916829425,
        145.9138412475586,
        92.66791979471843,
        76.10470724105835,
        60.910820643107094,
        77.2147029240926,
        49.69726530710856,
        55.85915342966715,
        50.16906770070394,
        49.17759927113851,
        49.20720338821411,
        45.10070355733236,
        65.02278868357341,
        39.91799513498942,
        57.098106702168785,
        58.513179779052734,
        65.63356240590413,
        56.87099583943685,
        54.06751251220703,
        42.784588227669396,
        39.95156160990397,
        64.89751021067302,
        47.8512544631958,
        44.03550020853678,
        55.89366785685221,
        60.96172014872233,
        50.36295827229818,
        31.132916808128357,
        33.34649761517843,
        66.44857788085938,
        44.40595404307047,
        96.26463031768799,
        45.930227279663086,
        45.556209564208984,
        43.58461586634318,
        53.924336433410645,
        47.661154429117836,
        50.74010340372721,
        53.50289567311605,
        43.79841454823812,
        60.55063025156657,
        66.27311261494954,
        44.76579634348551,
        39.31588021914164,
        55.09433555603027,
        59.07954025268555,
        42.187716563542686,
        44.226507822672524,
        40.97336991628011,
        60.658060709635414,
        35.364365895589195,
        57.398813565572105,
        36.10334094365438,
        95.84102439880371,
        43.22470887502035,
        45.223714192708336,
        41.574232737223305,
        39.92503102620443,
        40.91728115081787,
        40.82176399230957,
        30.671998182932537,
        41.85400899251302,
        64.29182306925456,
        57.28869787851969,
        58.09614849090576,
        47.29858144124349,
        50.586316426595054,
        51.07387510935465,
        52.28262424468994,
        50.849011739095054,
        56.836272875467934,
        35.7562567392985,
        87.29963874816895,
        55.485707918802895,
        57.00689538319906
    ],