{
    "num_conv_blocks": 4,
    "initial_channels": 16,
    "dropout_rate": 0.33,
    "learning_rate": 0.001,
    "best_test_r2": 0.6029510498046875,
    "best_test_loss": 1.408089280128479,
    "final_train_r2": -4.153357982635498,
    "train_r2_history": [
        -181.89132690429688,
        -33.07463836669922,
        -34.80261993408203,
        -19.685781478881836,
        -12.172114372253418,
        -10.994157791137695,
        -10.997833251953125,
        -10.956197738647461,
        -15.530109405517578,
        -11.002954483032227,
        -10.811279296875,
        -9.521732330322266,
        -10.722512245178223,
        -15.900508880615234,
        -12.121771812438965,
        -11.974154472351074,
        -16.330514907836914,
        -21.002788543701172,
        -12.036733627319336,
        -7.8379621505737305,
        -9.465532302856445,
        -6.654837608337402,
        -10.16275691986084,
        -8.554126739501953,
        -10.074554443359375,
        -10.30255126953125,
        -11.341090202331543,
        -6.757159233093262,
        -8.210984230041504,
        -9.329463958740234,
        -8.211523056030273,
        -5.929325103759766,
        -5.800414085388184,
        -6.79712438583374,
        -6.221313953399658,
        -5.0657854080200195,
        -7.692350387573242,
        -7.640297889709473,
        -4.548101902008057,
        -5.741405010223389,
        -9.718965530395508,
        -8.750697135925293,
        -6.721492767333984,
        -7.1346893310546875,
        -7.078381538391113,
        -4.24321174621582,
        -9.244858741760254,
        -6.947380065917969,
        -6.425690174102783,
        -5.356252193450928,
        -7.074679374694824,
        -6.372922897338867,
        -8.322503089904785,
        -8.852603912353516,
        -6.592457294464111,
        -4.49534273147583,
        -6.443145275115967,
        -8.500520706176758,
        -7.3478803634643555,
        -5.726639270782471,
        -7.007931709289551,
        -5.277470111846924,
        -4.76146936416626,
        -7.173287391662598,
        -6.577589988708496,
        -6.97625732421875,
        -4.886245250701904,
        -6.369053840637207,
        -8.687954902648926,
        -8.005127906799316,
        -7.257529258728027,
        -5.24064302444458,
        -7.884082794189453,
        -6.519014835357666,
        -6.684642314910889,
        -5.0554890632629395,
        -6.303536891937256,
        -6.927859306335449,
        -7.355846405029297,
        -7.179705619812012,
        -4.560904026031494,
        -8.076796531677246,
        -5.4314398765563965,
        -6.733150005340576,
        -4.32227897644043,
        -8.139023780822754,
        -7.050407409667969,
        -7.267766952514648,
        -8.128411293029785,
        -6.6853437423706055,
        -5.457009315490723,
        -6.052027225494385,
        -5.6180596351623535,
        -6.493748188018799,
        -4.153357982635498
    ],
    "test_r2_history": [
        -219.40872192382812,
        -105.73051452636719,
        -98.09799194335938,
        -27.695022583007812,
        -27.239173889160156,
        -43.41407012939453,
        -13.90219783782959,
        -2.424246072769165,
        -1.564990758895874,
        -2.2839818000793457,
        -12.137907981872559,
        -47.07768249511719,
        -0.5780656337738037,
        -13.479365348815918,
        0.2035287618637085,
        -2.314424753189087,
        -19.867963790893555,
        -0.7089550495147705,
        -1.9838626384735107,
        -2.392993927001953,
        0.2905557155609131,
        -0.8778549432754517,
        0.05647599697113037,
        -0.1482921838760376,
        -1.7047975063323975,
        -6.785749912261963,
        -0.2903531789779663,
        -0.12458109855651855,
        -0.2275174856185913,
        -0.8911113739013672,
        -0.1716008186340332,
        -1.4551031589508057,
        0.10610812902450562,
        0.08351987600326538,
        0.2868865132331848,
        0.38500893115997314,
        0.3663135766983032,
        0.03490149974822998,
        0.05341845750808716,
        0.2022392749786377,
        0.19205093383789062,
        0.38568276166915894,
        -0.16318011283874512,
        0.10127478837966919,
        0.1555078625679016,
        0.36982840299606323,
        0.4563344120979309,
        -0.11519753932952881,
        -0.7267570495605469,
        -0.5751841068267822,
        -1.0359442234039307,
        -0.03499424457550049,
        0.2306951880455017,
        0.2517578601837158,
        0.518585741519928,
        0.5597927570343018,
        0.5440418720245361,
        0.15514492988586426,
        0.19325393438339233,
        0.37265461683273315,
        0.5362499952316284,
        0.5398135185241699,
        0.5826774835586548,
        0.5494475364685059,
        0.5827310085296631,
        0.5878454446792603,
        0.5824422836303711,
        0.5964041352272034,
        0.5263749957084656,
        0.49876630306243896,
        0.5649047493934631,
        0.585264265537262,
        0.5514484643936157,
        0.3881622552871704,
        0.48391127586364746,
        0.6029510498046875,
        0.5848684310913086,
        0.5453017950057983,
        0.41211092472076416,
        0.20942074060440063,
        0.29772502183914185,
        0.4324102997779846,
        0.34027206897735596,
        0.293160080909729,
        0.36305880546569824,
        0.4473685026168823,
        0.4167781472206116,
        0.4425191879272461,
        0.45811212062835693,
        0.4720541834831238,
        0.5262620449066162,
        0.40884119272232056,
        0.5506592988967896,
        0.5842717885971069,
        0.5573233366012573
    ],