{
    "num_conv_blocks": 2,
    "initial_channels": 32,
    "dropout_rate": 0.33,
    "learning_rate": 0.001,
    "best_test_r2": -0.12060844898223877,
    "best_test_loss": 4.412105560302734,
    "final_train_r2": -0.20304250717163086,
    "train_r2_history": [
        -3.578577995300293,
        -1.4194190502166748,
        -0.7406671047210693,
        -0.9718695878982544,
        -0.5199500322341919,
        -1.1590766906738281,
        -0.4794200658798218,
        -0.45802736282348633,
        -0.8997304439544678,
        -0.9515141248703003,
        -1.050994873046875,
        -0.8392088413238525,
        -0.6418396234512329,
        -0.5193822383880615,
        -0.3002738952636719,
        -0.3570730686187744,
        -0.5110387802124023,
        -0.34419453144073486,
        -0.6288390159606934,
        -0.22167742252349854,
        -0.4895312786102295,
        -0.14494657516479492,
        -0.558779239654541,
        -0.2814747095108032,
        -0.3101898431777954,
        -0.4762343168258667,
        -0.16539216041564941,
        -0.4151111841201782,
        -0.395230770111084,
        -0.42996692657470703,
        -0.49258601665496826,
        -0.24423182010650635,
        -0.028341174125671387,
        -0.20304250717163086
    ],
    "test_r2_history": [
        -1.5654864311218262,
        -1.363691806793213,
        -0.7949181795120239,
        -0.5901166200637817,
        -0.473583459854126,
        -0.5372780561447144,
        -0.43452882766723633,
        -0.5086444616317749,
        -0.727521538734436,
        -0.7036082744598389,
        -0.6707767248153687,
        -0.5506676435470581,
        -0.41030311584472656,
        -0.28076255321502686,
        -0.12060844898223877,
        -0.3222188949584961,
        -0.5175027847290039,
        -0.3664278984069824,
        -0.2586735486984253,
        -0.4001864194869995,
        -0.45243167877197266,
        -0.5146187543869019,
        -0.6180703639984131,
        -0.48634397983551025,
        -0.36528539657592773,
        -0.34325647354125977,
        -0.346993088722229,
        -0.3340555429458618,
        -0.3702683448791504,
        -0.3914998769760132,
        -0.3973487615585327,
        -0.38884902000427246,
        -0.3599146604537964,
        -0.38003432750701904
    ],
    "train_loss_history": [
        6.8390704194704695,
        3.4827805186311402,
        2.8513653377691903,
        2.8791791647672653,
        2.1938296978672347,
        3.1182380070288978,
        2.2476769785086312,
        2.101370744407177,
        2.7252612843488655,
        3.024475713570913,
        3.190403858820597,
        2.6386652622992792,
        2.9203269680341086,
        2.439942138890425,
        1.8633238260323803,
        2.032461325327555,
        2.2673260271549225,
        1.958213818569978,
        2.473223954439163,
        1.8376013338565826,
        2.147455414136251,
        1.80428613225619,
        2.287878672281901,
        1.8415922882656257,
        1.9337426324685414,
        2.1279337095717588,
        1.852685938278834,
        2.055322023729483,
        2.0590115189552307,
        2.10500297943751,
        2.149013251066208,
        1.8114924877882004,
        1.7665355950593948,
        1.8538889288902283
    ],
    "test_loss_history": [
        10.100936889648438,
        9.306424140930176,
        7.0670247077941895,
        6.260671615600586,
        5.801852703094482,
        6.052633762359619,
        5.64808464050293,
        5.939896583557129,
        6.801668167114258,
        6.707516193389893,
        6.578250408172607,
        6.105352401733398,
        5.552702903747559,
        5.042670249938965,
        4.412105560302734,
        5.205894470214844,
        5.974772930145264,
        5.379955768585205,
        4.955700874328613,
        5.512871265411377,
        5.718574047088623,
        5.963418483734131,
        6.370732307434082,
        5.852093696594238,
        5.375456809997559,
        5.288723945617676,
        5.303436279296875,
        5.25249719619751,
        5.395076274871826,
        5.478670597076416,
        5.5016984939575195,
        5.468233108520508,
        5.354311466217041,
        5.43352746963501
    ]
}