{
    "num_conv_blocks": 4,
    "initial_channels": 32,
    "dropout_rate": 0.33,
    "learning_rate": 0.001,
    "best_test_r2": -0.052165985107421875,
    "best_test_loss": 4.1426310539245605,
    "final_train_r2": -0.42031216621398926,
    "train_r2_history": [
        -1.1343903541564941,
        -0.7074874639511108,
        -0.9396907091140747,
        -0.5638198852539062,
        -0.6227321624755859,
        -0.498447060585022,
        -0.3205500841140747,
        -0.4950171709060669,
        -0.3543252944946289,
        -0.03976547718048096,
        -0.3108181953430176,
        -0.20950305461883545,
        -0.4272921085357666,
        -0.2140127420425415,
        -0.31780195236206055,
        -0.26488351821899414,
        -0.2253108024597168,
        -0.11509668827056885,
        -0.17554140090942383,
        -0.40600061416625977,
        -0.29481983184814453,
        -0.09849953651428223,
        -0.21529996395111084,
        0.1247146725654602,
        -0.2237541675567627,
        -0.051104187965393066,
        -0.05039989948272705,
        -0.42031216621398926
    ],
    "test_r2_history": [
        -0.929469108581543,
        -0.22329986095428467,
        -0.3577585220336914,
        -0.5370244979858398,
        -0.1845850944519043,
        -0.3318973779678345,
        -0.3699222803115845,
        -0.14005160331726074,
        -0.052165985107421875,
        -0.38543856143951416,
        -0.5648733377456665,
        -0.5029090642929077,
        -0.5828455686569214,
        -0.5811622142791748,
        -0.3651270866394043,
        -0.187735915184021,
        -0.19508707523345947,
        -0.4389735460281372,
        -0.3547900915145874,
        -0.30748188495635986,
        -0.3090246915817261,
        -0.28787362575531006,
        -0.25715136528015137,
        -0.25048255920410156,
        -0.2570840120315552,
        -0.3167530298233032,
        -0.3164480924606323,
        -0.33546388149261475
    ],
    "train_loss_history": [
        3.3473473489284515,
        2.468373050292333,
        3.1521812776724496,
        2.441127190987269,
        2.5808003644148507,
        2.259219914674759,
        2.205681453148524,
        2.156137508650621,
        2.008959114551544,
        1.529394045472145,
        2.0464216073354087,
        1.8185903678337734,
        2.1440155108769736,
        1.9064580798149109,
        1.8979304159681003,
        1.8201327286660671,
        1.8496243953704834,
        1.6315733591715496,
        1.6958398806552093,
        2.0374527871608734,
        1.8853306074937184,
        1.6567065119743347,
        1.77570374806722,
        1.3872738430897396,
        1.8681192696094513,
        1.61268017689387,
        1.5425416976213455,
        2.187256952126821
    ],
    "test_loss_history": [
        7.596784591674805,
        4.8164262771606445,
        5.345820903778076,
        6.051635265350342,
        4.663996696472168,
        5.244001388549805,
        5.39371395111084,
        4.488657474517822,
        4.1426310539245605,
        5.454805850982666,
        6.161282539367676,
        5.9173150062561035,
        6.232043743133545,
        6.22541618347168,
        5.3748345375061035,
        4.676402568817139,
        4.70534610748291,
        5.665585994720459,
        5.334135055541992,
        5.147871017456055,
        5.153944969177246,
        5.0706682205200195,
        4.949708461761475,
        4.923449993133545,
        4.9494428634643555,
        5.1843743324279785,
        5.183172225952148,
        5.258042812347412
    ]
}