{
    "num_conv_blocks": 4,
    "initial_channels": 64,
    "dropout_rate": 0.33,
    "learning_rate": 0.001,
    "best_test_r2": 0.49914103746414185,
    "best_test_loss": 1.7762395143508911,
    "final_train_r2": -8.801358222961426,
    "train_r2_history": [
        -103.9107666015625,
        -31.918601989746094,
        -19.964475631713867,
        -15.225706100463867,
        -17.05522918701172,
        -8.317069053649902,
        -16.70792007446289,
        -12.794933319091797,
        -14.248218536376953,
        -10.692095756530762,
        -15.836057662963867,
        -12.334689140319824,
        -9.79419994354248,
        -8.584450721740723,
        -13.596756935119629,
        -12.153609275817871,
        -11.113515853881836,
        -9.819282531738281,
        -11.861648559570312,
        -7.988175392150879,
        -8.509111404418945,
        -7.943730354309082,
        -14.122223854064941,
        -10.55609130859375,
        -11.135869979858398,
        -5.918818473815918,
        -9.613905906677246,
        -8.631156921386719,
        -11.367647171020508,
        -5.052034854888916,
        -9.098067283630371,
        -7.593156814575195,
        -7.503932952880859,
        -7.1228227615356445,
        -6.346835613250732,
        -5.140530586242676,
        -8.280593872070312,
        -7.470229148864746,
        -5.4786057472229,
        -6.332221031188965,
        -4.5323333740234375,
        -6.399325370788574,
        -7.16563606262207,
        -6.76567268371582,
        -5.810766220092773,
        -7.60784912109375,
        -9.706399917602539,
        -6.107143402099609,
        -7.726424217224121,
        -5.63992977142334,
        -6.727633953094482,
        -6.310758590698242,
        -7.528870582580566,
        -9.089552879333496,
        -6.659020900726318,
        -6.632992744445801,
        -5.5925774574279785,
        -7.542715072631836,
        -8.953444480895996,
        -7.922815322875977,
        -6.506988525390625,
        -8.801358222961426
    ],
    "test_r2_history": [
        -91.22191619873047,
        -107.12666320800781,
        -12.74594783782959,
        -154.7645263671875,
        -135.20558166503906,
        -146.38790893554688,
        -15.877811431884766,
        -9.640554428100586,
        -20.279067993164062,
        -7.332937240600586,
        -1.5525727272033691,
        -0.4267209768295288,
        0.027351200580596924,
        -0.6011914014816284,
        0.049903154373168945,
        -7.7125043869018555,
        -2.2700588703155518,
        -0.13066983222961426,
        -5.354065418243408,
        0.017642498016357422,
        -0.6016453504562378,
        -1.0427017211914062,
        -1.0632891654968262,
        -4.39763069152832,
        -0.16139066219329834,
        0.03589659929275513,
        0.012813329696655273,
        -2.7531588077545166,
        -1.2092840671539307,
        0.41524285078048706,
        0.49881136417388916,
        -0.850998044013977,
        -0.42662954330444336,
        0.1180766224861145,
        0.2946121096611023,
        -0.25212037563323975,
        -1.6276116371154785,
        -1.028855800628662,
        -0.6084328889846802,
        -0.11521148681640625,
        0.1271655559539795,
        0.4778704047203064,
        0.49914103746414185,
        0.361092209815979,
        0.1122165322303772,
        -0.44495534896850586,
        -0.5117731094360352,
        0.12106502056121826,
        0.28084778785705566,
        0.1959637999534607,
        0.11079078912734985,
        -0.23060953617095947,
        -0.49417316913604736,
        -0.04574775695800781,
        0.16366463899612427,
        0.27564918994903564,
        0.33650851249694824,
        0.2626931667327881,
        0.27069759368896484,
        0.14925438165664673,
        0.12891900539398193,
        -0.01172494888305664
    ],
    "train_loss_history": [
        359.36955134073895,
        126.22705936431885,
        73.62631066640218,
        63.97925885518392,
        63.32009617487589,
        32.01107947031657,
        65.29293696085612,
        56.7320982615153,
        72.56332365671794,
        41.258192698160805,
        59.539554278055824,
        50.035807291666664,
        40.25705432891846,
        45.836936950683594,
        57.61839405695597,
        48.97830708821615,
        41.3683737317721,
        38.37336810429891,
        47.820003509521484,
        36.02545007069906,
        33.64125760396322,
        31.3517906665802,
        96.34766642252605,
        42.22270901997884,
        41.286573554078736,
        26.10448964436849,
        46.89565563201904,
        37.80262517929077,
        46.92197036743164,
        26.03492323557536,
        51.08260520299276,
        29.983467896779377,
        29.60226519902547,
        37.004143397013344,
        27.162193139394123,
        24.69923146565755,
        35.2161595026652,
        29.26966392993927,
        28.712377707163494,
        24.950351019700367,
        19.22460714975993,
        27.369582176208496,
        32.10944048563639,
        28.810348669687908,
        23.21517424285412,
        33.92076746622721,
        46.822577476501465,
        24.363826910654705,
        35.599605878194176,
        24.46652428309123,
        26.5663724342982,
        33.40907669067383,
        31.230697790781658,
        37.67158794403076,
        28.459177652994793,
        32.38984409968058,
        24.74262587229411,
        30.576754093170166,
        43.32228295008341,
        33.36517175038656,
        28.991190592447918,
        34.68844191233317
    ],
    "test_loss_history": [
        327.0545959472656,
        383.45892333984375,
        48.748451232910156,
        552.4013061523438,
        483.0377502441406,
        522.6945190429688,
        59.855247497558594,
        37.73552703857422,
        75.46382141113281,
        29.55182456970215,
        9.052410125732422,
        5.059703826904297,
        3.4493889808654785,
        5.678443431854248,
        3.369410991668701,
        30.897911071777344,
        11.596894264221191,
        4.009792327880859,
        22.533973693847656,
        3.4838199615478516,
        5.680054664611816,
        7.244211196899414,
        7.317220687866211,
        19.142086029052734,
        4.118741035461426,
        3.419083595275879,
        3.500946283340454,
        13.310153007507324,
        7.834976673126221,
        2.073774814605713,
        1.7774089574813843,
        6.564354419708252,
        5.059380531311035,
        3.127641439437866,
        2.5015783309936523,
        4.440503120422363,
        9.318527221679688,
        7.195107936859131,
        5.704124927520752,
        3.9549715518951416,
        3.0954089164733887,
        1.8516737222671509,
        1.7762395143508911,
        2.2658143043518066,
        3.148423910140991,
        5.124370098114014,
        5.361332893371582,
        3.1170432567596436,
        2.5503921508789062,
        2.851423501968384,
        3.153480052947998,
        4.364217281341553,
        5.298915386199951,
        3.7086260318756104,
        2.9659693241119385,
        2.5688281059265137,
        2.3529975414276123,
        2.6147754192352295,
        2.58638858795166,
        3.017073154449463,
        3.0891902446746826,
        3.587967872619629
    ]
}