{
    "num_conv_blocks": 2,
    "initial_channels": 64,
    "dropout_rate": 0.33,
    "learning_rate": 0.0001,
    "best_test_r2": 0.5494117736816406,
    "best_test_loss": 1.5979602336883545,
    "final_train_r2": -7.64760684967041,
    "train_r2_history": [
        -180.03968811035156,
        -70.43263244628906,
        -18.42168426513672,
        -12.960826873779297,
        -11.278007507324219,
        -12.819543838500977,
        -13.304786682128906,
        -10.231354713439941,
        -8.48404598236084,
        -11.533863067626953,
        -9.94505500793457,
        -9.393396377563477,
        -5.48223876953125,
        -8.050742149353027,
        -8.5638427734375,
        -10.17274284362793,
        -12.104312896728516,
        -12.675422668457031,
        -9.023107528686523,
        -8.40416145324707,
        -8.448845863342285,
        -6.1002349853515625,
        -7.031847953796387,
        -7.597787857055664,
        -5.947922706604004,
        -8.385247230529785,
        -9.173453330993652,
        -9.053028106689453,
        -9.968328475952148,
        -9.711882591247559,
        -9.4949312210083,
        -8.554091453552246,
        -7.278024673461914,
        -8.063741683959961,
        -10.691375732421875,
        -9.945033073425293,
        -4.4228596687316895,
        -7.952846527099609,
        -7.71192741394043,
        -10.008702278137207,
        -9.342143058776855,
        -8.295408248901367,
        -5.380446910858154,
        -4.82784366607666,
        -7.073740005493164,
        -9.126535415649414,
        -6.240184783935547,
        -7.66097354888916,
        -5.356604099273682,
        -7.86244010925293,
        -6.646238803863525,
        -7.319963455200195,
        -7.304891586303711,
        -7.64760684967041
    ],
    "test_r2_history": [
        -227.6539764404297,
        -188.9929962158203,
        -141.24899291992188,
        -103.28750610351562,
        -79.29952239990234,
        -52.90502166748047,
        -29.879371643066406,
        -16.84552574157715,
        -12.393644332885742,
        -7.855438232421875,
        -5.427716255187988,
        -7.727307319641113,
        -6.762688636779785,
        -4.303700923919678,
        -3.875295639038086,
        -2.548182964324951,
        -2.6293787956237793,
        -2.165919780731201,
        -4.083794116973877,
        -6.673460960388184,
        -7.573680877685547,
        -1.4143939018249512,
        0.22758573293685913,
        -0.41932690143585205,
        -6.169428825378418,
        -2.487851142883301,
        -1.56846284866333,
        -0.82573401927948,
        -2.9907453060150146,
        -2.0362582206726074,
        -1.4420561790466309,
        -0.2001723051071167,
        0.4157360792160034,
        0.5437114238739014,
        0.5494117736816406,
        -0.4057391881942749,
        -0.9797235727310181,
        -1.5062119960784912,
        -1.1373960971832275,
        0.013653099536895752,
        -0.08520364761352539,
        -0.36814820766448975,
        -0.3649483919143677,
        -0.787406325340271,
        -0.3020286560058594,
        0.06536555290222168,
        0.029570281505584717,
        -0.03139328956604004,
        -0.11164605617523193,
        -0.15014684200286865,
        -0.09023845195770264,
        -0.2502903938293457,
        -0.022692203521728516,
        0.11984467506408691
    ],
    "train_loss_history": [
        667.2962646484375,
        263.0609715779622,
        92.5834789276123,
        55.80813789367676,
        44.27094014485677,
        49.199819008509316,
        53.27570343017578,
        39.3059196472168,
        36.99640989303589,
        44.00532420476278,
        40.232784271240234,
        40.68341827392578,
        23.818036715189617,
        33.78772576649984,
        34.66706816355387,
        42.508276303609215,
        47.216365814208984,
        50.80792744954427,
        37.19484297434489,
        41.45650863647461,
        40.60528691609701,
        25.896551767985027,
        32.510887145996094,
        31.87090237935384,
        26.129228591918945,
        43.45247999827067,
        34.96145327885946,
        35.727620442708336,
        40.111722787221275,
        40.921780268351235,
        39.54905923207601,
        36.16254281997681,
        29.037829478581745,
        32.59851916631063,
        49.78814125061035,
        42.23691368103027,
        19.851589838663738,
        31.124571402867634,
        34.005939960479736,
        40.31563663482666,
        51.26022974650065,
        32.52460289001465,
        22.116974314053852,
        30.854602654774983,
        34.494526386260986,
        35.79459937413534,
        26.856417655944824,
        31.59163983662923,
        22.835888544718426,
        32.438190619150795,
        28.933125178019207,
        28.742849151293438,
        49.22676865259806,
        29.936577439308167
    ],
    "test_loss_history": [
        810.8954467773438,
        673.7886962890625,
        504.469970703125,
        369.8438415527344,
        284.7731628417969,
        191.16807556152344,
        109.51020812988281,
        63.287139892578125,
        47.49904251098633,
        31.40480613708496,
        22.795169830322266,
        30.95040512084961,
        27.529497146606445,
        18.808975219726562,
        17.289682388305664,
        12.583230972290039,
        12.87118148803711,
        11.227578163146973,
        18.029102325439453,
        27.213056564331055,
        30.405588150024414,
        8.562376022338867,
        2.7392795085906982,
        5.033482551574707,
        25.425569534301758,
        12.369269371032715,
        9.108762741088867,
        6.474759101867676,
        14.152727127075195,
        10.767746925354004,
        8.66047477722168,
        4.256275177001953,
        2.072026014328003,
        1.618175983428955,
        1.5979602336883545,
        4.985295295715332,
        7.020865440368652,
        8.8879976272583,
        7.580033779144287,
        3.4979679584503174,
        3.8485517501831055,
        4.851983547210693,
        4.840635776519775,
        6.338834285736084,
        4.617497444152832,
        3.3145759105682373,
        3.441519260406494,
        3.657719850540161,
        3.942326784133911,
        4.078865051269531,
        3.8664073944091797,
        4.434013366699219,
        3.6268622875213623,
        3.121371269226074
    ]
}