{
    "num_conv_blocks": 2,
    "initial_channels": 32,
    "dropout_rate": 0.33,
    "learning_rate": 0.0001,
    "best_test_r2": 0.03180915117263794,
    "best_test_loss": 3.8120005130767822,
    "final_train_r2": 0.3816825747489929,
    "train_r2_history": [
        -1.1504120826721191,
        -0.49056875705718994,
        -0.3115854263305664,
        -0.3299044370651245,
        -0.5515801906585693,
        -0.47747349739074707,
        0.0524594783782959,
        -0.06774604320526123,
        0.10877770185470581,
        -0.0326380729675293,
        -0.21552062034606934,
        0.053138911724090576,
        -0.23397696018218994,
        0.026959776878356934,
        0.021520674228668213,
        0.10192382335662842,
        0.1635311245918274,
        0.11368286609649658,
        -0.07519710063934326,
        -0.31969475746154785,
        -0.10283184051513672,
        -0.04692268371582031,
        -0.02679753303527832,
        -0.0361781120300293,
        0.18263930082321167,
        -0.009748220443725586,
        0.06349080801010132,
        -0.020417332649230957,
        -0.1302640438079834,
        0.12084859609603882,
        0.1957157850265503,
        -0.12523174285888672,
        0.2864370346069336,
        0.059949278831481934,
        0.3827706575393677,
        0.3458004593849182,
        0.07218796014785767,
        0.24501407146453857,
        0.19068104028701782,
        0.3658362030982971,
        0.041071534156799316,
        0.4705175757408142,
        0.1582498550415039,
        0.41877126693725586,
        0.3210103511810303,
        0.205918550491333,
        0.16380733251571655,
        0.6255156993865967,
        -0.06021463871002197,
        0.22397756576538086,
        0.2748481035232544,
        0.2682185173034668,
        0.38287144899368286,
        0.4492086172103882,
        0.3816825747489929
    ],
    "test_r2_history": [
        -1.4169516563415527,
        -1.2747793197631836,
        -1.048642873764038,
        -0.8207411766052246,
        -0.7276860475540161,
        -0.700592041015625,
        -0.6099989414215088,
        -0.4708576202392578,
        -0.34568095207214355,
        -0.2982020378112793,
        -0.3738194704055786,
        -0.4266873598098755,
        -0.44069206714630127,
        -0.29702770709991455,
        -0.17481517791748047,
        -0.2456972599029541,
        -0.2274918556213379,
        -0.12677645683288574,
        -0.07406926155090332,
        -0.3028451204299927,
        -0.3460850715637207,
        -0.2182152271270752,
        -0.07292759418487549,
        -0.21301043033599854,
        -0.30467820167541504,
        -0.3328061103820801,
        -0.22434139251708984,
        -0.11603176593780518,
        -0.05778837203979492,
        -0.11855161190032959,
        -0.12496280670166016,
        -0.1460402011871338,
        -0.013962864875793457,
        -0.008897900581359863,
        0.0024878382682800293,
        0.03180915117263794,
        0.01888453960418701,
        -0.013708353042602539,
        -0.005376100540161133,
        0.012914776802062988,
        -0.026769518852233887,
        -0.10716497898101807,
        -0.054198384284973145,
        -0.07585132122039795,
        -0.10285460948944092,
        -0.0977637767791748,
        -0.08062136173248291,
        -0.0064820051193237305,
        -0.030380725860595703,
        -0.0627748966217041,
        -0.09088551998138428,
        -0.10389459133148193,
        -0.07498025894165039,
        -0.024736762046813965,
        -0.021071314811706543
    ],
    "train_loss_history": [
        3.899470945199331,
        2.136175856227055,
        1.9182051892081897,
        1.948313410083453,
        2.3324280083179474,
        2.1776122649510703,
        1.6938634663820267,
        1.5447957552969456,
        1.2937770709395409,
        1.5227220157782237,
        1.7832595705986023,
        1.4200061311324437,
        1.9119368890921276,
        1.4240448971589406,
        1.41136601070563,
        1.3092634479204814,
        1.2534971634546916,
        1.2865395272771518,
        1.7634775936603546,
        1.8998561774690945,
        1.674238556375106,
        1.5254255483547847,
        1.5494690736134846,
        1.5146269500255585,
        1.1869458705186844,
        1.460858194778363,
        1.3474520730475585,
        1.4702019977072875,
        1.6626136898994446,
        1.2686002527674038,
        1.1771616985400517,
        1.6203924020131428,
        1.0529392659664154,
        1.440010239680608,
        0.8984091853102049,
        0.9516209550201893,
        1.4131778875986736,
        1.103554959098498,
        1.1721306269367535,
        0.9410043656826019,
        1.481701244910558,
        0.826039065917333,
        1.2285381977756817,
        0.8916038374106089,
        0.9986129179596901,
        1.1581616501013439,
        1.2712552696466446,
        0.5522273729244868,
        1.5362635379036267,
        1.2175239821275075,
        1.1262066264947255,
        1.0555705136309068,
        0.9506029387315115,
        0.8066128765543302,
        0.9481496810913086
    ],
    "test_loss_history": [
        9.516119956970215,
        8.956354141235352,
        8.065999984741211,
        7.168697357177734,
        6.802316188812256,
        6.695639610290527,
        6.338953495025635,
        5.791120529174805,
        5.298269271850586,
        5.111333847045898,
        5.409057140350342,
        5.617211818695068,
        5.672350883483887,
        5.106709957122803,
        4.625531196594238,
        4.904609680175781,
        4.832930564880371,
        4.436390399932861,
        4.228869438171387,
        5.12961483001709,
        5.299861431121826,
        4.7964067459106445,
        4.224374294281006,
        4.775914192199707,
        5.136832237243652,
        5.2475786209106445,
        4.820527076721191,
        4.394085884094238,
        4.164767742156982,
        4.4040069580078125,
        4.4292497634887695,
        4.512236595153809,
        3.9922163486480713,
        3.9722740650177,
        3.927445650100708,
        3.8120005130767822,
        3.862887382507324,
        3.991213798522949,
        3.958407402038574,
        3.886392593383789,
        4.042638301849365,
        4.359175682067871,
        4.150632858276367,
        4.2358856201171875,
        4.3422040939331055,
        4.322159767150879,
        4.254666328430176,
        3.962761640548706,
        4.056857585906982,
        4.184401035308838,
        4.295078277587891,
        4.3462982177734375,
        4.232455253601074,
        4.034635543823242,
        4.020203590393066
    ]
}