{
    "num_conv_blocks": 4,
    "initial_channels": 16,
    "dropout_rate": 0.33,
    "learning_rate": 0.0001,
    "best_test_r2": 0.4434325695037842,
    "best_test_loss": 24.161561965942383,
    "final_train_r2": 0.14494144916534424,
    "train_r2_history": [
        -0.31617748737335205,
        -0.23587703704833984,
        -0.20345914363861084,
        -0.12383091449737549,
        -0.18435895442962646,
        -0.012968301773071289,
        -0.04620242118835449,
        0.07062715291976929,
        0.10615271329879761,
        0.10606193542480469,
        0.1363416314125061,
        -0.02508866786956787,
        0.09432250261306763,
        0.1358863115310669,
        0.27873659133911133,
        0.14005708694458008,
        0.21883618831634521,
        0.18978124856948853,
        0.22482675313949585,
        0.28823530673980713,
        0.059032142162323,
        0.2099970579147339,
        0.1229543685913086,
        0.2313949465751648,
        0.1957007646560669,
        0.25938868522644043,
        0.1921069622039795,
        0.15488320589065552,
        0.1503080129623413,
        0.22864115238189697,
        0.05629318952560425,
        0.10635608434677124,
        0.14494144916534424
    ],
    "test_r2_history": [
        -0.35324525833129883,
        -0.3397926092147827,
        -0.31852710247039795,
        -0.28588438034057617,
        -0.2405261993408203,
        -0.1805720329284668,
        -0.10909748077392578,
        -0.023014307022094727,
        0.06508499383926392,
        0.13397681713104248,
        0.2086358666419983,
        0.30185484886169434,
        0.3560865521430969,
        0.4434325695037842,
        0.43887394666671753,
        0.38007861375808716,
        0.35535842180252075,
        0.36001282930374146,
        0.41391944885253906,
        0.4045345187187195,
        0.37179243564605713,
        0.39981746673583984,
        0.416176438331604,
        0.43146711587905884,
        0.433493435382843,
        0.43081676959991455,
        0.42404085397720337,
        0.39529263973236084,
        0.39585089683532715,
        0.4283483624458313,
        0.42009562253952026,
        0.4267842173576355,
        0.4072303771972656
    ],
    "train_loss_history": [
        77.13675618171692,
        73.94253730773926,
        71.64246133963267,
        68.2306778828303,
        71.14168711503346,
        62.41817831993103,
        63.64310749371847,
        56.43842267990112,
        51.0243057012558,
        52.45757555961609,
        45.90433390935262,
        54.2944130897522,
        51.08074108759562,
        46.24213457107544,
        38.205353577931724,
        39.950058937072754,
        44.262401739756264,
        38.11751206715902,
        38.20437161127726,
        37.67497746149699,
        46.39864492416382,
        37.717501163482666,
        51.525964419047035,
        37.72330252329508,
        33.69429540634155,
        37.469634691874184,
        36.62714926401774,
        37.09633827209473,
        46.07807493209839,
        37.487049420674644,
        55.25289440155029,
        41.55469989776611,
        39.048135121663414
    ],
    "test_loss_history": [
        58.74673843383789,
        58.16273880004883,
        57.239566802978516,
        55.822486877441406,
        53.85341262817383,
        51.25069046020508,
        48.14784622192383,
        44.41083908081055,
        40.5862922668457,
        37.5955810546875,
        34.35449981689453,
        30.307697296142578,
        27.953401565551758,
        24.161561965942383,
        24.359458923339844,
        26.911869049072266,
        27.985017776489258,
        27.782960891723633,
        25.44277572631836,
        25.850196838378906,
        27.271587371826172,
        26.05497169494629,
        25.34480094909668,
        24.681005477905273,
        24.59303855895996,
        24.70923614501953,
        25.003389358520508,
        26.251401901245117,
        26.22716522216797,
        24.816394805908203,
        25.17466163635254,
        24.88429832458496,
        25.733163833618164
    ]
}