{
    "num_conv_blocks": 2,
    "initial_channels": 32,
    "dropout_rate": 0.33,
    "learning_rate": 0.001,
    "best_test_r2": -0.28796350955963135,
    "best_test_loss": 5.071022033691406,
    "final_train_r2": -0.24121546745300293,
    "train_r2_history": [
        -18.05689811706543,
        -1.506763219833374,
        -0.7589128017425537,
        -0.897719144821167,
        -0.7221553325653076,
        -0.7633756399154663,
        -0.7662795782089233,
        -0.894432783126831,
        -0.4739370346069336,
        -0.9356235265731812,
        -0.8025699853897095,
        -0.6379034519195557,
        -0.6972321271896362,
        -0.3542759418487549,
        -0.35225677490234375,
        -0.6760518550872803,
        -0.4742739200592041,
        -0.564604640007019,
        -0.6256486177444458,
        -0.6675770282745361,
        -0.4017500877380371,
        -0.21276140213012695,
        -0.13518309593200684,
        -0.3753005266189575,
        -0.4249826669692993,
        -0.268754243850708,
        -0.5252025127410889,
        -0.23977279663085938,
        -0.5461161136627197,
        -0.26386964321136475,
        -0.03125965595245361,
        -0.24663186073303223,
        0.05618637800216675,
        -0.27921831607818604,
        -0.17067301273345947,
        -0.06154477596282959,
        -0.4623755216598511,
        -0.639265775680542,
        -0.2973928451538086,
        -0.45227527618408203,
        -0.14708852767944336,
        -0.6215267181396484,
        -0.10636985301971436,
        -0.1719909906387329,
        -0.24121546745300293
    ],
    "test_r2_history": [
        -1.3356928825378418,
        -0.9192978143692017,
        -0.8825024366378784,
        -0.7838141918182373,
        -0.5549217462539673,
        -0.4179394245147705,
        -0.3958951234817505,
        -0.4707064628601074,
        -0.7175778150558472,
        -0.7615400552749634,
        -0.4926644563674927,
        -0.363659143447876,
        -0.4799240827560425,
        -0.5421496629714966,
        -0.5470789670944214,
        -0.5115010738372803,
        -0.433935284614563,
        -0.5088691711425781,
        -0.49307870864868164,
        -0.3849904537200928,
        -0.30233848094940186,
        -0.3523221015930176,
        -0.3457517623901367,
        -0.33024871349334717,
        -0.3027687072753906,
        -0.28796350955963135,
        -0.33356010913848877,
        -0.4422166347503662,
        -0.42999565601348877,
        -0.4937889575958252,
        -0.4935321807861328,
        -0.448974609375,
        -0.433648943901062,
        -0.47506284713745117,
        -0.49372637271881104,
        -0.48726320266723633,
        -0.44356393814086914,
        -0.4103357791900635,
        -0.3974093198776245,
        -0.39317119121551514,
        -0.38815128803253174,
        -0.33661723136901855,
        -0.3277885913848877,
        -0.31635940074920654,
        -0.320409893989563
    ],
    "train_loss_history": [
        27.799841443697613,
        3.990262190500895,
        3.1623251835505166,
        3.294256627559662,
        2.486187443137169,
        4.500771154959996,
        2.673603574434916,
        3.0513978004455566,
        2.2415376603603363,
        2.955124313632647,
        3.1110742638508477,
        2.642238358656565,
        2.6813857654730477,
        2.0396635035673776,
        2.0090289314587912,
        2.5470153590043387,
        2.1443222711483636,
        2.2867628037929535,
        2.3753664642572403,
        2.4037066424886384,
        2.1857974926630654,
        1.7768708169460297,
        1.7437983949979146,
        1.9871743669112523,
        2.1576732794443765,
        1.8887867132822673,
        2.239608943462372,
        1.8333689620097477,
        2.3496093153953552,
        1.9298094809055328,
        1.5696364343166351,
        1.7928218276550372,
        1.5770099212725956,
        1.9761260052522023,
        1.6953674207131069,
        1.5513779545823734,
        2.219329704840978,
        2.405251050988833,
        1.900010923544566,
        2.2162632644176483,
        1.6928976873556774,
        2.325853142887354,
        1.633113294839859,
        1.7162547061840694,
        1.799107978741328
    ],
    "test_loss_history": [
        9.196185111999512,
        7.556736469268799,
        7.411865711212158,
        7.023305892944336,
        6.122101306915283,
        5.582769393920898,
        5.495975017547607,
        5.790525913238525,
        6.762517929077148,
        6.935606002807617,
        5.876979351043701,
        5.369054317474365,
        5.826817989349365,
        6.07181453704834,
        6.091222286224365,
        5.951143741607666,
        5.645748615264893,
        5.940782070159912,
        5.878611087799072,
        5.453040599822998,
        5.127620220184326,
        5.324418544769287,
        5.298548698425293,
        5.237508773803711,
        5.1293134689331055,
        5.071022033691406,
        5.250547409057617,
        5.678354740142822,
        5.630237102508545,
        5.881406784057617,
        5.880395889282227,
        5.704961776733398,
        5.644620895385742,
        5.807677268981934,
        5.881160259246826,
        5.855713367462158,
        5.683658123016357,
        5.552831649780273,
        5.501937389373779,
        5.485250949859619,
        5.4654860496521,
        5.262584209442139,
        5.227823734283447,
        5.182823181152344,
        5.198770999908447
    ]
}