{
    "num_conv_blocks": 4,
    "initial_channels": 16,
    "dropout_rate": 0.33,
    "learning_rate": 0.001,
    "best_test_r2": -0.0539170503616333,
    "best_test_loss": 4.149525165557861,
    "final_train_r2": -0.1610499620437622,
    "train_r2_history": [
        -1.7779159545898438,
        -0.6830999851226807,
        -0.44249868392944336,
        -0.22056317329406738,
        -0.37814319133758545,
        -0.2946007251739502,
        -0.22724735736846924,
        -0.050461769104003906,
        -0.22921395301818848,
        -0.564411997795105,
        -0.5795685052871704,
        -0.17909538745880127,
        -0.15779626369476318,
        -0.4027228355407715,
        -0.1583843231201172,
        -0.12548291683197021,
        -0.1826719045639038,
        -0.04010009765625,
        -0.17288029193878174,
        0.16817861795425415,
        -0.5743695497512817,
        -0.24538719654083252,
        -0.18979895114898682,
        -0.1258525848388672,
        -0.10349202156066895,
        -0.4412379264831543,
        -0.10722756385803223,
        -0.2559545040130615,
        -0.2997840642929077,
        -0.2566244602203369,
        -0.19813525676727295,
        -0.4419139623641968,
        -0.2458486557006836,
        -0.0998389720916748,
        0.10993248224258423,
        -0.1610499620437622
    ],
    "test_r2_history": [
        -1.38621187210083,
        -0.9812806844711304,
        -0.44286561012268066,
        -0.263486385345459,
        -0.26138603687286377,
        -0.3187112808227539,
        -0.5067193508148193,
        -0.6763575077056885,
        -0.47500693798065186,
        -0.36281394958496094,
        -0.3870002031326294,
        -0.4720548391342163,
        -0.4153566360473633,
        -0.26247072219848633,
        -0.14846086502075195,
        -0.07073748111724854,
        -0.0539170503616333,
        -0.19281435012817383,
        -0.3926483392715454,
        -0.5607388019561768,
        -0.418237566947937,
        -0.341361403465271,
        -0.3310561180114746,
        -0.30754363536834717,
        -0.31317663192749023,
        -0.31692373752593994,
        -0.33276844024658203,
        -0.32590043544769287,
        -0.3315054178237915,
        -0.3210207223892212,
        -0.32324087619781494,
        -0.33111417293548584,
        -0.3304555416107178,
        -0.3214370012283325,
        -0.3476206064224243,
        -0.318073034286499
    ],
    "train_loss_history": [
        4.565325915813446,
        2.5166810055573783,
        2.2708915024995804,
        1.8385303318500519,
        1.9875248124202092,
        1.9043986946344376,
        2.2406404515107474,
        1.5061680511571467,
        2.0521996517976127,
        2.2759148428837457,
        2.361410995324453,
        1.7001870945096016,
        1.6682003314296405,
        2.074688812096914,
        1.6735340058803558,
        1.6455005953709285,
        2.0549322366714478,
        1.5279130885998409,
        1.7569101601839066,
        1.240878293911616,
        2.3494110306104026,
        1.8304241995016735,
        1.7585295389095943,
        1.6999088128407795,
        1.6129270220796268,
        2.1338262955347695,
        1.6493705411752064,
        1.8263850137591362,
        2.0986638565858207,
        1.83231217165788,
        1.740699827671051,
        2.0700120801726976,
        1.8015976411600907,
        1.6410810848077138,
        1.2796896913399298,
        1.7351014216740925
    ],
    "test_loss_history": [
        9.395092010498047,
        7.800779342651367,
        5.680909633636475,
        4.974649906158447,
        4.966381072998047,
        5.192083835601807,
        5.932316303253174,
        6.600223064422607,
        5.8074564933776855,
        5.365725994110107,
        5.460954189300537,
        5.795834541320801,
        5.572600364685059,
        4.970650672912598,
        4.521766662597656,
        4.2157511711120605,
        4.149525165557861,
        4.696397304534912,
        5.48319149017334,
        6.145004749298096,
        5.58394193649292,
        5.281262397766113,
        5.240689277648926,
        5.148114204406738,
        5.170291900634766,
        5.185046195983887,
        5.247430324554443,
        5.220389366149902,
        5.242457866668701,
        5.201176643371582,
        5.20991849899292,
        5.240916728973389,
        5.238324165344238,
        5.202815055847168,
        5.305906772613525,
        5.189570903778076
    ]
}