{
    "num_conv_blocks": 3,
    "initial_channels": 32,
    "dropout_rate": 0.33,
    "learning_rate": 0.001,
    "best_test_r2": 0.4916442632675171,
    "best_test_loss": 18.851734161376953,
    "final_train_r2": 0.5671492218971252,
    "train_r2_history": [
        -0.933061957359314,
        0.1351603865623474,
        -0.16366708278656006,
        -0.00947260856628418,
        0.1454353928565979,
        0.07535254955291748,
        -0.18717610836029053,
        -0.16322600841522217,
        0.20438671112060547,
        0.04225701093673706,
        0.2137114405632019,
        -0.005584001541137695,
        -0.16102373600006104,
        0.03168767690658569,
        -0.018954038619995117,
        0.358676016330719,
        -0.0006361007690429688,
        0.2057155966758728,
        0.08565413951873779,
        0.26413458585739136,
        0.35965901613235474,
        0.6079679131507874,
        0.31991422176361084,
        0.3451673984527588,
        0.19331300258636475,
        0.25827938318252563,
        0.449224054813385,
        0.2663103938102722,
        0.5082890391349792,
        0.5232672691345215,
        0.30616623163223267,
        0.23224729299545288,
        0.45225971937179565,
        0.3659358620643616,
        0.33515244722366333,
        0.47756028175354004,
        0.6194180250167847,
        0.23824524879455566,
        0.44159483909606934,
        0.332597017288208,
        0.4711001515388489,
        0.5671492218971252
    ],
    "test_r2_history": [
        -3.2138304710388184,
        -2.0278725624084473,
        -1.1610865592956543,
        -0.5878642797470093,
        -1.683401346206665,
        -0.27812349796295166,
        0.29845595359802246,
        -0.27967023849487305,
        -0.7041724920272827,
        -0.49876654148101807,
        0.21336621046066284,
        0.46867913007736206,
        0.20366597175598145,
        -0.40680992603302,
        -0.6993566751480103,
        0.23733651638031006,
        0.371870756149292,
        0.1514250636100769,
        0.4782291650772095,
        0.4882974624633789,
        0.44410669803619385,
        0.4815096855163574,
        0.4916442632675171,
        0.4710126519203186,
        0.40475040674209595,
        0.41682809591293335,
        0.3760889768600464,
        0.42343735694885254,
        0.39645421504974365,
        0.35224395990371704,
        0.26819413900375366,
        0.3515860438346863,
        0.3651520609855652,
        0.4793798327445984,
        0.4867251515388489,
        0.4575725197792053,
        0.41648709774017334,
        0.398560106754303,
        0.33783018589019775,
        0.2791917324066162,
        0.24081188440322876,
        0.3654334545135498
    ],
    "train_loss_history": [
        164.8834056854248,
        66.37742805480957,
        90.72880617777507,
        85.19984181722005,
        82.00354639689128,
        73.78587023417155,
        99.76172828674316,
        86.19485107560952,
        63.78121534983317,
        72.76167027155559,
        59.62038024266561,
        80.13772551218669,
        92.59836260477702,
        74.59098847707112,
        78.53828652699788,
        48.25716503461202,
        76.20416116714478,
        60.80471181869507,
        69.85105339686076,
        62.03714529673258,
        49.28750991821289,
        29.542568842569988,
        50.544244249661766,
        49.472199122111,
        60.53218332926432,
        57.61362934112549,
        41.82450040181478,
        57.723649978637695,
        36.971136808395386,
        36.194920698801674,
        52.99944941202799,
        59.45305919647217,
        41.34565798441569,
        49.134456634521484,
        49.40109900633494,
        43.95055071512858,
        32.26987171173096,
        62.354747454325356,
        46.51092847188314,
        50.82167752583822,
        40.488988399505615,
        34.361245473225914
    ],
    "test_loss_history": [
        156.2646026611328,
        112.28483581542969,
        80.14118957519531,
        58.883949279785156,
        99.51057434082031,
        47.397605895996094,
        26.015878677368164,
        47.4549674987793,
        63.19709014892578,
        55.57986831665039,
        29.171321868896484,
        19.703365325927734,
        29.531047821044922,
        52.169776916503906,
        63.01850509643555,
        28.28241539001465,
        23.293384552001953,
        31.46833038330078,
        19.349212646484375,
        18.97584342956543,
        20.614604949951172,
        19.227563858032227,
        18.851734161376953,
        19.616830825805664,
        22.074079513549805,
        21.626195907592773,
        23.13695526123047,
        21.38109588623047,
        22.381738662719727,
        24.021217346191406,
        27.138099670410156,
        24.04561424255371,
        23.542539596557617,
        19.30654525756836,
        19.03415298461914,
        20.1152400970459,
        21.638843536376953,
        22.30364227294922,
        24.555734634399414,
        26.730266571044922,
        28.153535842895508,
        23.532100677490234
    ]
}