{
    "num_conv_blocks": 3,
    "initial_channels": 64,
    "dropout_rate": 0.33,
    "learning_rate": 0.0001,
    "best_test_r2": 0.5094447135925293,
    "best_test_loss": 18.191625595092773,
    "final_train_r2": 0.4312114119529724,
    "train_r2_history": [
        -2.4202046394348145,
        -0.9771410226821899,
        -0.21530067920684814,
        -0.04038858413696289,
        0.03713017702102661,
        0.2304931879043579,
        0.08608978986740112,
        0.13313329219818115,
        0.2287660837173462,
        0.19242435693740845,
        0.25500810146331787,
        0.12787330150604248,
        0.41683363914489746,
        -0.2179567813873291,
        0.06917208433151245,
        0.1488087773323059,
        -0.05688333511352539,
        0.36836564540863037,
        0.07682967185974121,
        0.20021170377731323,
        0.2913551330566406,
        0.2683098316192627,
        0.08190345764160156,
        0.14391887187957764,
        0.08848166465759277,
        0.11711525917053223,
        0.3277994990348816,
        0.3251011371612549,
        0.284945547580719,
        0.14182108640670776,
        0.4023144841194153,
        0.35713934898376465,
        0.2826337218284607,
        0.49400413036346436,
        0.47193676233291626,
        0.3864080309867859,
        0.5026695132255554,
        0.3395841717720032,
        0.23334473371505737,
        0.388221800327301,
        0.370384156703949,
        0.2965332269668579,
        0.4204142093658447,
        0.3220521807670593,
        0.4312114119529724
    ],
    "test_r2_history": [
        -4.540680408477783,
        -4.010339736938477,
        -3.526503086090088,
        -2.69246244430542,
        -1.5363447666168213,
        -0.6227738857269287,
        -0.09457957744598389,
        0.1358330249786377,
        0.10479307174682617,
        0.07263243198394775,
        0.01597285270690918,
        0.12787401676177979,
        0.2899917960166931,
        0.29837876558303833,
        0.30715417861938477,
        0.33755242824554443,
        0.363545298576355,
        0.3181173801422119,
        0.354452908039093,
        0.32496410608291626,
        0.41536545753479004,
        0.38054031133651733,
        0.39258134365081787,
        0.4305497407913208,
        0.431765079498291,
        0.5094447135925293,
        0.4542914628982544,
        0.25282418727874756,
        0.334092915058136,
        0.2617555856704712,
        0.2588619589805603,
        0.11770892143249512,
        0.051495909690856934,
        0.06688123941421509,
        0.0833359956741333,
        0.14838087558746338,
        0.1806352138519287,
        0.18214601278305054,
        0.17504948377609253,
        0.13187426328659058,
        0.08017653226852417,
        0.08536815643310547,
        0.09105294942855835,
        -0.03875291347503662,
        -0.03711426258087158
    ],
    "train_loss_history": [
        267.2675437927246,
        147.93921518325806,
        100.00070444742839,
        79.16649993260701,
        75.29922612508138,
        68.51134459177653,
        68.27621976534526,
        66.5914519627889,
        62.948795000712074,
        60.68503952026367,
        57.12855529785156,
        68.11459986368816,
        49.1747997601827,
        96.16762638092041,
        83.07894357045491,
        67.14699109395345,
        78.33361155291398,
        48.160320123036705,
        74.07488918304443,
        69.16441853841145,
        54.15485334396362,
        58.98568789164225,
        70.96579043070476,
        65.0513612429301,
        70.39194965362549,
        71.70215702056885,
        53.035725911458336,
        50.65847937266032,
        54.23029772440592,
        66.43963273366292,
        45.17495886484782,
        50.43016560872396,
        56.9692710240682,
        47.50913619995117,
        42.742849032084145,
        50.26012627283732,
        37.90860414505005,
        52.81239128112793,
        59.001081466674805,
        47.55168469746908,
        47.69968191782633,
        56.932830174764,
        46.402724266052246,
        51.689632733662926,
        45.18558915456136
    ],
    "test_loss_history": [
        205.46914672851562,
        185.80215454101562,
        167.85968017578125,
        136.93031311035156,
        94.05714416503906,
        60.17852783203125,
        40.59111022949219,
        32.04655075073242,
        33.19762420654297,
        34.390254974365234,
        36.49140930175781,
        32.341697692871094,
        26.329763412475586,
        26.018739700317383,
        25.693317413330078,
        24.566036224365234,
        23.602121353149414,
        25.286760330200195,
        23.939302444458008,
        25.03285789489746,
        21.68044090270996,
        22.971885681152344,
        22.52535629272461,
        21.117345809936523,
        21.07227897644043,
        18.191625595092773,
        20.236915588378906,
        27.70807456970215,
        24.694324493408203,
        27.376867294311523,
        27.484169006347656,
        32.71865463256836,
        35.17407989501953,
        34.60353088378906,
        33.99333190917969,
        31.581218719482422,
        30.38511085510254,
        30.329090118408203,
        30.59225082397461,
        32.1933479309082,
        34.110496520996094,
        33.917972564697266,
        33.707157135009766,
        38.520843505859375,
        38.460079193115234
    ]
}