{
    "num_conv_blocks": 3,
    "initial_channels": 64,
    "dropout_rate": 0.33,
    "learning_rate": 0.001,
    "best_test_r2": 0.7630818486213684,
    "best_test_loss": 10.285030364990234,
    "final_train_r2": 0.5758508443832397,
    "train_r2_history": [
        -0.5669957399368286,
        -0.1333472728729248,
        -0.27741825580596924,
        -0.04197514057159424,
        0.016206741333007812,
        0.06064140796661377,
        -0.1609569787979126,
        -0.04259300231933594,
        -0.15845823287963867,
        0.130496084690094,
        0.16841751337051392,
        0.23028546571731567,
        0.059114694595336914,
        -0.13373923301696777,
        -0.05720531940460205,
        0.0449298620223999,
        0.11055761575698853,
        0.11905157566070557,
        0.3281933069229126,
        0.16323363780975342,
        0.27298396825790405,
        0.20330119132995605,
        0.031108438968658447,
        0.3160814046859741,
        0.231905996799469,
        0.34778469800949097,
        0.2921713590621948,
        0.39835190773010254,
        0.4512097239494324,
        0.35969680547714233,
        0.12629181146621704,
        0.4222644567489624,
        0.5099377632141113,
        0.3231842517852783,
        0.3853417634963989,
        0.42806410789489746,
        0.42869991064071655,
        0.47425270080566406,
        0.46716147661209106,
        0.34900742769241333,
        0.3839418888092041,
        0.22605770826339722,
        0.5477294921875,
        0.5342478156089783,
        0.32622861862182617,
        0.6136733293533325,
        0.3621540665626526,
        0.43202316761016846,
        0.4199759364128113,
        0.47271448373794556,
        0.4272325038909912,
        0.5977331399917603,
        0.5349836945533752,
        0.4587329626083374,
        0.37036585807800293,
        0.5841027498245239,
        0.4550181031227112,
        0.5737508535385132,
        0.48004913330078125,
        0.6979166269302368,
        0.6085230708122253,
        0.5587880611419678,
        0.5579128861427307,
        0.4762011170387268,
        0.4575866460800171,
        0.4366205334663391,
        0.31590384244918823,
        0.4108302593231201,
        0.5401630401611328,
        0.42197680473327637,
        0.5121634602546692,
        0.6571091413497925,
        0.5064415335655212,
        0.5151088833808899,
        0.24742043018341064,
        0.5409179329872131,
        0.5758508443832397
    ],
    "test_r2_history": [
        -0.3368643522262573,
        -0.1403212547302246,
        -0.20645904541015625,
        -0.10626792907714844,
        0.190168559551239,
        0.4057918190956116,
        0.310363233089447,
        0.307284951210022,
        0.23368585109710693,
        0.1641426682472229,
        0.37352919578552246,
        0.10641849040985107,
        0.28860461711883545,
        0.46134811639785767,
        0.5445957183837891,
        0.4434841275215149,
        0.10423362255096436,
        0.05031538009643555,
        0.2416730523109436,
        0.48913997411727905,
        0.38883548974990845,
        0.5635762810707092,
        0.46910178661346436,
        0.4637233018875122,
        0.5598233342170715,
        0.626413106918335,
        0.6370465755462646,
        0.5809075832366943,
        0.5632725954055786,
        0.5746415853500366,
        0.5462338924407959,
        0.6713294982910156,
        0.6187978982925415,
        0.6867505311965942,
        0.661891520023346,
        0.7192745208740234,
        0.5410622358322144,
        0.615333080291748,
        0.2026335597038269,
        0.06160736083984375,
        0.3968967795372009,
        0.6332245469093323,
        0.5890589356422424,
        0.6123060584068298,
        0.23127561807632446,
        0.21208196878433228,
        0.6168550848960876,
        0.21562039852142334,
        0.23582744598388672,
        0.2522088885307312,
        0.2540896534919739,
        0.4509388208389282,
        0.6676576137542725,
        0.6794137954711914,
        0.73726487159729,
        0.7278310060501099,
        0.7443357706069946,
        0.7630818486213684,
        0.7295613288879395,
        0.7365556359291077,
        0.7084331512451172,
        0.6921312808990479,
        0.7044362425804138,
        0.7271566390991211,
        0.6911196708679199,
        0.625158429145813,
        0.6582861542701721,
        0.6304303407669067,
        0.6377257108688354,
        0.6286264657974243,
        0.6729779243469238,
        0.6977584958076477,
        0.6763132214546204,
        0.680579662322998,
        0.6458899974822998,
        0.6787058115005493,
        0.7044765949249268
    ],
    "train_loss_history": [
        83.87815594673157,
        55.03866116205851,
        59.75243663787842,
        65.19570223490398,
        47.78866529464722,
        46.20724709828695,
        53.790490786234535,
        46.78795305887858,
        56.06289418538412,
        33.955375830332436,
        31.128369967142742,
        26.28196991980076,
        45.56002473831177,
        64.6293773651123,
        45.99139070510864,
        43.670641581217446,
        47.121070543924965,
        53.51074202855428,
        27.592622598012287,
        28.973057587941486,
        43.35244607925415,
        30.93379084269206,
        45.82325839996338,
        37.66779478391012,
        34.553335189819336,
        23.212974230448406,
        24.18684999148051,
        22.670888423919678,
        25.939510464668274,
        31.85865585009257,
        48.36608171463013,
        19.731782734394073,
        16.814363767703373,
        29.4977441628774,
        22.93060262997945,
        28.171002785364788,
        21.904593626658123,
        22.538264791170757,
        19.311436593532562,
        23.41134850184123,
        31.430752118428547,
        38.08380182584127,
        22.860962390899658,
        18.07970603307088,
        25.554134051005047,
        21.98732340335846,
        36.92382041613261,
        19.539339780807495,
        20.193127393722534,
        23.73033046722412,
        19.958006223042805,
        17.92871904373169,
        20.675191561381023,
        24.679797728856403,
        21.500081190218527,
        21.60567824045817,
        31.593739589055378,
        14.628904581069946,
        17.745470687436562,
        12.624106407165527,
        15.980533679326376,
        16.125815868377686,
        28.16060968240102,
        18.736112276713055,
        34.94578774770101,
        28.40597955385844,
        27.671849966049194,
        23.318979422251385,
        17.13075081507365,
        23.472337404886883,
        17.12610737482707,
        12.11677078406016,
        30.10491418838501,
        17.841795762379963,
        25.937456965446472,
        15.774941047032675,
        15.224111795425415
    ],