{
    "num_conv_blocks": 2,
    "initial_channels": 32,
    "dropout_rate": 0.33,
    "learning_rate": 0.001,
    "best_test_r2": 0.5629433989524841,
    "best_test_loss": 16.20769500732422,
    "final_train_r2": 0.3406946659088135,
    "train_r2_history": [
        -1.2093441486358643,
        -0.030918121337890625,
        -0.11836802959442139,
        0.15822935104370117,
        -0.25359582901000977,
        -0.15992164611816406,
        0.14174699783325195,
        -0.46476447582244873,
        -0.3859952688217163,
        0.001141667366027832,
        0.20154935121536255,
        0.08868974447250366,
        -0.15913569927215576,
        0.22560864686965942,
        0.09675878286361694,
        0.07220619916915894,
        -0.26565301418304443,
        -0.3339453935623169,
        -0.11347389221191406,
        -0.45698702335357666,
        -0.30148589611053467,
        0.09069585800170898,
        0.3190605044364929,
        0.037048518657684326,
        0.16140741109848022,
        0.24670612812042236,
        0.3594280481338501,
        0.08778613805770874,
        -0.1425877809524536,
        0.004724740982055664,
        -0.10977780818939209,
        0.380743145942688,
        0.0984952449798584,
        0.10748249292373657,
        0.5473969578742981,
        0.26582640409469604,
        0.14448636770248413,
        0.21208947896957397,
        0.3717501163482666,
        0.32803767919540405,
        0.08560508489608765,
        -0.008160233497619629,
        0.17951977252960205,
        0.25589656829833984,
        0.297029972076416,
        0.5099678039550781,
        0.20973992347717285,
        0.010999739170074463,
        0.3375086188316345,
        0.10030466318130493,
        0.47018831968307495,
        0.4004476070404053,
        0.17179656028747559,
        0.5390274524688721,
        0.34004509449005127,
        0.15293115377426147,
        0.22184258699417114,
        0.33894526958465576,
        0.3406946659088135
    ],
    "test_r2_history": [
        -3.7393975257873535,
        -2.1578376293182373,
        -1.011038064956665,
        -0.7319564819335938,
        -0.199471116065979,
        -0.23615169525146484,
        -0.363716721534729,
        -0.8220891952514648,
        -0.33823227882385254,
        -0.35127198696136475,
        -0.15265369415283203,
        -0.7907840013504028,
        -1.5445184707641602,
        -1.0114305019378662,
        -0.32903730869293213,
        -0.07428932189941406,
        0.019540011882781982,
        0.3041633367538452,
        0.04613637924194336,
        -0.5112195014953613,
        -0.2240065336227417,
        0.013993024826049805,
        0.16331791877746582,
        -0.06056535243988037,
        0.09525829553604126,
        0.27299416065216064,
        0.33601319789886475,
        0.34999048709869385,
        0.3587794303894043,
        0.3592074513435364,
        0.3958050012588501,
        0.3860856890678406,
        0.37699949741363525,
        0.4432295560836792,
        0.3466971516609192,
        0.20683372020721436,
        0.2632591128349304,
        0.05965191125869751,
        0.37362754344940186,
        0.5629433989524841,
        0.5105236768722534,
        0.3604314923286438,
        0.33364051580429077,
        0.39553236961364746,
        0.32895469665527344,
        0.3417951464653015,
        0.39948582649230957,
        0.38404542207717896,
        0.38952863216400146,
        0.4059984087944031,
        0.30845969915390015,
        0.2881491780281067,
        0.30189645290374756,
        0.3436356782913208,
        0.39666783809661865,
        0.4212314486503601,
        0.39535993337631226,
        0.37452226877212524,
        0.37071484327316284
    ],
    "train_loss_history": [
        165.06466643015543,
        79.35522429148357,
        96.28559239705403,
        65.72974173227946,
        97.48834037780762,
        88.54625924428304,
        68.5800100962321,
        119.52597872416179,
        109.99006938934326,
        81.86566766103108,
        67.13655948638916,
        82.66701126098633,
        103.19672425587972,
        59.27815469106039,
        77.96577739715576,
        75.2915620803833,
        95.01595211029053,
        100.20460510253906,
        104.7487808863322,
        114.78450202941895,
        104.45836448669434,
        73.26194953918457,
        62.954365730285645,
        79.51067193349202,
        67.11925188700359,
        57.832371870676674,
        50.98853429158529,
        74.4369929631551,
        86.59367370605469,
        73.96760386228561,
        86.29051462809245,
        47.322567303975426,
        69.0063517888387,
        69.40008799235027,
        41.927728017171226,
        56.796713511149086,
        65.869566599528,
        59.8010638554891,
        49.59065246582031,
        53.01530043284098,
        91.72110271453857,
        79.76459376017253,
        64.56418736775716,
        55.77549807230631,
        52.31508640448252,
        40.5871327718099,
        67.33844923973083,
        74.8658185005188,
        51.57634162902832,
        76.75923156738281,
        44.09298515319824,
        44.471286326646805,
        64.25743579864502,
        39.70151217778524,
        49.67388653755188,
        64.81685940424602,
        61.546280225118004,
        53.12305005391439,
        49.0427431066831
    ],
    "test_loss_history": [
        175.75457763671875,
        117.10443115234375,
        74.57682037353516,
        64.22743225097656,
        44.480873107910156,
        45.84113311767578,
        50.57170867919922,
        67.56988525390625,
        49.62665557861328,
        50.11021423339844,
        42.74470901489258,
        66.40898132324219,
        94.36026763916016,
        74.59136199951172,
        49.285682678222656,
        39.83866882324219,
        36.359127044677734,
        25.804224014282227,
        35.37282943725586,
        56.04167175292969,
        45.39073944091797,
        36.56482696533203,
        31.027305603027344,
        39.329734802246094,
        33.55120849609375,
        26.960100173950195,
        24.62311553955078,
        24.104785919189453,
        23.778858184814453,
        23.76298713684082,
        22.40580940246582,
        22.76624298095703,
        23.10318946838379,
        20.647130966186523,
        24.226917266845703,
        29.413570404052734,
        27.32111167907715,
        34.87162399291992,
        23.22823715209961,
        16.20769500732422,
        18.151615142822266,
        23.717594146728516,
        24.711101531982422,
        22.41592025756836,
        24.88487434387207,
        24.40869903564453,
        22.269309997558594,
        22.84189796447754,
        22.63856315612793,
        22.02780532836914,
        25.64490509033203,
        26.398090362548828,
        25.888294219970703,
        24.34044647216797,
        22.373815536499023,
        21.46290397644043,
        22.42231559753418,
        23.19505500793457,
        23.336246490478516
    ]
}