{
    "num_conv_blocks": 3,
    "initial_channels": 64,
    "dropout_rate": 0.33,
    "learning_rate": 0.001,
    "best_test_r2": -0.2456648349761963,
    "best_test_loss": 4.904481887817383,
    "final_train_r2": -0.26642441749572754,
    "train_r2_history": [
        -6.988149166107178,
        -1.1349005699157715,
        -0.906100869178772,
        -1.169560194015503,
        -0.7832971811294556,
        -1.1650383472442627,
        -0.10548102855682373,
        -0.32656753063201904,
        -0.2948594093322754,
        -0.4939308166503906,
        -0.5825403928756714,
        -0.5009443759918213,
        -0.6915363073348999,
        -0.3054245710372925,
        -0.3715888261795044,
        -0.40973925590515137,
        -0.5202451944351196,
        -0.38273322582244873,
        -0.03163349628448486,
        -0.2795182466506958,
        -0.18747711181640625,
        0.11256492137908936,
        -0.14285123348236084,
        -0.23485541343688965,
        -0.26642441749572754
    ],
    "test_r2_history": [
        -1.215264081954956,
        -0.4423619508743286,
        -0.7204145193099976,
        -0.6989152431488037,
        -0.31102192401885986,
        -0.2456648349761963,
        -0.34821438789367676,
        -0.36367762088775635,
        -0.3408834934234619,
        -0.3423473834991455,
        -0.5274156332015991,
        -0.48545658588409424,
        -0.6050469875335693,
        -0.5147567987442017,
        -0.35479676723480225,
        -0.30593204498291016,
        -0.32522475719451904,
        -0.33382391929626465,
        -0.31625616550445557,
        -0.2935072183609009,
        -0.29411983489990234,
        -0.2972383499145508,
        -0.2525665760040283,
        -0.26004326343536377,
        -0.33577287197113037
    ],
    "train_loss_history": [
        11.661871830622355,
        3.520209034283956,
        3.4932533899943032,
        3.1103466860949993,
        2.6187135577201843,
        3.1059632133692503,
        1.626233493288358,
        2.043055847287178,
        1.9195739924907684,
        2.28910331428051,
        2.310635636250178,
        2.699160357316335,
        2.459653084476789,
        1.9664610077937443,
        2.02667228380839,
        2.2324666579564414,
        2.183909609913826,
        2.184665193160375,
        1.5022618621587753,
        1.9365002512931824,
        2.0366633534431458,
        1.2726116570023198,
        1.6825333784023921,
        1.7943094794948895,
        1.8177523699899514
    ],
    "test_loss_history": [
        8.722028732299805,
        5.678926944732666,
        6.773686408996582,
        6.689038276672363,
        5.161808967590332,
        4.904481887817383,
        5.3082451820373535,
        5.369126796722412,
        5.279379844665527,
        5.2851457595825195,
        6.013803005218506,
        5.848600387573242,
        6.319457054138184,
        5.963962078094482,
        5.334161758422852,
        5.141768455505371,
        5.217729091644287,
        5.251586437225342,
        5.182416915893555,
        5.092849254608154,
        5.0952606201171875,
        5.107539653778076,
        4.9316558837890625,
        4.961093425750732,
        5.2592597007751465
    ]
}