{
    "num_conv_blocks": 4,
    "initial_channels": 16,
    "dropout_rate": 0.33,
    "learning_rate": 0.0001,
    "best_test_r2": 0.022135794162750244,
    "best_test_loss": 36.26286315917969,
    "final_train_r2": 0.2465146780014038,
    "train_r2_history": [
        -2.6636579036712646,
        -2.2994425296783447,
        -1.975724697113037,
        -1.6383719444274902,
        -1.0222902297973633,
        -0.5914565324783325,
        -0.2458662986755371,
        0.01936209201812744,
        -0.060459017753601074,
        0.11621803045272827,
        0.15619099140167236,
        0.2730025053024292,
        0.1965819001197815,
        0.1998145580291748,
        0.03491252660751343,
        0.13841795921325684,
        0.13554221391677856,
        0.12400376796722412,
        0.3212504982948303,
        0.06952786445617676,
        0.38731294870376587,
        0.23997414112091064,
        -0.008525490760803223,
        0.30202215909957886,
        0.09305775165557861,
        0.24338918924331665,
        0.31894272565841675,
        0.2881183624267578,
        0.23430979251861572,
        0.10723620653152466,
        0.2698754072189331,
        0.3217927813529968,
        0.2536091208457947,
        0.33336782455444336,
        0.29568225145339966,
        0.1638551950454712,
        0.362785279750824,
        0.2466355562210083,
        0.27674275636672974,
        0.24749910831451416,
        0.3342580795288086,
        0.256899356842041,
        0.30815738439559937,
        0.2591072916984558,
        0.34195590019226074,
        0.32741010189056396,
        0.21061086654663086,
        0.3067196011543274,
        0.3196907043457031,
        0.29988396167755127,
        0.36836111545562744,
        0.2247191071510315,
        0.22510933876037598,
        0.4016977548599243,
        0.35432255268096924,
        0.2465146780014038
    ],
    "test_r2_history": [
        -4.690859794616699,
        -4.575031757354736,
        -4.4006428718566895,
        -4.1895432472229,
        -3.8768911361694336,
        -3.4052252769470215,
        -2.840754985809326,
        -1.9095277786254883,
        -1.3915839195251465,
        -0.7581160068511963,
        -0.6057225465774536,
        -0.4500741958618164,
        -0.2785898447036743,
        -0.19973349571228027,
        -0.2717515230178833,
        -0.3191715478897095,
        -0.2682281732559204,
        -0.2883932590484619,
        -0.3058164119720459,
        -0.4319171905517578,
        -0.3245358467102051,
        -0.2691001892089844,
        -0.20798885822296143,
        -0.06305432319641113,
        0.007537841796875,
        -0.0728001594543457,
        -0.07328593730926514,
        -0.17610681056976318,
        -0.19449663162231445,
        -0.14345812797546387,
        -0.23457205295562744,
        -0.1125955581665039,
        -0.05781567096710205,
        -0.04560446739196777,
        -0.009009122848510742,
        -0.0704430341720581,
        0.022135794162750244,
        -0.08395469188690186,
        -0.02237117290496826,
        -0.052115678787231445,
        -0.08029782772064209,
        -0.07154226303100586,
        -0.10715591907501221,
        -0.07255911827087402,
        -0.04105508327484131,
        -0.04247570037841797,
        -0.09956598281860352,
        -0.04998362064361572,
        -0.04321730136871338,
        -0.08037889003753662,
        -0.12535333633422852,
        -0.17339658737182617,
        -0.14162087440490723,
        -0.17119204998016357,
        -0.05268430709838867,
        -0.0635225772857666
    ],
    "train_loss_history": [
        291.07634989420575,
        260.36799748738605,
        232.77800623575845,
        200.94776407877603,
        158.54778798421225,
        121.7357161839803,
        92.47508102655411,
        74.01485586166382,
        80.07313537597656,
        73.1588815053304,
        66.53595161437988,
        55.60886287689209,
        62.68955707550049,
        70.11886437733968,
        73.78733857472737,
        64.5009446144104,
        66.00065898895264,
        67.3087371190389,
        56.4054004351298,
        70.97601922353108,
        46.825696309407554,
        63.50723361968994,
        78.95336023966472,
        55.10007508595785,
        71.06584707895915,
        60.53396717707316,
        56.322896321614586,
        58.54669952392578,
        60.45065434773763,
        67.55746364593506,
        58.209954261779785,
        54.496049563090004,
        61.00084718068441,
        54.53229761123657,
        59.74250650405884,
        64.06964015960693,
        48.64956132570902,
        58.79030259450277,
        59.67882903416952,
        58.66328875223795,
        59.27957534790039,
        57.271483421325684,
        56.397579193115234,
        56.932306130727135,
        56.23556852340698,
        52.45814768473307,
        60.396448612213135,
        53.91683801015218,
        59.91133181254069,
        59.358958880106606,
        50.971887747446694,
        62.47418022155762,
        60.42448457082113,
        50.331366539001465,
        50.262096881866455,
        58.336880683898926
    ],
    "test_loss_history": [
        211.03836059570312,
        206.74305725097656,
        200.27603149414062,
        192.44769287109375,
        180.85336303710938,
        163.36224365234375,
        142.42955017089844,
        107.89617156982422,
        88.6888656616211,
        65.19752502441406,
        59.54619598388672,
        53.774173736572266,
        47.41490173339844,
        44.49060821533203,
        47.16130065917969,
        48.9198112487793,
        47.0306510925293,
        47.778446197509766,
        48.42455291748047,
        53.10084533691406,
        49.11874771118164,
        47.062984466552734,
        44.79674530029297,
        39.422035217285156,
        36.8042106628418,
        39.783447265625,
        39.80146408081055,
        43.61443328857422,
        44.296409606933594,
        42.40370559692383,
        45.782554626464844,
        41.25920104980469,
        39.22776412963867,
        38.77492904663086,
        37.41783142089844,
        39.69603729248047,
        36.26286315917969,
        40.19709396362305,
        37.91334915161133,
        39.01638412475586,
        40.06148910522461,
        39.73679733276367,
        41.05748748779297,
        39.774513244628906,
        38.60622024536133,
        38.658897399902344,
        40.77602005004883,
        38.93732452392578,
        38.6864013671875,
        40.064491271972656,
        41.73231506347656,
        43.51393508911133,
        42.3355712890625,
        43.43218231201172,
        39.037471771240234,
        39.43940353393555
    ]
}