{
    "num_conv_blocks": 2,
    "initial_channels": 32,
    "dropout_rate": 0.33,
    "learning_rate": 0.001,
    "best_test_r2": 0.6500872373580933,
    "best_test_loss": 15.190323829650879,
    "final_train_r2": 0.5862494707107544,
    "train_r2_history": [
        -0.44379115104675293,
        -0.34459173679351807,
        -0.09123861789703369,
        -0.30802929401397705,
        -0.13821852207183838,
        -0.05067932605743408,
        -0.021533966064453125,
        0.04066413640975952,
        -0.08221101760864258,
        0.20457738637924194,
        -0.2987176179885864,
        -0.24141573905944824,
        -0.11992228031158447,
        -0.14146459102630615,
        -0.04557538032531738,
        0.038370370864868164,
        -0.04743313789367676,
        0.1568894386291504,
        0.222415030002594,
        0.0652686357498169,
        0.19768047332763672,
        0.04476630687713623,
        0.015364885330200195,
        -0.030507683753967285,
        0.09272116422653198,
        0.0918768048286438,
        0.05328691005706787,
        0.27010786533355713,
        -0.02047586441040039,
        0.09258830547332764,
        -0.10731005668640137,
        0.04876530170440674,
        0.10502707958221436,
        0.1651025414466858,
        0.37508881092071533,
        0.3163672089576721,
        0.2661108374595642,
        0.4718257784843445,
        0.21428215503692627,
        0.3246579170227051,
        0.2365514636039734,
        0.4406896233558655,
        0.20082402229309082,
        0.15934544801712036,
        0.02628016471862793,
        0.30574846267700195,
        0.27623385190963745,
        0.4775239825248718,
        0.4634445905685425,
        0.28343868255615234,
        0.4765560030937195,
        0.3319864273071289,
        0.1908382773399353,
        0.4496251344680786,
        0.3250685930252075,
        0.6212306022644043,
        0.29810887575149536,
        0.36016321182250977,
        0.5508032441139221,
        0.3888351321220398,
        0.42824339866638184,
        0.47001755237579346,
        0.28902703523635864,
        0.47836142778396606,
        0.46573108434677124,
        0.421819269657135,
        0.5177879333496094,
        0.5423949956893921,
        0.538975179195404,
        0.4388349652290344,
        0.5104401111602783,
        0.36450254917144775,
        0.6187983751296997,
        0.5497757196426392,
        0.46866917610168457,
        0.4887976050376892,
        0.22324973344802856,
        0.4994771480560303,
        0.40600836277008057,
        0.4047730565071106,
        0.49052172899246216,
        0.5711584091186523,
        0.5350912809371948,
        0.5216711163520813,
        0.5134310722351074,
        0.4740821123123169,
        0.6182034015655518,
        0.5862494707107544
    ],
    "test_r2_history": [
        -0.3366636037826538,
        -0.20536720752716064,
        -0.16032707691192627,
        -0.09756600856781006,
        0.026351571083068848,
        0.003195822238922119,
        0.03835326433181763,
        0.10636264085769653,
        0.22393465042114258,
        0.22422069311141968,
        0.16130220890045166,
        0.13337618112564087,
        0.2932494878768921,
        0.29622024297714233,
        0.24656569957733154,
        0.29026490449905396,
        0.2770039439201355,
        0.10779774188995361,
        0.3836733102798462,
        0.3579360842704773,
        0.4000694155693054,
        0.42031699419021606,
        0.34110188484191895,
        0.35810720920562744,
        0.4901697039604187,
        0.3442128300666809,
        0.3370811343193054,
        0.3529220223426819,
        0.3290866017341614,
        0.38528430461883545,
        0.3572582006454468,
        0.3598884344100952,
        0.47643548250198364,
        0.45634686946868896,
        0.3586079478263855,
        0.5779495239257812,
        0.5852504968643188,
        0.49168336391448975,
        0.48851919174194336,
        0.41590672731399536,
        0.4681474566459656,
        0.5399104356765747,
        0.6172598600387573,
        0.6305162906646729,
        0.6038480401039124,
        0.6216164827346802,
        0.5971997976303101,
        0.5987697839736938,
        0.4403298497200012,
        0.34273165464401245,
        0.4447287917137146,
        0.43677210807800293,
        0.5605529546737671,
        0.5876269936561584,
        0.5759190320968628,
        0.5979923009872437,
        0.6425073146820068,
        0.5753394365310669,
        0.5612596273422241,
        0.5549075603485107,
        0.5593148469924927,
        0.5691052675247192,
        0.6090736389160156,
        0.626550018787384,
        0.6099144220352173,
        0.6378010511398315,
        0.6245096325874329,
        0.6487101912498474,
        0.6500872373580933,
        0.6303490996360779,
        0.6338140964508057,
        0.5840883255004883,
        0.5904608964920044,
        0.6127568483352661,
        0.6140123605728149,
        0.6453192234039307,
        0.6337246894836426,
        0.6151461601257324,
        0.6454907655715942,
        0.625933051109314,
        0.6214856505393982,
        0.5774933695793152,
        0.5829589366912842,
        0.5995979309082031,
        0.5888116359710693,
        0.5851302146911621,
        0.6026455163955688,
        0.618668794631958
    ],
    "train_loss_history": [
        76.9577305316925,
        68.58368078867595,
        50.70573774973551,
        69.95457633336385,
        50.695943196614586,
        56.79489771525065,
        42.69418239593506,
        63.77215305964152,
        71.13844776153564,
        39.555697441101074,
        64.13138834635417,
        74.740904490153,
        67.54564380645752,
        48.54742622375488,
        45.41393025716146,
        57.692449728647865,
        51.692674001057945,
        47.106726010640465,
        38.554397424062095,
        44.40970547993978,
        37.95831616719564,
        39.05852826436361,
        49.14886315663656,
        46.86825108528137,
        45.2483704884847,
        46.993889013926186,
        58.53955411911011,
        37.09064523379008,
        47.06586790084839,
        41.343665599823,
        70.20527505874634,
        55.61399300893148,
        53.648473024368286,
        50.647068659464516,
        33.68442153930664,
        34.25995206832886,
        30.460320154825848,
        29.76347295443217,
        41.63149086634318,
        31.975533962249756,
        46.376129468282066,
        29.97630540529887,
        31.38817548751831,
        40.08864068984985,
        42.36705414454142,
        35.28519789377848,
        31.762983640034992,
        29.732476949691772,
        26.010117133458454,
        29.737324714660645,
        17.998597880204517,
        34.785341103871666,
        30.48374406496684,
        23.12672297159831,
        28.28985007603963,
        14.876414696375528,
        30.38330141703288,
        26.422030806541443,
        17.523882190386455,
        25.00380778312683,
        19.6562357544899,
        19.03374520937602,
        25.342967987060547,
        27.23268763224284,
        24.329870621363323,
        30.948344469070435,
        16.54396677017212,
        16.17267648379008,
        15.932037929693857,
        26.069855213165283,
        16.77465757727623,
        26.66933258374532,
        23.801446517308552,
        17.867549896240234,
        20.345385392506916,
        21.19804040590922,
        40.46725789705912,
        21.01164271434148,
        36.09542441368103,
        26.046700557072956,
        17.852913459142048,
        26.46437152226766,
        15.887976050376892,
        19.54638934135437,
        18.75878119468689,
        25.669541041056316,
        15.250363190968832,
        15.914886832237244
    ],