{
    "num_conv_blocks": 2,
    "initial_channels": 16,
    "dropout_rate": 0.33,
    "learning_rate": 0.001,
    "best_test_r2": -0.5310845375061035,
    "best_test_loss": 5.429818630218506,
    "final_train_r2": -9.242355346679688,
    "train_r2_history": [
        -115.0322494506836,
        -46.36359405517578,
        -38.627925872802734,
        -26.833080291748047,
        -18.61994171142578,
        -22.647544860839844,
        -26.2152099609375,
        -28.746267318725586,
        -20.06480598449707,
        -25.384822845458984,
        -24.961393356323242,
        -31.267833709716797,
        -22.96643829345703,
        -27.74781608581543,
        -18.278705596923828,
        -20.93080711364746,
        -15.083593368530273,
        -21.24568748474121,
        -22.966577529907227,
        -16.71811294555664,
        -20.717649459838867,
        -17.167999267578125,
        -11.912210464477539,
        -12.584840774536133,
        -15.886741638183594,
        -14.96338939666748,
        -21.914979934692383,
        -6.747238636016846,
        -15.057479858398438,
        -11.780780792236328,
        -16.927867889404297,
        -10.688288688659668,
        -11.68471622467041,
        -16.432214736938477,
        -10.970169067382812,
        -13.556413650512695,
        -12.450291633605957,
        -15.853269577026367,
        -12.283178329467773,
        -12.125568389892578,
        -11.799505233764648,
        -12.212618827819824,
        -7.844507217407227,
        -11.296085357666016,
        -11.328863143920898,
        -16.065195083618164,
        -15.247848510742188,
        -9.771389961242676,
        -12.980769157409668,
        -12.187928199768066,
        -11.484926223754883,
        -10.26478385925293,
        -8.618871688842773,
        -10.875593185424805,
        -9.242355346679688
    ],
    "test_r2_history": [
        -169.90159606933594,
        -143.64527893066406,
        -99.88890075683594,
        -25.824235916137695,
        -2.24930477142334,
        -14.454598426818848,
        -24.84456443786621,
        -1.570157527923584,
        -9.431571960449219,
        -4.818888187408447,
        -15.390108108520508,
        -8.979158401489258,
        -5.865938663482666,
        -5.175191402435303,
        -12.979660987854004,
        -7.39614200592041,
        -7.605466842651367,
        -10.965571403503418,
        -13.391871452331543,
        -6.249719619750977,
        -3.8085875511169434,
        -3.0782580375671387,
        -2.3960299491882324,
        -1.7606160640716553,
        -1.868368148803711,
        -1.28641676902771,
        -2.3823204040527344,
        -2.80769419670105,
        -2.163301944732666,
        -3.3888673782348633,
        -3.1326346397399902,
        -3.656158924102783,
        -2.8434855937957764,
        -2.5297107696533203,
        -1.6541268825531006,
        -0.5310845375061035,
        -0.5976629257202148,
        -0.8286395072937012,
        -2.875649929046631,
        -4.877320289611816,
        -4.755040168762207,
        -2.7952771186828613,
        -2.7485857009887695,
        -2.6975650787353516,
        -2.7304024696350098,
        -2.3673017024993896,
        -1.648080587387085,
        -1.0348842144012451,
        -0.8914263248443604,
        -1.1777949333190918,
        -1.2652759552001953,
        -1.4716293811798096,
        -1.4339585304260254,
        -1.5071086883544922,
        -1.3790385723114014
    ],
    "train_loss_history": [
        429.41699663798016,
        171.23748270670572,
        156.55876286824545,
        104.15474319458008,
        71.51317977905273,
        87.07036558787028,
        93.27935107549031,
        103.90332698822021,
        91.64055442810059,
        95.1826286315918,
        100.54383405049641,
        132.13066228230795,
        99.31193161010742,
        102.19750213623047,
        72.43332163492839,
        79.82573827107747,
        67.43139203389485,
        84.33837000528972,
        86.10030587514241,
        77.13763586680095,
        89.78819402058919,
        68.45614433288574,
        45.79567766189575,
        66.21649424235027,
        78.02319590250652,
        63.928403536478676,
        87.97138214111328,
        29.248342831929524,
        55.29606008529663,
        43.603580256303154,
        61.81589047114054,
        45.84079615275065,
        54.25895277659098,
        63.84201176961263,
        47.28538831075033,
        49.55720645189285,
        46.72393258412679,
        58.92847410837809,
        50.410256703694664,
        57.38023567199707,
        48.510850270589195,
        48.21547667185465,
        33.52707449595133,
        44.80599466959635,
        45.203324953715004,
        65.10157839457194,
        71.68215974171956,
        38.2205802599589,
        51.310903549194336,
        47.854339599609375,
        52.901886622111,
        47.09242343902588,
        36.333846728006996,
        46.28515434265137,
        38.65462430318197
    ],
    "test_loss_history": [
        606.0831298828125,
        512.9681396484375,
        357.7910461425781,
        95.12911987304688,
        11.52329158782959,
        54.807987213134766,
        91.65483856201172,
        9.11477279663086,
        36.99439239501953,
        20.636030197143555,
        58.12565994262695,
        35.38995361328125,
        24.349275588989258,
        21.899616241455078,
        49.5772819519043,
        29.775970458984375,
        30.5183162689209,
        42.43455123901367,
        51.03914260864258,
        25.710309982299805,
        17.053112030029297,
        14.463081359863281,
        12.043636322021484,
        9.790213584899902,
        10.172344207763672,
        8.10851764678955,
        11.995017051696777,
        13.503556251525879,
        11.218293190002441,
        15.564621925354004,
        14.655919075012207,
        16.512542724609375,
        13.630487442016602,
        12.517720222473145,
        9.412561416625977,
        5.429818630218506,
        5.665930271148682,
        6.4850640296936035,
        13.744555473327637,
        20.843250274658203,
        20.40959930419922,
        13.459521293640137,
        13.293935775756836,
        13.112998008728027,
        13.229451179504395,
        11.941755294799805,
        9.391118049621582,
        7.21648645401001,
        6.707729816436768,
        7.72330379486084,
        8.033544540405273,
        8.76535415649414,
        8.631758689880371,
        8.891178131103516,
        8.436990737915039
    ]
}