{
    "num_conv_blocks": 2,
    "initial_channels": 64,
    "dropout_rate": 0.33,
    "learning_rate": 0.001,
    "best_test_r2": 0.5689645409584045,
    "best_test_loss": 15.98440933227539,
    "final_train_r2": 0.2475387454032898,
    "train_r2_history": [
        -1.988234519958496,
        -0.10782945156097412,
        -0.18890559673309326,
        -0.141510009765625,
        -0.3576512336730957,
        0.10043811798095703,
        -0.27105438709259033,
        -0.29916393756866455,
        0.09133154153823853,
        0.24240994453430176,
        0.018317818641662598,
        -0.06160438060760498,
        -0.23999059200286865,
        -0.29364001750946045,
        -0.0427701473236084,
        0.24450266361236572,
        0.05315673351287842,
        0.13962674140930176,
        0.3669421076774597,
        0.2737659811973572,
        0.4852176904678345,
        0.3590225577354431,
        0.31427353620529175,
        -0.09730195999145508,
        0.36134546995162964,
        -0.0020612478256225586,
        0.27881568670272827,
        0.03418910503387451,
        0.3533041477203369,
        0.2564747929573059,
        0.28467363119125366,
        -0.0814436674118042,
        0.2933570146560669,
        0.44661903381347656,
        -0.020935654640197754,
        0.39743560552597046,
        0.3036808967590332,
        0.5543687343597412,
        0.24063462018966675,
        0.33373528718948364,
        0.3006160855293274,
        0.43485766649246216,
        0.41366147994995117,
        0.1876896619796753,
        0.3637238144874573,
        0.2475387454032898
    ],
    "test_r2_history": [
        -3.9072771072387695,
        -0.8396376371383667,
        -0.5894933938980103,
        -0.7238661050796509,
        -0.023803114891052246,
        -0.29608237743377686,
        -0.11029922962188721,
        -0.06890547275543213,
        0.13762640953063965,
        0.30635106563568115,
        0.26185858249664307,
        0.22795158624649048,
        -0.7047829627990723,
        0.16642075777053833,
        0.25869220495224,
        0.20426654815673828,
        0.4019708037376404,
        0.48207080364227295,
        0.43245601654052734,
        0.4832138419151306,
        0.5253317356109619,
        0.4275195002555847,
        0.3469458818435669,
        0.47861093282699585,
        0.4357004761695862,
        0.5048866271972656,
        0.5689645409584045,
        0.5453274846076965,
        0.3622760772705078,
        0.4591408371925354,
        0.38408511877059937,
        0.4190986156463623,
        0.5493537187576294,
        0.3425385355949402,
        0.3012414574623108,
        0.34901851415634155,
        0.3701130747795105,
        0.2995982766151428,
        0.3442668318748474,
        0.31576216220855713,
        0.3738793134689331,
        0.4031844139099121,
        0.4573126435279846,
        0.5023772716522217,
        0.45546019077301025,
        0.41500139236450195
    ],
    "train_loss_history": [
        227.38430563608804,
        86.54217020670573,
        95.7498950958252,
        92.90053621927898,
        102.87139066060384,
        72.32509835561116,
        96.70170593261719,
        105.72502899169922,
        67.71870271364848,
        61.21564865112305,
        73.16867844263713,
        94.92141437530518,
        97.49298350016277,
        110.65915298461914,
        81.91932932535808,
        59.11039638519287,
        76.92579778035481,
        70.16578801472981,
        46.94117205341657,
        59.61923408508301,
        42.69757239023844,
        51.856124560038246,
        55.04978243509928,
        81.44090270996094,
        49.417755762736,
        74.74769914150238,
        55.21538130442301,
        72.13385597864787,
        48.7491679986318,
        60.56938648223877,
        55.932117780049644,
        84.73376814524333,
        62.225529511769615,
        44.23871739705404,
        79.472580909729,
        51.45513788859049,
        56.51900100708008,
        44.328413009643555,
        58.59473021825155,
        50.912630558013916,
        53.90422821044922,
        45.27411142985026,
        44.84617296854655,
        66.9649845759074,
        47.545284708340965,
        57.70358753204346
    ],
    "test_loss_history": [
        181.98019409179688,
        68.22064971923828,
        58.94437026977539,
        63.927406311035156,
        37.96644973754883,
        48.0635871887207,
        41.174049377441406,
        39.639015197753906,
        31.980037689208984,
        25.723100662231445,
        27.373044967651367,
        28.630441665649414,
        63.219730377197266,
        30.912235260009766,
        27.490467071533203,
        29.508777618408203,
        22.177162170410156,
        19.20675277709961,
        21.046653747558594,
        19.164365768432617,
        17.602476119995117,
        21.229719161987305,
        24.217689514160156,
        19.335058212280273,
        20.92633819580078,
        18.36065673828125,
        15.98440933227539,
        16.860960006713867,
        23.649192810058594,
        20.057079315185547,
        22.840429306030273,
        21.5419979095459,
        16.71164894104004,
        24.38113021850586,
        25.912580490112305,
        24.140830993652344,
        23.35856056213379,
        25.9735164642334,
        24.317039489746094,
        25.37409782409668,
        23.21889877319336,
        22.132152557373047,
        20.1248779296875,
        18.453712463378906,
        20.193571090698242,
        21.69393539428711
    ]
}