{
    "num_conv_blocks": 2,
    "initial_channels": 64,
    "dropout_rate": 0.33,
    "learning_rate": 0.0001,
    "best_test_r2": 0.6645340919494629,
    "best_test_loss": 1.1896915435791016,
    "final_train_r2": -8.04540729522705,
    "train_r2_history": [
        -196.4168701171875,
        -109.8106689453125,
        -42.307430267333984,
        -21.013452529907227,
        -22.093875885009766,
        -20.91950225830078,
        -13.427509307861328,
        -15.944076538085938,
        -14.098280906677246,
        -11.054573059082031,
        -10.092509269714355,
        -12.8797607421875,
        -15.35689926147461,
        -14.754643440246582,
        -11.037335395812988,
        -10.597277641296387,
        -14.406063079833984,
        -10.83862018585205,
        -11.073834419250488,
        -13.7096529006958,
        -7.771471977233887,
        -7.565943717956543,
        -10.693331718444824,
        -13.120075225830078,
        -8.973077774047852,
        -9.07563591003418,
        -10.892694473266602,
        -14.450345993041992,
        -12.956552505493164,
        -9.35116958618164,
        -9.257148742675781,
        -11.311295509338379,
        -10.35975456237793,
        -10.424965858459473,
        -7.745031356811523,
        -6.329161167144775,
        -12.618260383605957,
        -11.41384220123291,
        -8.75117015838623,
        -9.176640510559082,
        -12.78088665008545,
        -9.936467170715332,
        -10.009727478027344,
        -7.0450029373168945,
        -9.276995658874512,
        -9.538472175598145,
        -7.8105926513671875,
        -11.090707778930664,
        -8.002908706665039,
        -8.165621757507324,
        -7.17764949798584,
        -10.02072525024414,
        -8.590092658996582,
        -8.25136947631836,
        -6.67577600479126,
        -8.75865650177002,
        -8.04540729522705
    ],
    "test_r2_history": [
        -228.3804168701172,
        -196.03179931640625,
        -145.48919677734375,
        -102.17584991455078,
        -79.5354995727539,
        -60.48202896118164,
        -37.98178482055664,
        -24.790178298950195,
        -11.731985092163086,
        -5.633431911468506,
        -3.906733512878418,
        -6.121372222900391,
        -7.355774879455566,
        -5.216405868530273,
        -5.5652899742126465,
        -1.2302780151367188,
        -0.1445714235305786,
        -0.346590518951416,
        -1.3541910648345947,
        -0.7985430955886841,
        -0.06144058704376221,
        -0.9828784465789795,
        -0.2159442901611328,
        -0.15970683097839355,
        -1.9706568717956543,
        -1.9660801887512207,
        -0.0876927375793457,
        0.39462655782699585,
        0.1759777069091797,
        -0.4691731929779053,
        -0.7575128078460693,
        -0.8075361251831055,
        -0.4553180932998657,
        0.4973800778388977,
        0.49415963888168335,
        0.3116985559463501,
        0.35950756072998047,
        0.6645340919494629,
        0.6055901050567627,
        0.5538709163665771,
        0.6000800132751465,
        0.40536266565322876,
        0.2222331166267395,
        -0.5169236660003662,
        -0.7500016689300537,
        -0.3840547800064087,
        -0.282795786857605,
        0.03965955972671509,
        0.2541571855545044,
        0.394728422164917,
        0.34672051668167114,
        0.4308556914329529,
        0.4906109571456909,
        0.5092480182647705,
        0.5900590419769287,
        0.5695332288742065,
        0.5946958065032959
    ],
    "train_loss_history": [
        735.5401458740234,
        402.0391082763672,
        160.06450907389322,
        111.98969968159993,
        94.75798002878825,
        84.85215822855632,
        52.44658883412679,
        69.14307117462158,
        58.14253679911295,
        41.862019062042236,
        49.46964581807455,
        59.55200354258219,
        55.80409953991572,
        77.7086353302002,
        64.69784482320149,
        41.68003797531128,
        59.15753364562988,
        44.266642252604164,
        42.23602708180746,
        66.51973565419515,
        30.21870454152425,
        42.258478005727135,
        43.91704495747884,
        65.75765164693196,
        48.45818901062012,
        42.46223417917887,
        41.04634873072306,
        55.51728312174479,
        47.600846568743385,
        35.744650522867836,
        38.136353174845375,
        42.39060227076212,
        56.59351889292399,
        44.46291923522949,
        30.572585900624592,
        26.23182964324951,
        51.243231455485024,
        44.670979817708336,
        39.724687258402504,
        48.652652422587074,
        53.79259490966797,
        38.083242654800415,
        37.66757369041443,
        31.188310464223225,
        40.40371513366699,
        47.399231592814125,
        30.07240265607834,
        43.26033306121826,
        37.126078287760414,
        31.901930967966717,
        30.41775417327881,
        40.15770753224691,
        36.879526138305664,
        36.029276847839355,
        29.86531114578247,
        41.96669546763102,
        34.13937441507975
    ],
    "test_loss_history": [
        813.4717407226562,
        698.7510375976562,
        519.50732421875,
        365.9014892578125,
        285.61004638671875,
        218.03904724121094,
        138.2445068359375,
        91.46195220947266,
        45.15254211425781,
        23.52471160888672,
        17.40117645263672,
        25.255136489868164,
        29.6328067779541,
        22.0457820892334,
        23.28306007385254,
        7.909429550170898,
        4.059092998504639,
        4.775530815124512,
        8.348873138427734,
        6.378329753875732,
        3.7642791271209717,
        7.032053470611572,
        4.312209129333496,
        4.11276912689209,
        10.535099983215332,
        10.518869400024414,
        3.85737943649292,
        2.146888494491577,
        2.922301769256592,
        5.210256576538086,
        6.232820510864258,
        6.410223007202148,
        5.161121368408203,
        1.7824846506118774,
        1.7939057350158691,
        2.4409828186035156,
        2.2714338302612305,
        1.1896915435791016,
        1.3987300395965576,
        1.582146406173706,
        1.4182709455490112,
        2.108814001083374,
        2.7582621574401855,
        5.3795976638793945,
        6.206182479858398,
        4.908393859863281,
        4.549289703369141,
        3.405738592147827,
        2.6450469493865967,
        2.1465272903442383,
        2.316781520843506,
        2.0184059143066406,
        1.8064905405044556,
        1.74039626121521,
        1.4538092613220215,
        1.5266016721725464,
        1.4373652935028076
    ]
}