{
    "num_conv_blocks": 3,
    "initial_channels": 16,
    "dropout_rate": 0.33,
    "learning_rate": 0.0001,
    "best_test_r2": -0.1646956205368042,
    "best_test_loss": 4.585687160491943,
    "final_train_r2": -0.19010162353515625,
    "train_r2_history": [
        -2.9345412254333496,
        -1.656388759613037,
        -0.543604850769043,
        -0.5841023921966553,
        -0.05350148677825928,
        -0.4838576316833496,
        -0.2558257579803467,
        -0.20650827884674072,
        -0.11588501930236816,
        -0.42654716968536377,
        -0.2882941961288452,
        -0.3352539539337158,
        -0.12496280670166016,
        -0.15694260597229004,
        -0.32597923278808594,
        0.04217642545700073,
        0.130121648311615,
        -0.1366499662399292,
        -0.1957404613494873,
        0.0003020763397216797,
        -0.02970445156097412,
        -0.20241403579711914,
        0.11194044351577759,
        0.1497178077697754,
        0.11856871843338013,
        0.11233460903167725,
        -0.07815909385681152,
        -0.1238776445388794,
        -0.16827309131622314,
        -0.21059870719909668,
        -0.07284653186798096,
        -0.08511900901794434,
        -0.006383538246154785,
        -0.14266729354858398,
        0.021090328693389893,
        -0.19010162353515625
    ],
    "test_r2_history": [
        -1.6174211502075195,
        -1.4844534397125244,
        -1.219498634338379,
        -0.9172484874725342,
        -0.6689298152923584,
        -0.5464251041412354,
        -0.5023080110549927,
        -0.48354506492614746,
        -0.426477313041687,
        -0.35981523990631104,
        -0.34593355655670166,
        -0.354214072227478,
        -0.24301886558532715,
        -0.18177223205566406,
        -0.1910407543182373,
        -0.169822096824646,
        -0.1646956205368042,
        -0.17323291301727295,
        -0.1753455400466919,
        -0.20820724964141846,
        -0.1985238790512085,
        -0.22857534885406494,
        -0.25177204608917236,
        -0.25544512271881104,
        -0.2386493682861328,
        -0.23477578163146973,
        -0.24366962909698486,
        -0.2506920099258423,
        -0.2542518377304077,
        -0.22707808017730713,
        -0.22860777378082275,
        -0.24377381801605225,
        -0.25210511684417725,
        -0.262536883354187,
        -0.2662820816040039,
        -0.27406740188598633
    ],
    "train_loss_history": [
        5.918511708577474,
        3.9012180070082345,
        2.2284394428133965,
        2.287068118651708,
        1.5681483745574951,
        2.1308025078227124,
        2.356047431627909,
        1.7421682539085548,
        1.6871823867162068,
        2.064253864188989,
        2.3387890060742698,
        1.9252656077345212,
        1.6929775476455688,
        1.6737652209897835,
        1.9460585961739223,
        1.4341242462396622,
        1.3185600837071736,
        1.7679186463356018,
        1.9657620092233021,
        1.4356197367111843,
        1.6130375216404598,
        1.7484029953678448,
        1.3319953282674153,
        1.265801191329956,
        1.3466493089993794,
        1.3419273296991985,
        1.618906592329343,
        1.921918898820877,
        1.7390588919321697,
        1.7415409330278635,
        1.6653409103552501,
        1.6651111741860707,
        1.474981074531873,
        2.031952609618505,
        1.467971295118332,
        1.8476443886756897
    ],
    "test_loss_history": [
        10.30541706085205,
        9.781890869140625,
        8.738699913024902,
        7.548668384552002,
        6.57097864151001,
        6.088647842407227,
        5.9149489402771,
        5.841074466705322,
        5.616384506225586,
        5.3539204597473145,
        5.299264907836914,
        5.331867218017578,
        4.894064426422119,
        4.652921676635742,
        4.6894145011901855,
        4.605870723724365,
        4.585687160491943,
        4.619300365447998,
        4.627618312835693,
        4.757002830505371,
        4.718876838684082,
        4.837197303771973,
        4.92852783203125,
        4.942989349365234,
        4.876860618591309,
        4.86160945892334,
        4.896626949310303,
        4.924275875091553,
        4.938291072845459,
        4.831302642822266,
        4.837324619293213,
        4.897036552429199,
        4.929839134216309,
        4.970911026000977,
        4.985658168792725,
        5.016310214996338
    ]
}