{
    "num_conv_blocks": 2,
    "initial_channels": 64,
    "dropout_rate": 0.33,
    "learning_rate": 0.001,
    "best_test_r2": 0.8036612272262573,
    "best_test_loss": 8.523408889770508,
    "final_train_r2": 0.6502857208251953,
    "train_r2_history": [
        -0.7593622207641602,
        -0.29809844493865967,
        -0.5126843452453613,
        -0.2608991861343384,
        -0.6164611577987671,
        -0.2562488317489624,
        -0.059697747230529785,
        0.1667717695236206,
        -0.2979651689529419,
        -0.32449281215667725,
        -0.28490960597991943,
        0.027777016162872314,
        -0.15584337711334229,
        0.04807513952255249,
        0.0014415383338928223,
        -0.10500121116638184,
        0.16682106256484985,
        -0.3579784631729126,
        0.046878159046173096,
        0.24503320455551147,
        0.3162493109703064,
        0.0750322937965393,
        0.10196828842163086,
        0.11732983589172363,
        0.2534337639808655,
        -0.03045976161956787,
        0.267169713973999,
        0.38037246465682983,
        0.16233128309249878,
        -0.0560680627822876,
        0.36205387115478516,
        0.237093985080719,
        0.3803994655609131,
        0.3859822154045105,
        0.30676376819610596,
        0.5042129755020142,
        0.5054305791854858,
        0.3754856586456299,
        0.2428329586982727,
        0.4445788860321045,
        0.37197214365005493,
        0.630635142326355,
        0.4994773864746094,
        0.514297366142273,
        0.4969903826713562,
        0.5192251205444336,
        0.6573927402496338,
        0.6678013801574707,
        0.523373007774353,
        0.6749931573867798,
        0.736891508102417,
        0.560019850730896,
        0.5804635286331177,
        0.5134693384170532,
        0.5499752759933472,
        0.5878785848617554,
        0.8197414875030518,
        0.7351006269454956,
        0.6259698867797852,
        0.47243523597717285,
        0.4710731506347656,
        0.5931960344314575,
        0.6767446994781494,
        0.6904538869857788,
        0.4436514377593994,
        0.6469894647598267,
        0.517493486404419,
        0.6587151288986206,
        0.5727038383483887,
        0.6502857208251953
    ],
    "test_r2_history": [
        -0.32266008853912354,
        -0.14934587478637695,
        -0.2999916076660156,
        -0.04677224159240723,
        -0.05186629295349121,
        0.11205339431762695,
        0.12262195348739624,
        0.1602938175201416,
        0.2175978422164917,
        0.14835482835769653,
        0.016598641872406006,
        0.042213261127471924,
        0.1357365846633911,
        0.1419045329093933,
        0.21251821517944336,
        0.20088279247283936,
        0.2868307828903198,
        0.26633280515670776,
        0.14520567655563354,
        0.21896207332611084,
        0.29608476161956787,
        0.45583420991897583,
        0.5022245645523071,
        0.4884026050567627,
        0.4679490327835083,
        0.4069671630859375,
        0.32501494884490967,
        0.322995126247406,
        0.3062119483947754,
        0.34982335567474365,
        0.41648566722869873,
        0.4350985884666443,
        0.4443473815917969,
        0.4833853840827942,
        0.5630844831466675,
        0.48819947242736816,
        0.4980476498603821,
        0.4839370846748352,
        0.4106943607330322,
        0.5102627277374268,
        0.43178170919418335,
        0.3634035587310791,
        0.398293673992157,
        0.5185055732727051,
        0.603823184967041,
        0.6030510663986206,
        0.6217849850654602,
        0.7056229114532471,
        0.7126162648200989,
        0.7610868215560913,
        0.8036612272262573,
        0.6963164806365967,
        0.6293087601661682,
        0.6243829727172852,
        0.6140123605728149,
        0.5912654399871826,
        0.607258677482605,
        0.6363381147384644,
        0.6362557411193848,
        0.6835214495658875,
        0.7194701433181763,
        0.7074650526046753,
        0.6729978322982788,
        0.6724357604980469,
        0.6701946258544922,
        0.6576709747314453,
        0.6558976173400879,
        0.6463406085968018,
        0.6410447955131531,
        0.6502445936203003
    ],
    "train_loss_history": [
        99.0172328154246,
        72.53287665049235,
        77.17398309707642,
        74.95040480295818,
        90.89910316467285,
        68.71640539169312,
        65.68825419743855,
        41.63826767603556,
        56.427342096964516,
        62.569579124450684,
        63.04082489013672,
        45.74514309565226,
        49.872717221577965,
        46.33578681945801,
        46.489685455958046,
        53.514416535695396,
        35.910635550816856,
        68.28092797597249,
        59.80534998575846,
        39.79528021812439,
        34.0470240910848,
        45.175176779429115,
        40.203450202941895,
        32.4977134068807,
        35.97642548878988,
        36.62452491124471,
        28.190104643503826,
        27.904575268427532,
        43.9490753809611,
        53.87401803334554,
        21.793243164817493,
        32.331061681111656,
        30.508828004201252,
        24.99009935061137,
        34.215715527534485,
        18.614403168360393,
        19.09744664033254,
        25.04335927963257,
        35.00538684924444,
        23.757519086201984,
        39.263612270355225,
        14.294032653172811,
        24.440714875857037,
        19.270829916000366,
        20.067678292592365,
        16.42091304808855,
        16.180650631586712,
        11.40585787097613,
        23.027120272318523,
        18.128609498341877,
        11.640503605206808,
        16.996508916219074,
        17.98800919453303,
        20.542240381240845,
        23.02770773569743,
        22.125808268785477,
        6.408791522185008,
        10.5474693775177,
        15.713874022165934,
        36.70409798622131,
        26.691251516342163,
        20.491930802663166,
        11.139236589272818,
        10.859232187271118,
        28.110853731632233,
        12.203640580177307,
        20.74537229537964,
        12.732598702112833,
        15.795802195866903,
        13.059668441613516
    ],