{
    "num_conv_blocks": 3,
    "initial_channels": 16,
    "dropout_rate": 0.33,
    "learning_rate": 0.0001,
    "best_test_r2": 0.2020668387413025,
    "best_test_loss": 29.590347290039062,
    "final_train_r2": 0.34975743293762207,
    "train_r2_history": [
        -2.698352575302124,
        -2.335235834121704,
        -1.872154951095581,
        -1.3010132312774658,
        -0.8006730079650879,
        -0.3604309558868408,
        -0.23426270484924316,
        -0.07209920883178711,
        -0.14148592948913574,
        0.11239790916442871,
        -0.00892496109008789,
        0.12321817874908447,
        -0.009225726127624512,
        0.10184335708618164,
        0.17014861106872559,
        0.3003731369972229,
        -0.019153475761413574,
        -0.0571826696395874,
        0.0776442289352417,
        -0.14435863494873047,
        0.08252918720245361,
        0.1326136589050293,
        0.08016353845596313,
        0.2814439535140991,
        0.2773973345756531,
        -0.06870317459106445,
        0.06046849489212036,
        0.24617904424667358,
        0.0906301736831665,
        -0.05083143711090088,
        0.30011481046676636,
        0.26076990365982056,
        -0.21426677703857422,
        0.21141010522842407,
        0.4036993980407715,
        0.17883241176605225,
        0.13576281070709229,
        0.08678257465362549,
        0.16297245025634766,
        0.11135375499725342,
        0.06669032573699951,
        0.14873933792114258,
        0.319896936416626,
        0.20946741104125977,
        0.3396323323249817,
        0.2640494704246521,
        0.19588911533355713,
        0.4307364821434021,
        0.39196348190307617,
        0.04620981216430664,
        0.0762208104133606,
        0.17575210332870483,
        0.4101428985595703,
        -0.04139125347137451,
        0.12526392936706543,
        0.21504288911819458,
        0.34975743293762207
    ],
    "test_r2_history": [
        -4.691227912902832,
        -4.543649673461914,
        -4.296006202697754,
        -3.988114356994629,
        -3.6298704147338867,
        -3.1671199798583984,
        -2.5714142322540283,
        -2.103454351425171,
        -1.5867605209350586,
        -1.165405035018921,
        -0.7562606334686279,
        -0.48526060581207275,
        -0.47650086879730225,
        -0.40172505378723145,
        -0.3506566286087036,
        -0.1653904914855957,
        -0.1994541883468628,
        -0.1859346628189087,
        -0.17677509784698486,
        -0.12573981285095215,
        -0.04388535022735596,
        0.012636780738830566,
        0.041365981101989746,
        0.01159977912902832,
        -0.046286940574645996,
        -0.15461456775665283,
        -0.14837920665740967,
        -0.08138048648834229,
        -0.08755314350128174,
        -0.0812610387802124,
        -0.0342106819152832,
        -0.053789734840393066,
        0.004018664360046387,
        0.07887417078018188,
        0.11204630136489868,
        0.13552910089492798,
        0.1996992826461792,
        0.2020668387413025,
        0.06928443908691406,
        0.06027144193649292,
        0.05405604839324951,
        0.17263871431350708,
        0.1613863706588745,
        0.10310971736907959,
        0.14493435621261597,
        0.17812597751617432,
        0.11947685480117798,
        0.17210471630096436,
        0.14509397745132446,
        0.14655697345733643,
        0.14557957649230957,
        0.13933521509170532,
        0.17015540599822998,
        0.12055408954620361,
        0.12294673919677734,
        0.10146510601043701,
        0.12919330596923828
    ],
    "train_loss_history": [
        293.7980422973633,
        260.97709401448566,
        221.35885874430338,
        178.81583086649576,
        134.09388534228006,
        101.89484755198161,
        93.02016703287761,
        85.16371599833171,
        95.7947785059611,
        67.69589281082153,
        78.729248046875,
        65.72457615534465,
        82.7043685913086,
        69.36869653065999,
        65.7102476755778,
        57.538825035095215,
        80.73912874857585,
        80.40154155095418,
        71.56707413991292,
        87.27361551920573,
        68.61307541529338,
        71.62942425409953,
        71.66417566935222,
        54.335222244262695,
        66.9643718401591,
        84.68785361448924,
        70.36368799209595,
        59.64708503087362,
        68.78353818257649,
        81.74184354146321,
        58.740684509277344,
        61.33961423238119,
        92.3560209274292,
        59.470295667648315,
        46.11870336532593,
        62.215068340301514,
        66.78302001953125,
        70.1778081258138,
        65.40412028630574,
        67.06223265329997,
        70.43317826588948,
        64.03696815172832,
        54.09028402964274,
        60.5604190826416,
        52.556487719217934,
        56.38423252105713,
        63.90551567077637,
        43.39436801274618,
        49.37778854370117,
        75.37079922358195,
        70.55886205037434,
        62.410204569498696,
        49.66072050730387,
        82.05180136362712,
        68.03460280100505,
        63.60504150390625,
        50.57109069824219
    ],
    "test_loss_history": [
        211.05201721191406,
        205.57928466796875,
        196.39572143554688,
        184.9779510498047,
        171.69293212890625,
        154.53240966796875,
        132.44140625,
        115.08773040771484,
        95.92676544189453,
        80.30132293701172,
        65.12871551513672,
        55.07902526855469,
        54.75418472290039,
        51.9812126159668,
        50.087398529052734,
        43.217037200927734,
        44.48025131225586,
        43.97889709472656,
        43.63922882080078,
        41.746639251708984,
        38.71117401123047,
        36.6151237487793,
        35.54973602294922,
        36.6535758972168,
        38.80023193359375,
        42.81742858886719,
        42.58619689941406,
        40.10163116455078,
        40.330543518066406,
        40.097206115722656,
        38.35239791870117,
        39.078468322753906,
        36.93471908569336,
        34.15879440307617,
        32.92864227294922,
        32.05781555175781,
        29.67814826965332,
        29.590347290039062,
        34.5144157409668,
        34.848655700683594,
        35.07914352416992,
        30.681650161743164,
        31.098926544189453,
        33.26005172729492,
        31.709033966064453,
        30.478160858154297,
        32.65309524536133,
        30.70145606994629,
        31.70311164855957,
        31.648860931396484,
        31.685108184814453,
        31.916667938232422,
        30.773738861083984,
        32.6131477355957,
        32.5244140625,
        33.3210334777832,
        32.29276657104492
    ]
}