{
    "num_conv_blocks": 2,
    "initial_channels": 16,
    "dropout_rate": 0.33,
    "learning_rate": 0.001,
    "best_test_r2": 0.6243224143981934,
    "best_test_loss": 16.308818817138672,
    "final_train_r2": 0.3266671299934387,
    "train_r2_history": [
        -0.2866588830947876,
        -0.22859585285186768,
        0.0365869402885437,
        -0.0007884502410888672,
        -0.2301335334777832,
        -0.3757215738296509,
        0.14125317335128784,
        -0.1164780855178833,
        -0.09760212898254395,
        -0.2552441358566284,
        -0.19550812244415283,
        -0.035430073738098145,
        -0.01786327362060547,
        -0.06275284290313721,
        0.23865246772766113,
        0.2087278962135315,
        -0.016744613647460938,
        0.015115320682525635,
        0.10517656803131104,
        -0.08841860294342041,
        -0.033147573471069336,
        0.13663631677627563,
        -0.2306382656097412,
        -0.1164546012878418,
        0.17816483974456787,
        0.09157192707061768,
        0.03572726249694824,
        0.23047077655792236,
        0.10169637203216553,
        0.2717437148094177,
        0.270687997341156,
        0.16969144344329834,
        0.07494997978210449,
        -0.06488966941833496,
        0.3775249123573303,
        0.28470367193222046,
        0.1992524266242981,
        0.2449236512184143,
        0.2663917541503906,
        0.1463261842727661,
        0.33415818214416504,
        0.0441325306892395,
        0.25230610370635986,
        0.3105056881904602,
        -0.04416179656982422,
        0.36639028787612915,
        0.3234279155731201,
        0.4823768734931946,
        0.4261366128921509,
        0.19164609909057617,
        0.4228232502937317,
        -0.15040385723114014,
        0.20894479751586914,
        0.3951326608657837,
        0.36269688606262207,
        0.3315929174423218,
        0.4729307293891907,
        0.3294614553451538,
        0.4031223654747009,
        0.2756195068359375,
        0.38378381729125977,
        0.5817136764526367,
        0.24819302558898926,
        0.5843697786331177,
        0.4165821075439453,
        0.34460288286209106,
        0.30688971281051636,
        0.4501497149467468,
        0.3266671299934387
    ],
    "test_r2_history": [
        -0.3712195158004761,
        -0.26183950901031494,
        -0.20075535774230957,
        -0.10287761688232422,
        -0.009667396545410156,
        0.06596970558166504,
        0.06973719596862793,
        0.18933361768722534,
        0.23405003547668457,
        0.008550643920898438,
        0.07095062732696533,
        0.15035110712051392,
        0.2559739947319031,
        0.15110260248184204,
        0.1446141004562378,
        0.3907385468482971,
        0.36896127462387085,
        0.17836230993270874,
        0.21630793809890747,
        0.17242729663848877,
        0.16570597887039185,
        0.08818739652633667,
        0.08618062734603882,
        0.1680316925048828,
        0.19889765977859497,
        0.21691852807998657,
        0.5462088584899902,
        0.5002473592758179,
        0.5736818313598633,
        0.2955443859100342,
        0.22085899114608765,
        0.2776085138320923,
        0.3678382635116577,
        0.3704693913459778,
        0.41925132274627686,
        0.5152724385261536,
        0.5294482111930847,
        0.5167900323867798,
        0.44187110662460327,
        0.4867570400238037,
        0.4881172180175781,
        0.5328129529953003,
        0.5978453159332275,
        0.6022400856018066,
        0.6007628440856934,
        0.5497936010360718,
        0.5239828824996948,
        0.5713704824447632,
        0.6120181679725647,
        0.6243224143981934,
        0.6041867733001709,
        0.5738123655319214,
        0.5979084372520447,
        0.6234453916549683,
        0.6157462000846863,
        0.6158087849617004,
        0.5902409553527832,
        0.59055495262146,
        0.592331051826477,
        0.5876818895339966,
        0.6070727109909058,
        0.5996304750442505,
        0.585310697555542,
        0.5797227621078491,
        0.5686575770378113,
        0.5890229940414429,
        0.5651831030845642,
        0.5677258372306824,
        0.5757567882537842
    ],
    "train_loss_history": [
        75.68739402294159,
        74.83554331461589,
        58.980505069096886,
        62.33978343009949,
        59.501667976379395,
        73.14873345692952,
        52.427521308263145,
        59.17418483893076,
        58.800193786621094,
        68.5782642364502,
        68.63513072331746,
        54.94218111038208,
        55.53105386098226,
        55.03429126739502,
        43.0337298711141,
        35.80685965220133,
        54.53051026662191,
        41.56299686431885,
        49.11677598953247,
        58.08340438206991,
        62.03546857833862,
        44.95495446523031,
        57.227746645609535,
        55.03960418701172,
        50.24459218978882,
        51.95107094446818,
        45.2799269358317,
        43.58896573384603,
        38.812961419423424,
        36.28020064036051,
        35.633971770604454,
        35.72458998362223,
        38.206760247548424,
        59.45914618174235,
        34.25412392616272,
        42.2679029305776,
        40.17772150039673,
        34.75026432673136,
        33.09445873896281,
        34.481502532958984,
        39.16090226173401,
        45.323093255360924,
        28.547381003697712,
        33.92432435353597,
        47.14538828531901,
        26.851547241210938,
        32.13443454106649,
        28.761390765508015,
        30.716266473134358,
        41.17569398880005,
        37.88393704096476,
        58.96659851074219,
        38.95817422866821,
        33.103537718454994,
        21.828588197628658,
        28.44914197921753,
        27.080766042073567,
        34.456226189931236,
        37.67186053593954,
        41.581836223602295,
        26.874446709950764,
        23.211159388224285,
        47.40165853500366,
        14.21671820183595,
        23.08124001820882,
        28.434767643610638,
        32.68460130691528,
        31.84174942970276,
        23.309403618176777
    ],