{
    "num_conv_blocks": 4,
    "initial_channels": 64,
    "dropout_rate": 0.33,
    "learning_rate": 0.0001,
    "best_test_r2": 0.4283558130264282,
    "best_test_loss": 21.198705673217773,
    "final_train_r2": 0.6162388324737549,
    "train_r2_history": [
        -2.545832633972168,
        -1.6022157669067383,
        -0.7158983945846558,
        -0.07988107204437256,
        0.017475783824920654,
        0.16162705421447754,
        0.3045341968536377,
        -0.04033350944519043,
        0.09310758113861084,
        0.2611720561981201,
        0.44744545221328735,
        0.4170193672180176,
        0.17958194017410278,
        -0.005294084548950195,
        0.09599339962005615,
        0.26657432317733765,
        0.1391095519065857,
        0.3308139443397522,
        0.1265144944190979,
        0.42035973072052,
        0.3531765937805176,
        0.21338224411010742,
        0.4453592896461487,
        0.3100752830505371,
        0.4502755403518677,
        0.22438400983810425,
        0.3651767373085022,
        0.4477998614311218,
        0.4274062514305115,
        0.2506003975868225,
        0.26769232749938965,
        0.3756182789802551,
        0.24954718351364136,
        0.44825565814971924,
        0.4203903079032898,
        0.326229989528656,
        0.32171159982681274,
        0.5308014750480652,
        0.2640911340713501,
        0.3932687044143677,
        0.5215283632278442,
        0.507889449596405,
        0.20692074298858643,
        0.42682260274887085,
        0.42246013879776,
        0.4126672148704529,
        0.4971034526824951,
        0.39711993932724,
        0.34594976902008057,
        0.39200323820114136,
        0.4609503149986267,
        0.6162388324737549
    ],
    "test_r2_history": [
        -4.6566691398620605,
        -4.291916370391846,
        -3.7294716835021973,
        -2.9874091148376465,
        -1.6392860412597656,
        -0.37025439739227295,
        -0.13780808448791504,
        -0.37714672088623047,
        -0.2905707359313965,
        -0.11788773536682129,
        0.1317756175994873,
        0.4083877205848694,
        0.19668364524841309,
        0.029009699821472168,
        0.14648300409317017,
        0.22910988330841064,
        0.31316572427749634,
        -0.34958183765411377,
        -0.09483730792999268,
        -0.0612940788269043,
        0.24781394004821777,
        0.3252642750740051,
        -0.01347661018371582,
        -0.11084246635437012,
        0.11301010847091675,
        0.2564479112625122,
        0.3386337161064148,
        0.3962984085083008,
        0.4133303761482239,
        0.3984713554382324,
        0.4082322120666504,
        0.4234580397605896,
        0.4283558130264282,
        0.384914755821228,
        0.21890342235565186,
        0.2355450987815857,
        0.2410079836845398,
        0.216058611869812,
        0.2556384801864624,
        0.2653042674064636,
        0.403234601020813,
        0.29870378971099854,
        0.2923475503921509,
        0.19896674156188965,
        0.13728821277618408,
        0.20519644021987915,
        0.1858839988708496,
        0.17368322610855103,
        0.28631269931793213,
        0.2510192394256592,
        0.23007816076278687,
        0.3594483733177185
    ],
    "train_loss_history": [
        280.4118957519531,
        197.34393056233725,
        128.38351996739706,
        82.7547394434611,
        88.81307856241862,
        71.75965976715088,
        53.89716720581055,
        84.10935751597087,
        72.40973726908366,
        55.59607442220052,
        43.07515335083008,
        48.050595919291176,
        65.24906158447266,
        81.78705755869548,
        70.61810493469238,
        60.05150540669759,
        71.79932975769043,
        52.70277500152588,
        66.97263399759929,
        45.97289419174194,
        51.465606689453125,
        61.70365524291992,
        41.838420708974205,
        54.06865215301514,
        41.9399299621582,
        58.692599614461265,
        50.49172910054525,
        42.21764580408732,
        49.89722506205241,
        57.66017278035482,
        56.48537349700928,
        48.448614756266274,
        58.77283000946045,
        41.75136057535807,
        52.53923543294271,
        52.43951288859049,
        53.87669277191162,
        36.59768009185791,
        56.93606758117676,
        49.42433865865072,
        39.35256767272949,
        38.90639543533325,
        62.20066897074381,
        44.96475569407145,
        45.52384901046753,
        44.71344757080078,
        40.87436056137085,
        45.35669310887655,
        48.92088723182678,
        46.6899995803833,
        42.78574911753336,
        30.202810923258465
    ],
    "test_loss_history": [
        209.77044677734375,
        196.24407958984375,
        175.38650512695312,
        147.86802673339844,
        97.87460327148438,
        50.81415557861328,
        42.19417953491211,
        51.06974792480469,
        47.859195709228516,
        41.45545959472656,
        32.19700622558594,
        21.939197540283203,
        29.789979934692383,
        36.007957458496094,
        31.651599884033203,
        28.587495803833008,
        25.470386505126953,
        50.04753875732422,
        40.60066604614258,
        39.35676193237305,
        27.893875122070312,
        25.021724700927734,
        37.5835075378418,
        41.19419860839844,
        32.89290237426758,
        27.573694229125977,
        24.525936126708984,
        22.387514114379883,
        21.755903244018555,
        22.306934356689453,
        21.94496726989746,
        21.380334854125977,
        21.198705673217773,
        22.809659957885742,
        28.965984344482422,
        28.34885025024414,
        28.146263122558594,
        29.071475982666016,
        27.603708267211914,
        27.24526596069336,
        22.130292892456055,
        26.006685256958008,
        26.242403030395508,
        29.705310821533203,
        31.99258041381836,
        29.474292755126953,
        30.19046974182129,
        30.64291763305664,
        26.466196060180664,
        27.775009155273438,
        28.55158042907715,
        23.754051208496094
    ]
}