{
    "num_conv_blocks": 4,
    "initial_channels": 16,
    "dropout_rate": 0.33,
    "learning_rate": 0.0001,
    "best_test_r2": -0.7630305290222168,
    "best_test_loss": 6.2523884773254395,
    "final_train_r2": -5.963355541229248,
    "train_r2_history": [
        -218.53182983398438,
        -210.34918212890625,
        -199.631103515625,
        -183.35787963867188,
        -164.37509155273438,
        -144.67640686035156,
        -114.0257797241211,
        -86.62564849853516,
        -58.06523895263672,
        -30.108306884765625,
        -20.311120986938477,
        -11.109980583190918,
        -12.059513092041016,
        -9.492298126220703,
        -10.519540786743164,
        -6.792131423950195,
        -8.975272178649902,
        -9.656230926513672,
        -5.274595260620117,
        -7.423301696777344,
        -7.8907623291015625,
        -7.581577301025391,
        -8.530767440795898,
        -5.514439105987549,
        -5.166831016540527,
        -7.862640380859375,
        -5.118744850158691,
        -6.608044624328613,
        -6.51270055770874,
        -6.005099296569824,
        -7.775130271911621,
        -9.014837265014648,
        -7.926384925842285,
        -5.584408760070801,
        -6.154692649841309,
        -8.030607223510742,
        -7.240774154663086,
        -4.936574459075928,
        -8.349205017089844,
        -5.804366111755371,
        -7.440306663513184,
        -8.727818489074707,
        -6.913571834564209,
        -4.981916427612305,
        -9.952472686767578,
        -6.440747261047363,
        -9.772305488586426,
        -6.893632411956787,
        -7.490111351013184,
        -8.40050220489502,
        -5.865884304046631,
        -6.774446964263916,
        -7.598162651062012,
        -5.076463222503662,
        -7.014337539672852,
        -7.572978973388672,
        -7.030728340148926,
        -5.109477996826172,
        -5.302149295806885,
        -6.601391315460205,
        -6.96914005279541,
        -4.908764362335205,
        -6.251715660095215,
        -5.963355541229248
    ],
    "test_r2_history": [
        -239.88027954101562,
        -237.783203125,
        -233.8153076171875,
        -226.88525390625,
        -215.939208984375,
        -197.4052276611328,
        -170.12730407714844,
        -134.6289825439453,
        -92.24152374267578,
        -52.68789291381836,
        -23.92604637145996,
        -8.33154010772705,
        -4.928834915161133,
        -6.147017955780029,
        -8.491086959838867,
        -11.05384349822998,
        -13.478361129760742,
        -15.231683731079102,
        -16.308597564697266,
        -14.806937217712402,
        -11.21304702758789,
        -7.698957443237305,
        -5.672722816467285,
        -3.8331336975097656,
        -4.53379487991333,
        -4.4870285987854,
        -5.481086730957031,
        -4.577474594116211,
        -3.16546630859375,
        -2.9789724349975586,
        -2.3750178813934326,
        -2.0737974643707275,
        -3.6507978439331055,
        -3.7891921997070312,
        -3.659235954284668,
        -2.989398956298828,
        -2.699821710586548,
        -2.417945384979248,
        -2.652855634689331,
        -2.4339845180511475,
        -1.8887226581573486,
        -1.4455475807189941,
        -1.3645825386047363,
        -1.0218183994293213,
        -0.7630305290222168,
        -0.8410636186599731,
        -0.8952765464782715,
        -1.9936354160308838,
        -1.8341944217681885,
        -1.709592580795288,
        -1.8511149883270264,
        -1.4929571151733398,
        -0.9566195011138916,
        -0.8441458940505981,
        -0.8162301778793335,
        -1.236626386642456,
        -1.2043306827545166,
        -1.328251600265503,
        -1.1031239032745361,
        -1.0356805324554443,
        -0.8165756464004517,
        -1.150573968887329,
        -0.936802864074707,
        -1.0073797702789307
    ],
    "train_loss_history": [
        857.4678344726562,
        822.9688313802084,
        781.1430867513021,
        716.8533020019531,
        642.5543619791666,
        560.5765177408854,
        436.7941436767578,
        331.5453389485677,
        231.4244867960612,
        111.0415267944336,
        72.96125531196594,
        47.309418042500816,
        46.86983076731364,
        35.8404096364975,
        44.036526679992676,
        32.75673739115397,
        36.71996339162191,
        36.67661205927531,
        24.904504617055256,
        33.791138331095375,
        36.837137858072914,
        38.95826085408529,
        34.88469537099203,
        29.11477565765381,
        21.022515296936035,
        30.372865796089172,
        20.83053560803334,
        29.120471556981403,
        36.167707761128746,
        26.830142498016357,
        30.269739945729572,
        36.08938868840536,
        33.01530679066976,
        24.1378976504008,
        25.761969089508057,
        43.45805263519287,
        29.195985317230225,
        21.23513118426005,
        35.89500713348389,
        24.07192039489746,
        30.22913408279419,
        35.636362075805664,
        33.47389348347982,
        21.0012849966685,
        45.03747351964315,
        25.788931608200073,
        57.337279319763184,
        29.10587994257609,
        30.285377820332844,
        32.93484171231588,
        25.33222754796346,
        31.081544558207195,
        30.091192722320557,
        22.041919072469074,
        28.153985500335693,
        32.48372554779053,
        28.826786359151203,
        25.329290787378948,
        23.85248311360677,
        27.302470525105793,
        30.761868476867676,
        30.05072291692098,
        26.227803071339924,
        26.645658175150555
    ],
    "test_loss_history": [
        854.2547607421875,
        846.8176879882812,
        832.7459106445312,
        808.1692504882812,
        769.350341796875,
        703.6217651367188,
        606.8836669921875,
        480.9928283691406,
        330.6705627441406,
        190.39805603027344,
        88.39740753173828,
        33.09325408935547,
        21.02594566345215,
        25.346092224121094,
        33.6590690612793,
        42.747596740722656,
        51.34587097167969,
        57.56382751464844,
        61.38298034667969,
        56.05751419067383,
        43.312191009521484,
        30.849872589111328,
        23.6640567779541,
        17.140161514282227,
        19.624980926513672,
        19.45912742614746,
        22.98444366455078,
        19.779882431030273,
        14.772355079650879,
        14.110977172851562,
        11.96911907196045,
        10.900874137878418,
        16.493528366088867,
        16.984325408935547,
        16.523452758789062,
        14.147951126098633,
        13.120999336242676,
        12.121356010437012,
        12.954439163208008,
        12.178236961364746,
        10.244528770446777,
        8.672857284545898,
        8.385723114013672,
        7.170149803161621,
        6.2523884773254395,
        6.529123783111572,
        6.721383571624756,
        10.616589546203613,
        10.05115032196045,
        9.609264373779297,
        10.111156463623047,
        8.840991020202637,
        6.938930511474609,
        6.540054798126221,
        6.441055774688721,
        7.931941986083984,
        7.817409515380859,
        8.256880760192871,
        7.458489894866943,
        7.219311714172363,
        6.442280292510986,
        7.626768112182617,
        6.868651390075684,
        7.118945121765137
    ]
}