{
    "num_conv_blocks": 4,
    "initial_channels": 64,
    "dropout_rate": 0.33,
    "learning_rate": 0.001,
    "best_test_r2": 0.365752637386322,
    "best_test_loss": 2.249286413192749,
    "final_train_r2": -6.734314441680908,
    "train_r2_history": [
        -125.30269622802734,
        -40.820709228515625,
        -24.826934814453125,
        -16.4660587310791,
        -11.469552040100098,
        -10.24994945526123,
        -11.352508544921875,
        -9.157686233520508,
        -13.351068496704102,
        -10.342795372009277,
        -7.913259506225586,
        -9.44274616241455,
        -9.498729705810547,
        -11.71692180633545,
        -13.321239471435547,
        -12.678112030029297,
        -12.107057571411133,
        -10.160930633544922,
        -8.273662567138672,
        -13.261573791503906,
        -11.7728910446167,
        -10.0899658203125,
        -8.133988380432129,
        -8.387795448303223,
        -6.137563228607178,
        -7.661349296569824,
        -5.612890720367432,
        -7.623270034790039,
        -7.513763427734375,
        -6.5136919021606445,
        -8.291204452514648,
        -5.817737102508545,
        -4.025457859039307,
        -7.718589782714844,
        -6.852327823638916,
        -5.3242340087890625,
        -6.633893013000488,
        -7.8807477951049805,
        -3.7120208740234375,
        -8.24435043334961,
        -4.09907341003418,
        -5.099387168884277,
        -4.878139495849609,
        -6.734314441680908
    ],
    "test_r2_history": [
        -123.03782653808594,
        -44.99568176269531,
        -47.22438049316406,
        -22.726200103759766,
        -122.05308532714844,
        -9.140727043151855,
        -2.307671546936035,
        -0.8217612504959106,
        -4.105983257293701,
        -0.8198058605194092,
        -3.000236988067627,
        -0.42773592472076416,
        -0.20692217350006104,
        -0.6297495365142822,
        -2.443096160888672,
        0.012275159358978271,
        -3.466447353363037,
        -1.112055778503418,
        -2.2118489742279053,
        -3.2623157501220703,
        -0.28038203716278076,
        -2.750741481781006,
        -1.4608781337738037,
        -0.3458634614944458,
        0.365752637386322,
        -0.3792504072189331,
        -0.5282702445983887,
        -0.47229087352752686,
        -1.2414674758911133,
        0.07301592826843262,
        0.13693010807037354,
        -0.34842002391815186,
        -0.9895973205566406,
        -1.1776323318481445,
        -0.6425826549530029,
        0.08825123310089111,
        -0.5644334554672241,
        -0.873435378074646,
        -0.8432754278182983,
        -1.1105639934539795,
        -0.35357844829559326,
        -0.4908257722854614,
        -0.29730069637298584,
        -0.2543078660964966
    ],
    "train_loss_history": [
        469.7525577545166,
        159.07277615865073,
        97.07524236043294,
        60.749458154042564,
        42.773982564608254,
        43.17823918660482,
        46.24442672729492,
        44.551842053731285,
        53.43394533793131,
        45.78415330251058,
        31.294570922851562,
        41.842315673828125,
        40.49845918019613,
        51.1538511912028,
        60.54143047332764,
        51.48220602671305,
        48.127868016560875,
        50.380252838134766,
        32.47206449508667,
        51.655076026916504,
        46.15896193186442,
        45.78981304168701,
        31.677557786305744,
        35.96091604232788,
        32.13686561584473,
        31.199913501739502,
        23.967499415079754,
        35.088562647501625,
        29.712456782658894,
        26.357919375101726,
        32.48127102851868,
        24.393446922302246,
        19.69173288345337,
        34.18080202738444,
        29.370935440063477,
        24.454614798227947,
        33.4022429784139,
        34.063857078552246,
        16.613680919011433,
        34.49630832672119,
        19.362667083740234,
        21.452816168467205,
        20.613528887430828,
        31.223823229471844
    ],
    "test_loss_history": [
        439.8861083984375,
        163.1184844970703,
        171.02230834960938,
        84.14228820800781,
        436.39385986328125,
        35.96294403076172,
        11.730283737182617,
        6.4606709480285645,
        18.1077938079834,
        6.453735828399658,
        14.186388969421387,
        5.063304424285889,
        4.280213356018066,
        5.779721736907959,
        12.210550308227539,
        3.502854585647583,
        15.839747428894043,
        7.490167140960693,
        11.390458106994629,
        15.115819931030273,
        4.540729522705078,
        13.301581382751465,
        8.727224349975586,
        4.772952556610107,
        2.249286413192749,
        4.891355514526367,
        5.4198384284973145,
        5.221312999725342,
        7.949110507965088,
        3.2874441146850586,
        3.0607798099517822,
        4.78201961517334,
        7.055881500244141,
        7.722727298736572,
        5.825232982635498,
        3.2334139347076416,
        5.548085689544678,
        6.643927097320557,
        6.536967754364014,
        7.48487663269043,
        4.8003129959106445,
        5.287045478820801,
        4.6007304191589355,
        4.448260307312012
    ]
}