{
    "num_conv_blocks": 4,
    "initial_channels": 16,
    "dropout_rate": 0.33,
    "learning_rate": 0.001,
    "best_test_r2": 0.4164016842842102,
    "best_test_loss": 21.64200782775879,
    "final_train_r2": 0.21625715494155884,
    "train_r2_history": [
        -1.531001091003418,
        -0.5480794906616211,
        0.026478230953216553,
        -0.07467174530029297,
        -0.35840702056884766,
        0.1583571434020996,
        0.22084158658981323,
        -0.24265646934509277,
        0.2876114249229431,
        -0.07801973819732666,
        -0.19878554344177246,
        -0.29001128673553467,
        -0.03911948204040527,
        0.1467917561531067,
        0.2783164381980896,
        0.15456008911132812,
        0.11887228488922119,
        0.14876502752304077,
        0.1302274465560913,
        -0.014783620834350586,
        0.28765159845352173,
        0.013808190822601318,
        0.26238030195236206,
        0.17060106992721558,
        0.48188483715057373,
        0.1895008087158203,
        0.48693037033081055,
        0.4312061071395874,
        0.07087457180023193,
        0.15928864479064941,
        0.37413114309310913,
        0.3729437589645386,
        0.32017773389816284,
        0.15854084491729736,
        0.3727039098739624,
        0.3118983507156372,
        0.09327834844589233,
        0.2783370614051819,
        0.5082058906555176,
        0.2502129077911377,
        0.47208356857299805,
        0.4593495726585388,
        0.2768262028694153,
        0.3498932123184204,
        0.10020512342453003,
        0.44726938009262085,
        0.316897451877594,
        0.5000451803207397,
        0.43395763635635376,
        0.4711787700653076,
        0.21625715494155884
    ],
    "test_r2_history": [
        -3.95571231842041,
        -2.7219512462615967,
        -2.3453526496887207,
        -2.5680038928985596,
        -1.457395315170288,
        -0.15150988101959229,
        -1.0569219589233398,
        -0.22252404689788818,
        -1.042252540588379,
        -0.6387083530426025,
        -0.4193077087402344,
        -0.5526318550109863,
        -0.3026249408721924,
        -0.18899571895599365,
        -0.17022228240966797,
        -0.17239534854888916,
        -0.07946813106536865,
        0.025989234447479248,
        0.03742796182632446,
        0.14126324653625488,
        0.0673220157623291,
        0.08473551273345947,
        0.12399059534072876,
        0.14555728435516357,
        0.05309152603149414,
        0.018354058265686035,
        0.03051239252090454,
        -0.058930277824401855,
        0.13003623485565186,
        0.2714529037475586,
        0.3381027579307556,
        0.4164016842842102,
        0.36133527755737305,
        0.28126060962677,
        -0.009963274002075195,
        0.20079058408737183,
        0.07666283845901489,
        0.05506777763366699,
        -0.009714365005493164,
        0.006410419940948486,
        0.01670616865158081,
        0.0772969126701355,
        0.2104264497756958,
        0.030432462692260742,
        0.24436157941818237,
        0.2640625834465027,
        0.3781050443649292,
        0.3462711572647095,
        0.23569869995117188,
        0.191844642162323,
        0.10342329740524292
    ],
    "train_loss_history": [
        189.9986311594645,
        131.75982666015625,
        78.21863110860188,
        80.36306238174438,
        102.06989860534668,
        67.8591235478719,
        63.92724482218424,
        96.13572533925374,
        63.06214872996012,
        84.09961128234863,
        99.10070482889812,
        98.59816074371338,
        85.46677335103352,
        71.06708176930745,
        61.067230542500816,
        68.5991849899292,
        73.39772319793701,
        67.35764249165852,
        67.17623360951741,
        89.79306284586589,
        55.01683966318766,
        74.09474388758342,
        58.1470562616984,
        70.72144444783528,
        42.729997316996254,
        67.16661580403645,
        38.47430670261383,
        50.198129971822105,
        75.74870077768962,
        67.66955248514812,
        48.018948237101235,
        48.63956991831461,
        51.24983890851339,
        65.00610733032227,
        47.284463246663414,
        52.27075211207072,
        75.76143391927083,
        54.7269926071167,
        40.9211475054423,
        56.964621225992836,
        40.87776390711466,
        42.90003045399984,
        55.14344390233358,
        49.044129371643066,
        67.74487415949504,
        42.59042342503866,
        52.57049560546875,
        39.545701344807945,
        44.691360791524254,
        40.20902872085571,
        63.01499478022257
    ],
    "test_loss_history": [
        183.77638244628906,
        138.02386474609375,
        124.05818939208984,
        132.31492614746094,
        91.12942504882812,
        42.70229721069336,
        76.27835845947266,
        45.33576965332031,
        75.73436737060547,
        60.769439697265625,
        52.633243560791016,
        57.577396392822266,
        48.306217193603516,
        44.092411041259766,
        43.39622497558594,
        43.476802825927734,
        40.03071212768555,
        36.119964599609375,
        35.695770263671875,
        31.845172882080078,
        34.587188720703125,
        33.941429138183594,
        32.4857063293457,
        31.68593406677246,
        35.11491012573242,
        36.403106689453125,
        35.952232360839844,
        39.26909637451172,
        32.261512756347656,
        27.01725196838379,
        24.545629501342773,
        21.64200782775879,
        23.6840763092041,
        26.653547286987305,
        37.45321273803711,
        29.63767433166504,
        34.24079513549805,
        35.041622161865234,
        37.44398498535156,
        36.84601974487305,
        36.46421432495117,
        34.21728515625,
        29.28034019470215,
        35.95519256591797,
        28.021900177001953,
        27.29131317138672,
        23.062191009521484,
        24.242712020874023,
        28.343151092529297,
        29.969425201416016,
        33.2484130859375
    ]
}