{
    "num_conv_blocks": 2,
    "initial_channels": 32,
    "dropout_rate": 0.33,
    "learning_rate": 0.001,
    "best_test_r2": 0.48421967029571533,
    "best_test_loss": 22.39092254638672,
    "final_train_r2": 0.39043503999710083,
    "train_r2_history": [
        -0.4690917730331421,
        -0.3769216537475586,
        -0.18278717994689941,
        -0.4658259153366089,
        -0.2511312961578369,
        -0.011715173721313477,
        -0.05070233345031738,
        -0.036383867263793945,
        -0.3452889919281006,
        0.04853665828704834,
        -0.1337064504623413,
        -0.25828051567077637,
        -0.11661064624786377,
        -0.18944275379180908,
        -0.044110774993896484,
        0.1654009222984314,
        -0.15009856224060059,
        -0.268290638923645,
        0.16132229566574097,
        -0.2707371711730957,
        -0.015089988708496094,
        0.3709561824798584,
        -0.14986586570739746,
        0.12277078628540039,
        0.07835942506790161,
        0.12659281492233276,
        0.02674204111099243,
        0.011981070041656494,
        0.42224830389022827,
        0.33529067039489746,
        0.5138390064239502,
        -0.09361708164215088,
        0.07060647010803223,
        0.2121264934539795,
        0.45677483081817627,
        -0.05538666248321533,
        0.18430674076080322,
        0.44323205947875977,
        0.565253734588623,
        0.4916287660598755,
        0.41736143827438354,
        0.43273115158081055,
        0.2428344488143921,
        0.4017549157142639,
        0.39043503999710083
    ],
    "test_r2_history": [
        -0.31062471866607666,
        -0.15167498588562012,
        -0.09215652942657471,
        -0.07799577713012695,
        0.025088369846343994,
        0.051441848278045654,
        -0.001996636390686035,
        0.08662128448486328,
        0.1685752272605896,
        0.20003235340118408,
        0.21757888793945312,
        0.12620705366134644,
        0.12157249450683594,
        0.0582008957862854,
        0.010314226150512695,
        0.2151029109954834,
        0.2372797727584839,
        0.2302607297897339,
        0.22734332084655762,
        0.2160637378692627,
        0.17663681507110596,
        0.19287621974945068,
        0.21719783544540405,
        0.2751021981239319,
        0.4062116742134094,
        0.48421967029571533,
        0.47798818349838257,
        0.3412550687789917,
        0.39842933416366577,
        0.4401950240135193,
        0.44585299491882324,
        0.2776205539703369,
        0.37036454677581787,
        0.48115527629852295,
        0.44041651487350464,
        0.43860113620758057,
        0.37679922580718994,
        0.25690680742263794,
        0.2705376148223877,
        0.24279016256332397,
        0.22291135787963867,
        0.30856549739837646,
        0.4749619960784912,
        0.26689738035202026,
        0.2952377200126648
    ],
    "train_loss_history": [
        83.1222477753957,
        67.57355086008708,
        69.91156816482544,
        76.69007682800293,
        60.721072355906166,
        58.20407962799072,
        51.47930494944254,
        41.79342555999756,
        70.41885487238567,
        58.66729116439819,
        48.52857804298401,
        66.8172680536906,
        54.92347049713135,
        60.85259215037028,
        54.95256249109904,
        34.258122523625694,
        43.552450815836586,
        55.5643630027771,
        48.860149463017784,
        49.19547971089681,
        46.32131242752075,
        37.321961085001625,
        60.75687599182129,
        48.18612130482992,
        37.051952521006264,
        34.06038133303324,
        45.283047358194985,
        58.7428081035614,
        30.078380425771076,
        37.73335329691569,
        18.028581301371258,
        43.40154846509298,
        38.94417254130045,
        29.297940572102863,
        23.235826015472412,
        60.19668825467428,
        33.74321969350179,
        24.29108452796936,
        19.395562648773193,
        18.386240124702454,
        20.136159261067707,
        26.43469492594401,
        42.254415353139244,
        34.9357176621755,
        23.33615493774414
    ],
    "test_loss_history": [
        56.89650344848633,
        49.996219635009766,
        47.412418365478516,
        46.79767990112305,
        42.32261276245117,
        41.178565979003906,
        43.4984245300293,
        39.65135955810547,
        36.093605041503906,
        34.727996826171875,
        33.96626281738281,
        37.93288040161133,
        38.134071350097656,
        40.8851432800293,
        42.963993072509766,
        34.073753356933594,
        33.11101531982422,
        33.41572570800781,
        33.54237365722656,
        34.032039642333984,
        35.74363327026367,
        35.03865051269531,
        33.98280334472656,
        31.469079971313477,
        25.77738380432129,
        22.39092254638672,
        22.66144371032715,
        28.59726905822754,
        26.115236282348633,
        24.302112579345703,
        24.056489944458008,
        31.359750747680664,
        27.333574295043945,
        22.523954391479492,
        24.29249382019043,
        24.37130355834961,
        27.05423355102539,
        32.258968353271484,
        31.667240142822266,
        32.871795654296875,
        33.734771728515625,
        30.016374588012695,
        22.792818069458008,
        31.82526206970215,
        30.594961166381836
    ]
}