{
    "num_conv_blocks": 4,
    "initial_channels": 32,
    "dropout_rate": 0.33,
    "learning_rate": 0.001,
    "best_test_r2": 0.44347691535949707,
    "best_test_loss": 20.63796043395996,
    "final_train_r2": 0.31508904695510864,
    "train_r2_history": [
        -1.5637459754943848,
        -0.9056202173233032,
        -0.05216217041015625,
        0.08794575929641724,
        0.15398305654525757,
        0.20903551578521729,
        -0.13957834243774414,
        -0.1949167251586914,
        0.1541575789451599,
        -0.06456947326660156,
        0.005903005599975586,
        0.2822437882423401,
        0.07826471328735352,
        0.31256651878356934,
        0.30512577295303345,
        -0.013272285461425781,
        -0.3771779537200928,
        -0.010343790054321289,
        0.22844785451889038,
        0.054411351680755615,
        0.11236131191253662,
        0.07013100385665894,
        0.19566690921783447,
        0.1894351840019226,
        0.4132264256477356,
        0.39122873544692993,
        0.497442364692688,
        0.5904340147972107,
        0.2752056121826172,
        0.47982895374298096,
        0.36358362436294556,
        0.23627477884292603,
        0.06997156143188477,
        0.4409641623497009,
        0.42047685384750366,
        0.3210548758506775,
        0.4679768681526184,
        0.4355074167251587,
        0.3112422227859497,
        0.46721625328063965,
        0.47194337844848633,
        0.5880461931228638,
        0.38788944482803345,
        0.33387666940689087,
        0.325832724571228,
        0.5083432197570801,
        0.5442745685577393,
        0.31508904695510864
    ],
    "test_r2_history": [
        -3.6365065574645996,
        -3.083763599395752,
        -2.2406182289123535,
        -0.6511709690093994,
        -0.9743006229400635,
        -0.781124472618103,
        -0.043734073638916016,
        -0.4305706024169922,
        -0.33623719215393066,
        -0.4755897521972656,
        -0.5059206485748291,
        0.11390358209609985,
        0.23556619882583618,
        -1.102323293685913,
        -1.2040047645568848,
        -1.024315357208252,
        -0.20179426670074463,
        0.20725756883621216,
        -0.757453441619873,
        -0.03409767150878906,
        0.22265946865081787,
        0.3755081295967102,
        0.4201411008834839,
        0.4004923701286316,
        0.4263560175895691,
        0.3381342887878418,
        0.2787932753562927,
        0.37691551446914673,
        0.44347691535949707,
        0.4231685996055603,
        0.3274127244949341,
        0.2601550221443176,
        0.32317155599594116,
        -0.1564960479736328,
        0.3649786114692688,
        0.37557464838027954,
        0.37630653381347656,
        0.34658968448638916,
        0.1901577115058899,
        0.062370240688323975,
        -0.21765923500061035,
        -0.06692969799041748,
        0.2466849684715271,
        0.35898518562316895,
        0.37647587060928345,
        0.35055363178253174,
        0.30717742443084717,
        0.31887131929397583
    ],
    "train_loss_history": [
        194.8535188039144,
        146.34446970621744,
        79.42811743418376,
        75.25386619567871,
        72.87578384081523,
        67.7297519048055,
        89.23782730102539,
        97.12435134251912,
        66.43109067281087,
        87.64947001139323,
        76.78972625732422,
        54.75942309697469,
        71.95212491353352,
        58.344931284586586,
        53.93803723653158,
        80.18482653299968,
        102.76881265640259,
        77.68806457519531,
        61.74959500630697,
        72.51923100153606,
        70.41175683339436,
        74.01376501719157,
        62.26960357030233,
        61.93787129720052,
        55.32070255279541,
        46.47172578175863,
        40.6765193939209,
        34.54113260904948,
        54.78519598642985,
        44.281368573506676,
        50.46266428629557,
        58.11761474609375,
        70.88948901494344,
        42.51237837473551,
        46.64716402689616,
        52.491305351257324,
        41.53297837575277,
        43.723814964294434,
        54.57993698120117,
        43.09184710184733,
        40.331379095713295,
        36.915137926737465,
        47.54705778757731,
        58.14348761240641,
        52.63717063268026,
        37.77183818817139,
        34.69739659627279,
        55.41599623362223
    ],
    "test_loss_history": [
        171.93899536132812,
        151.4412384033203,
        120.17424011230469,
        61.231597900390625,
        73.21444702148438,
        66.05076599121094,
        38.70556640625,
        53.050907135009766,
        49.552677154541016,
        54.72039031982422,
        55.84516906738281,
        32.859771728515625,
        28.348068237304688,
        77.9620132446289,
        81.73274230957031,
        75.0691909790039,
        44.5670280456543,
        29.397851943969727,
        65.1729507446289,
        38.34821701049805,
        28.826696395874023,
        23.15849494934082,
        21.503337860107422,
        22.23198890686035,
        21.272865295410156,
        24.544456481933594,
        26.745044708251953,
        23.10630226135254,
        20.63796043395996,
        21.39106559753418,
        24.94205093383789,
        27.43621826171875,
        25.099336624145508,
        42.887203216552734,
        23.548973083496094,
        23.15602684020996,
        23.128889083862305,
        24.230897903442383,
        30.031984329223633,
        34.77082061767578,
        45.15536117553711,
        39.56574630737305,
        27.935739517211914,
        23.771230697631836,
        23.122608184814453,
        24.083898544311523,
        25.692453384399414,
        25.25880241394043
    ]
}