{
    "num_conv_blocks": 2,
    "initial_channels": 16,
    "dropout_rate": 0.33,
    "learning_rate": 0.001,
    "best_test_r2": 0.12671172618865967,
    "best_test_loss": 3.097018241882324,
    "final_train_r2": -16.409404754638672,
    "train_r2_history": [
        -123.24707794189453,
        -47.82110595703125,
        -35.04966735839844,
        -19.474809646606445,
        -24.54827117919922,
        -14.111409187316895,
        -14.544516563415527,
        -18.190845489501953,
        -16.323360443115234,
        -14.595656394958496,
        -21.363771438598633,
        -20.522064208984375,
        -16.977075576782227,
        -12.589550018310547,
        -18.951866149902344,
        -18.021394729614258,
        -22.70377540588379,
        -14.54236888885498,
        -21.77556037902832,
        -19.14975357055664,
        -13.55590534210205,
        -20.77215003967285,
        -21.061779022216797,
        -9.995356559753418,
        -21.195632934570312,
        -16.559772491455078,
        -12.113190650939941,
        -10.177386283874512,
        -19.320762634277344,
        -15.196746826171875,
        -15.575817108154297,
        -12.66468620300293,
        -11.487231254577637,
        -8.419167518615723,
        -9.640643119812012,
        -14.452010154724121,
        -16.409404754638672
    ],
    "test_r2_history": [
        -177.9934844970703,
        -154.47882080078125,
        -79.38613891601562,
        -8.344535827636719,
        -9.797103881835938,
        -15.292623519897461,
        -8.282827377319336,
        -15.468095779418945,
        -5.186636447906494,
        -4.145156383514404,
        -14.423604011535645,
        -21.812599182128906,
        -2.9315404891967773,
        -3.3686327934265137,
        -0.5074824094772339,
        -5.358180522918701,
        -2.36232328414917,
        0.12671172618865967,
        -13.002416610717773,
        -4.774328231811523,
        -1.7847726345062256,
        -10.433167457580566,
        -8.372344017028809,
        -4.315683364868164,
        -1.3613362312316895,
        0.12069004774093628,
        -1.5091848373413086,
        -0.6121774911880493,
        -1.5298824310302734,
        -3.1883797645568848,
        -3.573526382446289,
        -2.176093816757202,
        -1.5584697723388672,
        -1.6253092288970947,
        -2.869400978088379,
        -3.507988929748535,
        -1.5605237483978271
    ],
    "train_loss_history": [
        504.38799413045246,
        186.6988614400228,
        125.12655321756999,
        71.50739844640096,
        100.90136845906575,
        60.49910926818848,
        61.2710075378418,
        65.4161669810613,
        64.35540008544922,
        55.31171798706055,
        106.07083304723103,
        85.26285934448242,
        70.88560803731282,
        50.59952608744303,
        95.77892684936523,
        69.6631088256836,
        112.80080668131511,
        65.62308820088704,
        79.91133880615234,
        83.4499454498291,
        51.167478243509926,
        102.69467035929362,
        79.35452715555827,
        55.22457695007324,
        97.60831260681152,
        61.53995895385742,
        53.226331075032554,
        41.73669942220052,
        74.0468807220459,
        57.28558095296224,
        59.42349052429199,
        77.67343266805013,
        44.704508781433105,
        36.16096750895182,
        50.531914710998535,
        60.48964659372965,
        61.16434049606323
    ],
    "test_loss_history": [
        634.7801513671875,
        551.3880615234375,
        285.080322265625,
        33.139339447021484,
        38.290706634521484,
        57.779945373535156,
        32.920501708984375,
        58.40224075317383,
        21.940208435058594,
        18.246713638305664,
        54.698062896728516,
        80.90231323242188,
        13.942765235900879,
        15.492864608764648,
        5.346115589141846,
        22.54857063293457,
        11.92409896850586,
        3.097018241882324,
        49.65798568725586,
        20.478002548217773,
        9.87588119506836,
        40.54643630981445,
        33.23795700073242,
        18.851470947265625,
        8.374212265014648,
        3.118372917175293,
        8.898539543151855,
        5.717405796051025,
        8.971942901611328,
        14.853615760803223,
        16.219493865966797,
        11.263655662536621,
        9.073324203491211,
        9.310362815856934,
        13.722393035888672,
        15.987071990966797,
        9.080607414245605
    ]
}