{
    "num_conv_blocks": 2,
    "initial_channels": 16,
    "dropout_rate": 0.33,
    "learning_rate": 0.001,
    "best_test_r2": -0.20501887798309326,
    "best_test_loss": 4.744449138641357,
    "final_train_r2": -0.3073587417602539,
    "train_r2_history": [
        -1.647972822189331,
        -0.7131565809249878,
        -0.9139584302902222,
        -0.6210304498672485,
        -0.6364930868148804,
        -0.39840543270111084,
        -0.17266058921813965,
        -0.3467090129852295,
        -0.6839948892593384,
        -0.549927830696106,
        -0.317476749420166,
        -0.10789573192596436,
        -0.5151443481445312,
        -0.48496854305267334,
        -0.45348691940307617,
        -0.17532563209533691,
        -0.5001575946807861,
        -0.6350458860397339,
        -0.31885266304016113,
        -0.632796049118042,
        -0.6624940633773804,
        -0.3998652696609497,
        -0.3212926387786865,
        -0.24836421012878418,
        -0.25078415870666504,
        -0.4068257808685303,
        -0.10491621494293213,
        -0.28879642486572266,
        0.06686049699783325,
        -0.37146520614624023,
        -0.3658860921859741,
        -0.300764799118042,
        -0.17314982414245605,
        -0.02064061164855957,
        -0.22783422470092773,
        -0.22072243690490723,
        0.01748335361480713,
        -0.15241742134094238,
        -0.30387139320373535,
        0.03879064321517944,
        -0.29364240169525146,
        -0.296730637550354,
        -0.193323016166687,
        -0.3073587417602539
    ],
    "test_r2_history": [
        -1.298210620880127,
        -0.9872652292251587,
        -0.8000873327255249,
        -0.6496435403823853,
        -0.7926503419876099,
        -0.5237611532211304,
        -0.21964871883392334,
        -0.2635277509689331,
        -0.4032994508743286,
        -0.482074499130249,
        -0.5034506320953369,
        -0.35677194595336914,
        -0.33506202697753906,
        -0.3555701971054077,
        -0.34270620346069336,
        -0.32965850830078125,
        -0.2848351001739502,
        -0.41410398483276367,
        -0.42449796199798584,
        -0.39635026454925537,
        -0.3798626661300659,
        -0.3419022560119629,
        -0.269334077835083,
        -0.20623242855072021,
        -0.20501887798309326,
        -0.2815016508102417,
        -0.32467830181121826,
        -0.349226713180542,
        -0.33332693576812744,
        -0.3260476589202881,
        -0.30673491954803467,
        -0.3225454092025757,
        -0.34400177001953125,
        -0.3140193223953247,
        -0.29852116107940674,
        -0.30382323265075684,
        -0.29990625381469727,
        -0.29928410053253174,
        -0.3059849739074707,
        -0.2956535816192627,
        -0.3019735813140869,
        -0.29317736625671387,
        -0.2906545400619507,
        -0.3053886890411377
    ],
    "train_loss_history": [
        3.917521685361862,
        2.715586155653,
        2.835010806719462,
        2.867390592892965,
        2.345176058607952,
        2.0119195953011513,
        1.738827258348465,
        2.012313336133957,
        2.4466476341088614,
        2.245552164812883,
        1.988289515177409,
        1.6477776368459065,
        2.210121581951777,
        2.472939665118853,
        2.216905782620112,
        1.782519519329071,
        2.2799014498790107,
        2.46870094537735,
        1.922409435113271,
        2.3510320596396923,
        2.4011856814225516,
        2.1214285095532737,
        1.9773654540379841,
        1.8393633762995403,
        1.9348606963952382,
        2.091241012016932,
        1.5889660169680913,
        1.8541907221078873,
        1.34634231030941,
        1.983021467924118,
        2.03824249903361,
        1.9421057105064392,
        1.7211218973000844,
        1.4661416343102853,
        1.7736024235685666,
        1.751553718931973,
        1.5113067328929901,
        1.6683266535401344,
        1.895270933707555,
        1.4039504130681355,
        1.8754635800917943,
        1.9302280048529308,
        1.878810703754425,
        1.8810056050618489
    ],
    "test_loss_history": [
        9.048606872558594,
        7.824343204498291,
        7.087377548217773,
        6.4950432777404785,
        7.0580949783325195,
        5.999414920806885,
        4.802050590515137,
        4.9748125076293945,
        5.525126934051514,
        5.83528470993042,
        5.91944694519043,
        5.34193754196167,
        5.256460666656494,
        5.3372063636779785,
        5.286557197570801,
        5.2351861000061035,
        5.058705806732178,
        5.5676679611206055,
        5.608591556549072,
        5.497766971588135,
        5.432851791381836,
        5.283392429351807,
        4.997673988342285,
        4.749227523803711,
        4.744449138641357,
        5.0455803871154785,
        5.215577602386475,
        5.312230110168457,
        5.249629020690918,
        5.220967769622803,
        5.1449294090271,
        5.207179546356201,
        5.291658401489258,
        5.173610210418701,
        5.112590312957764,
        5.1334662437438965,
        5.118044376373291,
        5.115594387054443,
        5.141977310180664,
        5.101300239562988,
        5.12618350982666,
        5.091550827026367,
        5.081617832183838,
        5.139630317687988
    ]
}