{
    "num_conv_blocks": 2,
    "initial_channels": 32,
    "dropout_rate": 0.33,
    "learning_rate": 0.001,
    "best_test_r2": 0.5427747368812561,
    "best_test_loss": 16.95561981201172,
    "final_train_r2": 0.08790886402130127,
    "train_r2_history": [
        -1.0511808395385742,
        -0.3738842010498047,
        -0.26721394062042236,
        -0.11251270771026611,
        0.045384109020233154,
        -0.15883195400238037,
        0.04330909252166748,
        -0.12829458713531494,
        -0.3515613079071045,
        -0.31979191303253174,
        -0.16039001941680908,
        -0.0795978307723999,
        -0.11960017681121826,
        0.16650253534317017,
        0.12550657987594604,
        0.35093623399734497,
        -0.17677676677703857,
        0.058688223361968994,
        0.14833015203475952,
        0.004116475582122803,
        0.18554896116256714,
        0.05568575859069824,
        -0.23915481567382812,
        0.07257133722305298,
        0.466310977935791,
        0.2470816969871521,
        0.12077939510345459,
        0.16920357942581177,
        0.3061610460281372,
        0.22568631172180176,
        0.13495880365371704,
        0.3480716943740845,
        0.3550989031791687,
        0.34882277250289917,
        0.5272243022918701,
        0.13058853149414062,
        0.44752347469329834,
        0.33518582582473755,
        0.38072288036346436,
        0.2565147876739502,
        0.4178900122642517,
        0.31747692823410034,
        0.4405164122581482,
        0.0343095064163208,
        0.5302305221557617,
        0.08790886402130127
    ],
    "test_r2_history": [
        -3.055525302886963,
        -1.7575891017913818,
        -0.7234666347503662,
        -0.7037997245788574,
        -1.437063455581665,
        -0.32663798332214355,
        -0.12385118007659912,
        -0.7482901811599731,
        0.004376590251922607,
        -0.1359502077102661,
        0.026696860790252686,
        0.015510976314544678,
        0.21914690732955933,
        0.41208404302597046,
        0.288843035697937,
        0.4691962003707886,
        0.2219981551170349,
        -0.021489739418029785,
        -0.6159005165100098,
        -0.18011713027954102,
        0.3304939270019531,
        0.32738906145095825,
        -0.24243104457855225,
        0.05825042724609375,
        0.19049710035324097,
        0.3490939736366272,
        0.5427747368812561,
        0.5397711992263794,
        0.499783456325531,
        0.5050394535064697,
        0.518464207649231,
        0.39064282178878784,
        0.3321765661239624,
        0.4069926142692566,
        0.4519031047821045,
        0.47880351543426514,
        0.4624478816986084,
        0.36681872606277466,
        0.4412071108818054,
        0.4043704867362976,
        0.4188541769981384,
        0.4046083092689514,
        0.4222394824028015,
        0.4831460118293762,
        0.48717594146728516,
        0.4616103172302246
    ],
    "train_loss_history": [
        154.74127705891928,
        106.76896476745605,
        94.47910332679749,
        98.16471735636394,
        83.19176991780598,
        89.03075917561848,
        72.6517481803894,
        90.04405275980632,
        101.90220053990681,
        102.83863194783528,
        86.5911299387614,
        84.65978240966797,
        88.7315403620402,
        67.95221042633057,
        71.69981797536214,
        48.21937716007233,
        88.27740971247356,
        87.11982568105061,
        67.47051048278809,
        81.35477542877197,
        73.53739102681477,
        74.63791306813557,
        99.11363855997722,
        72.05739657084148,
        44.128108978271484,
        61.08333492279053,
        66.9807653427124,
        71.36650721232097,
        54.58219941457113,
        65.04801368713379,
        72.1658296585083,
        48.390338430802025,
        51.204819997151695,
        59.134982426961265,
        45.32049814860026,
        71.13013712565105,
        42.86176681518555,
        55.781623204549156,
        53.96128273010254,
        56.94939788182577,
        46.13894907633463,
        51.77327330907186,
        42.06282655398051,
        73.17606560389201,
        38.370750427246094,
        68.17361982663472
    ],
    "test_loss_history": [
        150.39404296875,
        102.26170349121094,
        63.9125862121582,
        63.18327331542969,
        90.37541961669922,
        49.19670486450195,
        41.676605224609375,
        64.8331298828125,
        36.92144012451172,
        42.125282287597656,
        36.093727111816406,
        36.50853729248047,
        28.95695686340332,
        21.802125930786133,
        26.372358322143555,
        19.684186935424805,
        28.851219177246094,
        37.88065719604492,
        59.92363739013672,
        43.763160705566406,
        24.827791213989258,
        24.942934036254883,
        46.07398986816406,
        34.92359924316406,
        30.019393920898438,
        24.138032913208008,
        16.95561981201172,
        17.067007064819336,
        18.549903869628906,
        18.3549861907959,
        17.857147216796875,
        22.597246170043945,
        24.765392303466797,
        21.99093246459961,
        20.325483322143555,
        19.327917098999023,
        19.934444427490234,
        23.480731964111328,
        20.72213363647461,
        22.088171005249023,
        21.551061630249023,
        22.079349517822266,
        21.425519943237305,
        19.166879653930664,
        19.01743507385254,
        19.965503692626953
    ]
}