{
    "num_conv_blocks": 3,
    "initial_channels": 32,
    "dropout_rate": 0.33,
    "learning_rate": 0.001,
    "best_test_r2": 0.5840718150138855,
    "best_test_loss": 1.4750421047210693,
    "final_train_r2": -7.98362922668457,
    "train_r2_history": [
        -126.44728088378906,
        -36.632694244384766,
        -26.417951583862305,
        -12.922006607055664,
        -21.732507705688477,
        -25.14909553527832,
        -16.000553131103516,
        -14.777884483337402,
        -19.15616798400879,
        -14.185999870300293,
        -14.820489883422852,
        -11.041584014892578,
        -10.153732299804688,
        -13.108745574951172,
        -16.328805923461914,
        -20.746726989746094,
        -14.098298072814941,
        -15.943504333496094,
        -11.750761032104492,
        -8.934964179992676,
        -13.582636833190918,
        -13.255837440490723,
        -10.987554550170898,
        -11.246079444885254,
        -6.6259565353393555,
        -9.386795997619629,
        -12.248859405517578,
        -10.276067733764648,
        -6.849077224731445,
        -9.781793594360352,
        -7.68110466003418,
        -12.023860931396484,
        -9.802485466003418,
        -7.19520378112793,
        -10.01856803894043,
        -8.28702449798584,
        -7.816692352294922,
        -9.943148612976074,
        -10.053346633911133,
        -8.558855056762695,
        -7.934423446655273,
        -7.301454544067383,
        -10.820428848266602,
        -9.818292617797852,
        -8.652043342590332,
        -7.98362922668457
    ],
    "test_r2_history": [
        -188.54397583007812,
        -109.5965576171875,
        -52.94865798950195,
        -13.345220565795898,
        -22.923236846923828,
        -35.36578369140625,
        -4.072308540344238,
        -0.9336234331130981,
        -1.9063341617584229,
        -4.987752914428711,
        0.29655832052230835,
        -1.0212278366088867,
        -3.5202341079711914,
        -8.865134239196777,
        -1.7001276016235352,
        -2.326982259750366,
        -8.803682327270508,
        -3.087787628173828,
        0.3145763874053955,
        -0.896385908126831,
        -2.2303810119628906,
        -1.0036261081695557,
        0.11533427238464355,
        0.18635821342468262,
        0.049625396728515625,
        0.1772204041481018,
        0.5840718150138855,
        0.26551979780197144,
        0.4814361333847046,
        0.26706385612487793,
        0.17548096179962158,
        0.563993513584137,
        0.32341498136520386,
        0.21925556659698486,
        0.2480694055557251,
        -0.5275450944900513,
        -0.6273598670959473,
        -1.1820557117462158,
        -0.6331183910369873,
        -0.5393836498260498,
        -0.8127149343490601,
        -0.6666829586029053,
        -0.3363233804702759,
        -0.0574030876159668,
        0.4239538908004761,
        0.5263128280639648
    ],
    "train_loss_history": [
        446.64930216471356,
        135.22295125325522,
        103.84872754414876,
        69.4704532623291,
        97.08745765686035,
        93.77682050069173,
        77.78537241617839,
        54.400920470555626,
        72.12883758544922,
        65.24755859375,
        55.857337633768715,
        48.50290902455648,
        64.31479167938232,
        49.863494078318276,
        59.222328186035156,
        75.90208053588867,
        59.70104535420736,
        61.185744285583496,
        53.80978965759277,
        35.73640489578247,
        50.58618450164795,
        53.82932138442993,
        42.76075013478597,
        44.92178090413412,
        31.56380780537923,
        39.76540470123291,
        49.73080190022787,
        47.903614362080894,
        26.72846581041813,
        38.585925896962486,
        31.15267324447632,
        47.78751722971598,
        41.03144073486328,
        32.18274974822998,
        48.844422340393066,
        37.67475891113281,
        36.033899466196694,
        37.99440145492554,
        44.62395509084066,
        36.045684814453125,
        33.224862575531006,
        37.010806719462074,
        43.15988826751709,
        40.97901312510172,
        33.20848047733307,
        32.260955015818276
    ],
    "test_loss_history": [
        672.1961669921875,
        392.21820068359375,
        191.32281494140625,
        50.87370681762695,
        84.84104919433594,
        128.96713256835938,
        17.98836898803711,
        6.857377052307129,
        10.306985855102539,
        21.234888076782227,
        2.494676351547241,
        7.168055057525635,
        16.030500411987305,
        34.98558044433594,
        9.57569694519043,
        11.798766136169434,
        34.76765060424805,
        14.49687671661377,
        2.430777072906494,
        6.725317478179932,
        11.456181526184082,
        7.105632781982422,
        3.137366771697998,
        2.885488271713257,
        3.370396375656128,
        2.9178948402404785,
        1.4750421047210693,
        2.604750871658325,
        1.8390281200408936,
        2.5992748737335205,
        2.9240634441375732,
        1.5462476015090942,
        2.399432420730591,
        2.768821954727173,
        2.6666364669799805,
        5.417265892028809,
        5.771246910095215,
        7.738412857055664,
        5.791669845581055,
        5.459249496459961,
        6.428589344024658,
        5.910703182220459,
        4.739119529724121,
        3.749960422515869,
        2.0428824424743652,
        1.679877758026123
    ]
}