{
    "num_conv_blocks": 3,
    "initial_channels": 64,
    "dropout_rate": 0.33,
    "learning_rate": 0.0001,
    "best_test_r2": 0.8525952696800232,
    "best_test_loss": 6.399096488952637,
    "final_train_r2": 0.7355775833129883,
    "train_r2_history": [
        -0.24325764179229736,
        -0.08208203315734863,
        -0.01575636863708496,
        0.09173142910003662,
        0.13254958391189575,
        0.2672649025917053,
        0.051746249198913574,
        0.05746734142303467,
        0.2327248454093933,
        0.23653042316436768,
        0.13770020008087158,
        0.24582135677337646,
        0.10735678672790527,
        0.26623791456222534,
        0.2599201798439026,
        0.2621772289276123,
        0.32989615201950073,
        0.20961713790893555,
        0.21619778871536255,
        0.3243282437324524,
        0.5246138572692871,
        0.2708622217178345,
        0.31910955905914307,
        0.3712160587310791,
        0.3421790599822998,
        0.316866934299469,
        0.39514046907424927,
        0.4367564916610718,
        0.5233702063560486,
        0.38077741861343384,
        0.5777674913406372,
        0.2926589250564575,
        0.6513000726699829,
        0.40887147188186646,
        0.6564697027206421,
        0.6921278834342957,
        0.595258355140686,
        0.6599463224411011,
        0.5493795871734619,
        0.7067479491233826,
        0.6949460506439209,
        0.6948369145393372,
        0.6594532132148743,
        0.6240798830986023,
        0.7915135025978088,
        0.5801500678062439,
        0.5180360078811646,
        0.6582412719726562,
        0.6586564779281616,
        0.7018221020698547,
        0.7150869369506836,
        0.44992709159851074,
        0.7928279638290405,
        0.7499060034751892,
        0.7974718809127808,
        0.6952687501907349,
        0.7838728427886963,
        0.7703548669815063,
        0.5946574807167053,
        0.7355775833129883
    ],
    "test_r2_history": [
        -0.34064722061157227,
        -0.24673843383789062,
        -0.11617851257324219,
        -0.0127640962600708,
        0.053025245666503906,
        0.057588398456573486,
        0.10708391666412354,
        0.2728690505027771,
        0.4152226448059082,
        0.46726053953170776,
        0.5219632387161255,
        0.6185644865036011,
        0.5052257776260376,
        0.4264107346534729,
        0.3929980993270874,
        0.6031397581100464,
        0.6240794658660889,
        0.4071487784385681,
        0.4739528298377991,
        0.52764892578125,
        0.5486077070236206,
        0.6046565175056458,
        0.7159101366996765,
        0.7171105146408081,
        0.770616352558136,
        0.7324155569076538,
        0.8364503383636475,
        0.820871114730835,
        0.8252254724502563,
        0.7797625064849854,
        0.6827384829521179,
        0.7577418088912964,
        0.8239326477050781,
        0.7994064092636108,
        0.7747289538383484,
        0.7783291339874268,
        0.7881056070327759,
        0.7788252830505371,
        0.8210620880126953,
        0.8356529474258423,
        0.8525952696800232,
        0.8486837148666382,
        0.8445485234260559,
        0.852155864238739,
        0.8179851770401001,
        0.792327880859375,
        0.7993398308753967,
        0.7872761487960815,
        0.8032701015472412,
        0.8128910064697266,
        0.7927019000053406,
        0.7777676582336426,
        0.7975569367408752,
        0.8206087350845337,
        0.8220313787460327,
        0.808348536491394,
        0.8096771836280823,
        0.8087071776390076,
        0.8123960494995117,
        0.8093321323394775
    ],
    "train_loss_history": [
        72.94983351230621,
        65.35912561416626,
        60.56150221824646,
        55.52100912729899,
        48.31473811467489,
        36.98298009236654,
        50.62414423624674,
        54.648457845052086,
        39.989081064860024,
        39.155372619628906,
        51.182244062423706,
        40.35346062978109,
        42.07372315724691,
        33.22190841039022,
        41.07218313217163,
        32.78767331441244,
        35.415146271387734,
        39.38416290283203,
        32.32179236412048,
        33.577528635660805,
        22.027088085810345,
        30.517749786376953,
        30.6231271425883,
        27.8840571641922,
        34.648753801981606,
        39.611052910486855,
        31.625262419382732,
        19.994489272435505,
        20.112616539001465,
        27.055140495300293,
        16.067035675048828,
        26.540054241816204,
        18.54702893892924,
        25.739993294080097,
        11.777359078327814,
        10.765134851137796,
        15.373511473337809,
        12.19724957148234,
        19.209413687388103,
        13.85515300432841,
        14.738160466154417,
        13.289067268371582,
        14.653633912404379,
        14.233483950297037,
        7.94812007745107,
        18.116398612658184,
        17.13766535123189,
        11.713214034835497,
        15.533609608809153,
        15.819251298904419,
        11.372640430927277,
        19.640838861465454,
        7.223050018151601,
        11.334513445695242,
        13.6944078207016,
        23.384755452473957,
        8.734091599782309,
        7.943043986956279,
        13.835790206988653,
        9.062574098507563
    ],
    "test_loss_history": [
        58.1998405456543,
        54.12309265136719,
        48.455257415771484,
        43.965858459472656,
        41.10982894897461,
        40.9117317199707,
        38.76304626464844,
        31.56602668762207,
        25.386205673217773,
        23.12714958190918,
        20.752408981323242,
        16.558778762817383,
        21.47901153564453,
        24.900508880615234,
        26.351015090942383,
        17.2283992767334,
        16.319364547729492,
        25.73670768737793,
        22.83662223815918,
        20.505584716796875,
        19.595727920532227,
        17.16254997253418,
        12.33283805847168,
        12.280726432800293,
        9.9579439163208,
        11.61630916595459,
        7.099974632263184,
        7.776299476623535,
        7.58726692199707,
        9.560894012451172,
        13.772876739501953,
        10.516850471496582,
        7.643392086029053,
        8.708118438720703,
        9.77940845489502,
        9.62311840057373,
        9.19870662689209,
        9.601580619812012,
        7.768006324768066,
        7.134592533111572,
        6.399096488952637,
        6.568902492523193,
        6.748418807983398,
        6.41817045211792,
        7.90158224105835,
        9.01540756225586,
        8.71100902557373,
        9.234710693359375,
        8.540388107299805,
        8.122726440429688,
        8.99917221069336,
        9.647494316101074,
        8.788407325744629,
        7.787688255310059,
        7.725927352905273,
        8.319923400878906,
        8.262247085571289,
        8.304354667663574,
        8.144213676452637,
        8.277225494384766
    ]
}