{
    "num_conv_blocks": 4,
    "initial_channels": 32,
    "dropout_rate": 0.33,
    "learning_rate": 0.0001,
    "best_test_r2": -0.06671774387359619,
    "best_test_loss": 4.199924468994141,
    "final_train_r2": -0.07515823841094971,
    "train_r2_history": [
        -3.1924710273742676,
        -1.7759435176849365,
        -0.7977913618087769,
        -0.21330630779266357,
        -0.43944382667541504,
        -0.010648965835571289,
        -0.05180537700653076,
        -0.31098222732543945,
        -0.30560123920440674,
        -0.14116919040679932,
        -0.29813921451568604,
        -0.10920405387878418,
        -0.25137245655059814,
        0.03410273790359497,
        -0.053340911865234375,
        -0.2998659610748291,
        -0.2964366674423218,
        -0.14210784435272217,
        -0.06130647659301758,
        -0.09464240074157715,
        -0.09369146823883057,
        -0.23762190341949463,
        -0.0574188232421875,
        -0.12325394153594971,
        0.10407930612564087,
        -0.09329783916473389,
        0.0445210337638855,
        -0.044415950775146484,
        -0.10215353965759277,
        -0.04956519603729248,
        -0.14407086372375488,
        -0.07515823841094971
    ],
    "test_r2_history": [
        -1.7122881412506104,
        -1.546557903289795,
        -1.2517964839935303,
        -0.8720297813415527,
        -0.56321120262146,
        -0.37080252170562744,
        -0.3065481185913086,
        -0.30379223823547363,
        -0.2538309097290039,
        -0.16225898265838623,
        -0.11930334568023682,
        -0.10013401508331299,
        -0.06671774387359619,
        -0.09146606922149658,
        -0.160101056098938,
        -0.18072509765625,
        -0.1879655122756958,
        -0.17071568965911865,
        -0.18798887729644775,
        -0.15460383892059326,
        -0.12923967838287354,
        -0.10508942604064941,
        -0.11903572082519531,
        -0.1436302661895752,
        -0.1403735876083374,
        -0.15407419204711914,
        -0.16603052616119385,
        -0.21137022972106934,
        -0.23425054550170898,
        -0.24347519874572754,
        -0.26676440238952637,
        -0.2728959321975708
    ],
    "train_loss_history": [
        6.26419198513031,
        4.005550901095073,
        2.6747190256913504,
        1.7503405176103115,
        2.256972392400106,
        1.539711018403371,
        1.7358524600664775,
        1.9122072805960972,
        1.8779340547819932,
        1.6855224122603734,
        1.9196864664554596,
        1.6693960030873616,
        1.8213501597444217,
        1.4851465026537578,
        1.5859316885471344,
        1.9043590327103932,
        1.857881068077404,
        1.9868662854035695,
        1.5473898599545162,
        1.6254217475652695,
        1.614099070429802,
        1.806844433148702,
        1.6337000727653503,
        1.6673149367173512,
        1.3887066841125488,
        1.5827950052917004,
        1.438660557071368,
        1.581113616625468,
        1.5819956126312416,
        1.5994787911574047,
        1.8297170301278431,
        1.5582629541556041
    ],
    "test_loss_history": [
        10.678930282592773,
        10.026411056518555,
        8.865864753723145,
        7.370632171630859,
        6.154738903045654,
        5.39717960357666,
        5.144194602966309,
        5.1333441734313965,
        4.936634063720703,
        4.5760931968688965,
        4.406966686248779,
        4.3314924240112305,
        4.199924468994141,
        4.297364711761475,
        4.567597389221191,
        4.64879846572876,
        4.677306175231934,
        4.609389781951904,
        4.677398204803467,
        4.545953273773193,
        4.4460883140563965,
        4.3510026931762695,
        4.40591287612915,
        4.502747535705566,
        4.489924907684326,
        4.543867588043213,
        4.5909423828125,
        4.769456386566162,
        4.859541893005371,
        4.895861625671387,
        4.987556457519531,
        5.011697769165039
    ]
}