{
    "num_conv_blocks": 3,
    "initial_channels": 64,
    "dropout_rate": 0.33,
    "learning_rate": 0.001,
    "best_test_r2": 0.3587537407875061,
    "best_test_loss": 2.274106979370117,
    "final_train_r2": -4.649653911590576,
    "train_r2_history": [
        -93.84712982177734,
        -19.140779495239258,
        -19.46147918701172,
        -14.387541770935059,
        -13.439496040344238,
        -9.394794464111328,
        -22.6510066986084,
        -18.101985931396484,
        -13.2461576461792,
        -10.92134952545166,
        -13.278838157653809,
        -15.378217697143555,
        -20.88726806640625,
        -10.462421417236328,
        -9.812980651855469,
        -9.24854850769043,
        -8.357254028320312,
        -10.800722122192383,
        -13.552655220031738,
        -11.702177047729492,
        -16.975191116333008,
        -9.751699447631836,
        -9.082354545593262,
        -9.237776756286621,
        -6.963254451751709,
        -8.704468727111816,
        -8.033157348632812,
        -13.63747787475586,
        -7.665628433227539,
        -7.312121391296387,
        -11.387553215026855,
        -14.467026710510254,
        -6.85232400894165,
        -6.445229530334473,
        -7.5758161544799805,
        -10.588325500488281,
        -8.075943946838379,
        -7.382061004638672,
        -9.4424467086792,
        -7.7246503829956055,
        -7.296913146972656,
        -7.975046157836914,
        -6.574881076812744,
        -8.670186042785645,
        -5.248355865478516,
        -6.449789047241211,
        -7.7682085037231445,
        -7.695289611816406,
        -6.021660804748535,
        -7.722723960876465,
        -8.445154190063477,
        -5.90059757232666,
        -6.675316333770752,
        -6.506799221038818,
        -7.657382965087891,
        -5.688155174255371,
        -5.885664939880371,
        -6.982140064239502,
        -8.345330238342285,
        -6.55941915512085,
        -5.674446105957031,
        -8.292108535766602,
        -6.65873908996582,
        -4.649653911590576
    ],
    "test_r2_history": [
        -145.9507598876953,
        -52.21054458618164,
        -24.720041275024414,
        -43.634193420410156,
        -4.0963897705078125,
        -23.021038055419922,
        -9.255194664001465,
        -1.197906494140625,
        -7.45411491394043,
        -3.6879897117614746,
        -0.5247528553009033,
        -15.956916809082031,
        -1.3864810466766357,
        -0.31165003776550293,
        -5.836191654205322,
        -3.4791436195373535,
        -6.146031379699707,
        -0.5807206630706787,
        -1.775846004486084,
        -9.514225959777832,
        -0.35991525650024414,
        0.30523115396499634,
        -3.5115699768066406,
        -2.60493540763855,
        0.3108205795288086,
        -1.9909875392913818,
        -0.7057583332061768,
        0.2704276442527771,
        -1.265838623046875,
        0.1330692172050476,
        -7.874420166015625,
        -7.354348182678223,
        -2.5061841011047363,
        0.05295199155807495,
        -0.2312251329421997,
        -0.5967146158218384,
        -0.8004366159439087,
        -0.9420907497406006,
        -0.7294807434082031,
        0.04446887969970703,
        0.002597510814666748,
        0.2748253345489502,
        0.18140286207199097,
        0.20456016063690186,
        0.3587537407875061,
        0.354215145111084,
        0.2141730785369873,
        0.043096303939819336,
        0.05550515651702881,
        -0.1502218246459961,
        -0.35869622230529785,
        -0.3092777729034424,
        -0.2789633274078369,
        -0.09477818012237549,
        0.04852139949798584,
        0.20000141859054565,
        0.2315584421157837,
        0.05367732048034668,
        0.1907629370689392,
        0.06360656023025513,
        -0.05519986152648926,
        -0.11609530448913574,
        0.04496455192565918,
        -0.18487751483917236
    ],
    "train_loss_history": [
        346.06482823689777,
        72.72675482432048,
        89.48582077026367,
        53.02780326207479,
        58.26296933492025,
        43.333596547444664,
        90.29227701822917,
        71.13949267069499,
        54.0792023340861,
        51.755412101745605,
        63.08518664042155,
        62.510010401407875,
        77.63143730163574,
        40.81979544957479,
        42.065274238586426,
        37.277848879496254,
        41.66000207265218,
        40.35211698214213,
        55.859005292256676,
        48.61856619517008,
        73.53256734212239,
        41.367412408192955,
        35.781606674194336,
        43.830610275268555,
        39.15673144658407,
        34.61487913131714,
        31.36818257967631,
        51.168513456980385,
        29.90427827835083,
        43.148075103759766,
        49.07501252492269,
        56.35881741841634,
        29.945170402526855,
        29.084554592768352,
        29.46177093187968,
        43.53809356689453,
        36.37108039855957,
        28.952484369277954,
        44.02478392918905,
        30.056441863377888,
        30.097469806671143,
        30.746008316675823,
        25.901960968971252,
        39.84508434931437,
        30.21056667963664,
        25.806430021921795,
        32.18024285634359,
        37.61169878641764,
        24.295641859372456,
        29.9799565076828,
        34.620975494384766,
        26.311548074086506,
        27.137452284495037,
        35.267579873402916,
        30.3799831867218,
        24.470768928527832,
        27.691696484883625,
        32.5851214726766,
        34.21445115407308,
        33.26641432444254,
        25.43812084197998,
        42.868950843811035,
        28.351354440053303,
        19.700896779696148
    ],
    "test_loss_history": [
        521.1442260742188,
        188.7051544189453,
        91.21322631835938,
        158.2901153564453,
        18.073768615722656,
        85.18789672851562,
        36.36888885498047,
        7.794628143310547,
        29.981557846069336,
        16.625423431396484,
        5.407362937927246,
        60.13578796386719,
        8.463384628295898,
        4.651618480682373,
        24.2437801361084,
        15.884775161743164,
        25.342592239379883,
        5.605847358703613,
        9.844223022460938,
        37.287513732910156,
        4.8227858543396,
        2.463919162750244,
        15.999772071838379,
        12.78449535369873,
        2.444096565246582,
        10.607198715209961,
        6.049278736114502,
        2.587345838546753,
        8.035540580749512,
        3.0744717121124268,
        31.472126007080078,
        29.627748489379883,
        12.434285163879395,
        3.3585991859436035,
        4.366400718688965,
        5.66256856918335,
        6.385045051574707,
        6.887404441833496,
        6.133409023284912,
        3.3886826038360596,
        3.537175416946411,
        2.5717501640319824,
        2.903062105178833,
        2.820937156677246,
        2.274106979370117,
        2.2902028560638428,
        2.78684663772583,
        3.393550395965576,
        3.349543571472168,
        4.079131603240967,
        4.818463325500488,
        4.643205642700195,
        4.535698413848877,
        3.882506847381592,
        3.3743112087249756,
        2.837104320526123,
        2.725191354751587,
        3.3560259342193604,
        2.869868040084839,
        3.3208134174346924,
        3.7421467304229736,
        3.9581058025360107,
        3.386925220489502,
        4.202033996582031
    ]
}