{
    "num_conv_blocks": 4,
    "initial_channels": 32,
    "dropout_rate": 0.33,
    "learning_rate": 0.0001,
    "best_test_r2": -0.050397515296936035,
    "best_test_loss": 3.725116014480591,
    "final_train_r2": -7.237995147705078,
    "train_r2_history": [
        -216.97640991210938,
        -197.17837524414062,
        -171.2718048095703,
        -140.94204711914062,
        -101.89763641357422,
        -69.50550079345703,
        -42.311058044433594,
        -18.288711547851562,
        -8.961943626403809,
        -7.149977684020996,
        -14.168978691101074,
        -8.986794471740723,
        -8.220511436462402,
        -11.160908699035645,
        -8.911575317382812,
        -9.352141380310059,
        -7.9980669021606445,
        -8.035853385925293,
        -8.840495109558105,
        -7.784026145935059,
        -11.155405044555664,
        -6.267941474914551,
        -6.868362903594971,
        -4.3787384033203125,
        -6.2441911697387695,
        -7.685938835144043,
        -7.025057792663574,
        -5.8606648445129395,
        -9.137396812438965,
        -6.001238822937012,
        -6.350719451904297,
        -4.908934116363525,
        -6.845609188079834,
        -7.506755828857422,
        -6.942610263824463,
        -8.54674243927002,
        -8.55428409576416,
        -4.807694911956787,
        -7.633116722106934,
        -6.248760223388672,
        -8.216561317443848,
        -8.254222869873047,
        -7.026773452758789,
        -5.877211093902588,
        -5.875132083892822,
        -6.430063724517822,
        -5.275399208068848,
        -9.788957595825195,
        -6.498750686645508,
        -6.61185884475708,
        -8.09915828704834,
        -6.82253360748291,
        -4.874638557434082,
        -7.2343597412109375,
        -5.554128646850586,
        -5.654184341430664,
        -8.666041374206543,
        -5.5270819664001465,
        -7.29604434967041,
        -5.568428039550781,
        -8.855680465698242,
        -8.091410636901855,
        -6.142077922821045,
        -7.237995147705078
    ],
    "test_r2_history": [
        -239.48095703125,
        -233.93934631347656,
        -222.9278106689453,
        -204.38970947265625,
        -172.24879455566406,
        -120.90514373779297,
        -63.372962951660156,
        -24.39935302734375,
        -10.931395530700684,
        -11.71041488647461,
        -17.6900634765625,
        -18.588775634765625,
        -25.908235549926758,
        -25.284421920776367,
        -26.47177505493164,
        -21.24102020263672,
        -16.452749252319336,
        -14.435412406921387,
        -14.463078498840332,
        -12.727346420288086,
        -8.645326614379883,
        -6.498392581939697,
        -5.466372013092041,
        -5.564143657684326,
        -4.1563544273376465,
        -3.8880438804626465,
        -3.462869644165039,
        -4.03863000869751,
        -4.711341381072998,
        -4.699651718139648,
        -3.796302318572998,
        -2.5172760486602783,
        -2.618783950805664,
        -2.3309669494628906,
        -1.532226324081421,
        -1.8222644329071045,
        -2.2942585945129395,
        -2.818925380706787,
        -2.9377007484436035,
        -2.08400297164917,
        -1.4897077083587646,
        -0.9518852233886719,
        -0.38111138343811035,
        -0.0768430233001709,
        -0.050397515296936035,
        -0.4048198461532593,
        -0.8473697900772095,
        -0.8793271780014038,
        -0.7457015514373779,
        -0.2915527820587158,
        -0.21962928771972656,
        -0.31167542934417725,
        -0.5210263729095459,
        -0.4281867742538452,
        -0.9080921411514282,
        -0.6703431606292725,
        -0.1652742624282837,
        -0.16064465045928955,
        -0.2504669427871704,
        -0.13379883766174316,
        -0.20014548301696777,
        -0.25638270378112793,
        -0.15539765357971191,
        -0.13533008098602295
    ],
    "train_loss_history": [
        849.1392618815104,
        768.9816385904948,
        661.1695658365885,
        533.1525929768881,
        401.9932403564453,
        280.0838317871094,
        165.54922485351562,
        69.7569367090861,
        34.193045139312744,
        35.95438019434611,
        52.571946461995445,
        40.91314125061035,
        35.22315629323324,
        41.85714638233185,
        33.82933257023493,
        50.648095766703285,
        33.736302057902016,
        43.439698219299316,
        39.1622699101766,
        32.20953845977783,
        43.76359494527181,
        29.00183900197347,
        36.27321322758993,
        19.087682088216145,
        38.63702138264974,
        40.353878021240234,
        30.717146396636963,
        28.794668197631836,
        52.45520051320394,
        26.23306639989217,
        28.49274222056071,
        26.182168165842693,
        26.69766851514578,
        32.2789691289266,
        34.12513875961304,
        33.03551737467448,
        37.049875259399414,
        23.20798087120056,
        38.09346071879069,
        24.853368520736694,
        31.82924024264018,
        31.807753324508667,
        30.09615484873454,
        26.852193196614582,
        25.25302044550578,
        27.422345479329426,
        23.424919605255127,
        50.923001289367676,
        29.785975615183514,
        29.63383134206136,
        31.637157042821247,
        26.92596185207367,
        22.016281922658283,
        40.55549987157186,
        22.82002528508504,
        29.353203137715656,
        37.43958346048991,
        26.091513633728027,
        34.41716035207113,
        22.357515089213848,
        36.1542132695516,
        37.49967098236084,
        33.6069704691569,
        29.08067750930786
    ],
    "test_loss_history": [
        852.8384399414062,
        833.185791015625,
        794.1346435546875,
        728.391357421875,
        614.4072265625,
        432.3227844238281,
        228.2914276123047,
        90.07593536376953,
        42.3133430480957,
        45.07604217529297,
        66.28219604492188,
        69.46937561035156,
        95.42701721191406,
        93.21471405029297,
        97.42555236816406,
        78.87528228759766,
        61.894203186035156,
        54.73994827270508,
        54.83805847167969,
        48.68247604370117,
        34.2060546875,
        26.592199325561523,
        22.9322566986084,
        23.278993606567383,
        18.286428451538086,
        17.33489418029785,
        15.827062606811523,
        17.86893081665039,
        20.254627227783203,
        20.213171005249023,
        17.009544372558594,
        12.473620414733887,
        12.833609580993652,
        11.812897682189941,
        8.980254173278809,
        10.008841514587402,
        11.682714462280273,
        13.543387413024902,
        13.964609146118164,
        10.937067985534668,
        8.829465866088867,
        6.922140121459961,
        4.897955894470215,
        3.818901777267456,
        3.725116014480591,
        4.982034206390381,
        6.551487445831299,
        6.664821147918701,
        6.190932273864746,
        4.58034610748291,
        4.325277328491211,
        4.651708602905273,
        5.394147872924805,
        5.064902305603027,
        6.7668328285217285,
        5.9236836433410645,
        4.132513046264648,
        4.116095066070557,
        4.4346394538879395,
        4.0208892822265625,
        4.256180286407471,
        4.4556193351745605,
        4.097486972808838,
        4.026319980621338
    ]
}