{
    "num_conv_blocks": 3,
    "initial_channels": 32,
    "dropout_rate": 0.33,
    "learning_rate": 0.001,
    "best_test_r2": 0.4728469252586365,
    "best_test_loss": 1.8694889545440674,
    "final_train_r2": -10.671036720275879,
    "train_r2_history": [
        -112.15927124023438,
        -42.188377380371094,
        -22.707996368408203,
        -19.527536392211914,
        -16.474716186523438,
        -13.41860294342041,
        -15.39256477355957,
        -12.538912773132324,
        -14.386615753173828,
        -16.897502899169922,
        -14.50222110748291,
        -12.96263313293457,
        -14.719078063964844,
        -7.93430233001709,
        -8.2728853225708,
        -10.32268238067627,
        -15.7685546875,
        -24.46287727355957,
        -16.069557189941406,
        -12.200363159179688,
        -12.259220123291016,
        -13.007067680358887,
        -13.30482292175293,
        -8.358948707580566,
        -11.1265287399292,
        -13.298646926879883,
        -10.932778358459473,
        -7.5730695724487305,
        -8.615721702575684,
        -7.569129943847656,
        -10.468050956726074,
        -10.374585151672363,
        -11.375955581665039,
        -7.7577009201049805,
        -8.69442367553711,
        -6.241273880004883,
        -6.588275909423828,
        -6.494555950164795,
        -11.606460571289062,
        -5.829341888427734,
        -9.81393814086914,
        -6.117161273956299,
        -9.485452651977539,
        -9.699125289916992,
        -7.511321067810059,
        -9.756109237670898,
        -7.852446556091309,
        -10.897246360778809,
        -9.84326171875,
        -7.511167526245117,
        -5.755547046661377,
        -7.866037368774414,
        -7.710287094116211,
        -6.878323078155518,
        -9.1168794631958,
        -7.658493995666504,
        -6.803509712219238,
        -12.583297729492188,
        -9.03222370147705,
        -7.288386344909668,
        -8.843671798706055,
        -6.049290657043457,
        -7.275561332702637,
        -10.671036720275879
    ],
    "test_r2_history": [
        -171.6412353515625,
        -115.32093048095703,
        -37.94534683227539,
        -2.22480845451355,
        -0.9403831958770752,
        -4.0270676612854,
        -10.989691734313965,
        -0.7736532688140869,
        -4.497696399688721,
        -3.188070297241211,
        -3.434166431427002,
        -6.727470397949219,
        -0.1847764253616333,
        -1.245544195175171,
        0.08101850748062134,
        -0.8149911165237427,
        -6.341604709625244,
        -13.053071022033691,
        -3.176368236541748,
        -5.8071489334106445,
        -6.125667572021484,
        -1.666363000869751,
        -0.2801506519317627,
        -0.43785202503204346,
        -3.1155309677124023,
        0.23001879453659058,
        -0.7812842130661011,
        -0.0074166059494018555,
        0.15725404024124146,
        -0.36866915225982666,
        -1.0778958797454834,
        -2.5608649253845215,
        -0.6099109649658203,
        0.17033129930496216,
        0.42749422788619995,
        -0.0995262861251831,
        0.2543299198150635,
        0.40181195735931396,
        0.006062805652618408,
        -0.0833820104598999,
        -0.02348172664642334,
        -0.07164835929870605,
        -0.671019434928894,
        -0.2102818489074707,
        0.4728469252586365,
        0.30575108528137207,
        -1.0731911659240723,
        -0.7370537519454956,
        -0.1538529396057129,
        -0.591463565826416,
        -0.21806931495666504,
        -0.03378558158874512,
        -0.01889026165008545,
        0.2793164849281311,
        0.098239004611969,
        -0.3514587879180908,
        -1.0726213455200195,
        -1.5572583675384521,
        -0.9526938199996948,
        -0.6685528755187988,
        -0.4419625997543335,
        -0.0789409875869751,
        -0.2629925012588501,
        -0.15820324420928955
    ],
    "train_loss_history": [
        386.02327823638916,
        149.22709369659424,
        91.13545417785645,
        76.50179735819499,
        86.38608868916829,
        54.34963734944662,
        61.00701713562012,
        47.97108379999796,
        52.936769247055054,
        71.39652824401855,
        55.33985137939453,
        63.1837371190389,
        58.54571787516276,
        30.825602332750957,
        31.73754020531972,
        39.40569472312927,
        97.44702212015788,
        90.84017117818196,
        80.04420026143391,
        53.557936350504555,
        47.418880462646484,
        49.040648778279625,
        54.039313634236656,
        35.543623288472496,
        43.56578350067139,
        55.11854807535807,
        42.99405860900879,
        29.53857211271922,
        35.086849530537926,
        33.55991586049398,
        42.20830694834391,
        40.627041021982826,
        42.1096368531386,
        38.50445079803467,
        33.34733839829763,
        27.12509314219157,
        27.009798367818195,
        28.708778699239094,
        43.02156347036362,
        26.81099859873454,
        43.71742947896322,
        26.639779726664226,
        36.45753701527914,
        39.25820875167847,
        30.430915037790935,
        48.67015775044759,
        39.28149890899658,
        44.9671516418457,
        63.57453600565592,
        31.334885438283283,
        23.032075961430866,
        31.737897713979084,
        31.84499677022298,
        27.40154226620992,
        44.43085606892904,
        39.35037612915039,
        32.78732426961263,
        53.96340243021647,
        38.53574816385905,
        35.096549113591514,
        56.169517834981285,
        24.12075545390447,
        34.22444979349772,
        45.2237294514974
    ],
    "test_loss_history": [
        612.2525634765625,
        412.5190124511719,
        138.11526489257812,
        11.436417579650879,
        6.881350040435791,
        17.827930450439453,
        42.52008819580078,
        6.290060520172119,
        19.496957778930664,
        14.852518081665039,
        15.72527027130127,
        27.404598236083984,
        4.2016754150390625,
        7.963567733764648,
        3.259063959121704,
        6.436661243438721,
        26.036170959472656,
        49.83763122558594,
        14.811017036437988,
        24.14078140258789,
        25.270374298095703,
        9.455954551696777,
        4.539909362792969,
        5.099179744720459,
        14.59526538848877,
        2.730651378631592,
        6.317123889923096,
        3.5726890563964844,
        2.9887032508850098,
        4.853829860687256,
        7.369023323059082,
        12.628207206726074,
        5.709366321563721,
        2.942326307296753,
        2.0303268432617188,
        3.899345636367798,
        2.644434928894043,
        2.121406316757202,
        3.524885892868042,
        3.8420917987823486,
        3.6296615600585938,
        3.8004794120788574,
        5.92608118057251,
        4.29212760925293,
        1.8694889545440674,
        2.4620752334594727,
        7.352337837219238,
        6.160264492034912,
        4.0920090675354,
        5.643945693969727,
        4.319745063781738,
        3.6662044525146484,
        3.6133790016174316,
        2.5558228492736816,
        3.197993278503418,
        4.792795181274414,
        7.350316524505615,
        9.069026947021484,
        6.925008296966553,
        5.917333602905273,
        5.1137566566467285,
        3.8263418674468994,
        4.47905969619751,
        4.1074371337890625
    ]
}