{
    "num_conv_blocks": 3,
    "initial_channels": 16,
    "dropout_rate": 0.33,
    "learning_rate": 0.0001,
    "best_test_r2": 0.7179908752441406,
    "best_test_loss": 12.242506980895996,
    "final_train_r2": 0.23662233352661133,
    "train_r2_history": [
        -0.307401180267334,
        -0.24015319347381592,
        -0.12907958030700684,
        -0.06647980213165283,
        -0.02567756175994873,
        0.013783931732177734,
        0.0076143741607666016,
        -0.005018472671508789,
        -0.017363309860229492,
        0.07268571853637695,
        0.0064067840576171875,
        0.14816582202911377,
        0.04570162296295166,
        0.10830658674240112,
        0.13106483221054077,
        0.25522929430007935,
        0.09335929155349731,
        0.08864760398864746,
        0.2140876054763794,
        0.045801520347595215,
        0.18615210056304932,
        0.1760338544845581,
        0.3142167329788208,
        0.29639261960983276,
        0.16055309772491455,
        0.3162963390350342,
        0.3644355535507202,
        0.3105366826057434,
        0.22734546661376953,
        0.35792869329452515,
        -0.01986110210418701,
        0.3222435712814331,
        0.39927971363067627,
        0.37286102771759033,
        0.35584133863449097,
        0.29455918073654175,
        0.2986091375350952,
        0.26723212003707886,
        0.24509292840957642,
        0.25660085678100586,
        0.5437736511230469,
        0.15346550941467285,
        0.4307163953781128,
        0.43830204010009766,
        0.41273778676986694,
        0.3326660394668579,
        0.6052552461624146,
        0.2397822141647339,
        0.4602082371711731,
        0.2648317813873291,
        0.5593269467353821,
        0.33261430263519287,
        0.3387352228164673,
        0.45476746559143066,
        0.38176316022872925,
        0.4336763024330139,
        0.4364388585090637,
        0.1055300235748291,
        0.572185218334198,
        0.23662233352661133
    ],
    "test_r2_history": [
        -0.3663865327835083,
        -0.3362882137298584,
        -0.29484784603118896,
        -0.24100589752197266,
        -0.16415512561798096,
        -0.0970543622970581,
        -0.03720402717590332,
        0.018031716346740723,
        0.08558118343353271,
        0.13717132806777954,
        0.17997199296951294,
        0.2124534249305725,
        0.2645087242126465,
        0.23660153150558472,
        0.2375158667564392,
        0.3190755248069763,
        0.3243524432182312,
        0.2926328182220459,
        0.34679579734802246,
        0.3589804768562317,
        0.3655703663825989,
        0.3824704885482788,
        0.3998224139213562,
        0.43092459440231323,
        0.44474881887435913,
        0.4624060392379761,
        0.5101577043533325,
        0.5809727907180786,
        0.47144508361816406,
        0.5915874242782593,
        0.5236175656318665,
        0.47544795274734497,
        0.4417898654937744,
        0.45723575353622437,
        0.499050498008728,
        0.5454390645027161,
        0.5063028335571289,
        0.5052204728126526,
        0.5146734118461609,
        0.6239842772483826,
        0.7179908752441406,
        0.6976778507232666,
        0.6520429849624634,
        0.6987528204917908,
        0.665149450302124,
        0.6699191331863403,
        0.6745690107345581,
        0.7108669281005859,
        0.6823757886886597,
        0.6840635538101196,
        0.6872837543487549,
        0.7070826292037964,
        0.6914998292922974,
        0.7006911039352417,
        0.6466415524482727,
        0.6733146905899048,
        0.6935634016990662,
        0.6984357833862305,
        0.6764082908630371,
        0.6707861423492432
    ],
    "train_loss_history": [
        76.62028427918752,
        73.39618515968323,
        69.33131023248036,
        64.29999717076619,
        66.42120774586995,
        63.8615882396698,
        61.21640634536743,
        60.04672781626383,
        60.016626596450806,
        53.384127616882324,
        59.50832970937093,
        40.948110024134316,
        49.57545757293701,
        49.24258693059286,
        50.06709734598795,
        39.250709533691406,
        48.97576141357422,
        43.750500520070396,
        40.72152964274088,
        41.83765729268392,
        40.83908748626709,
        42.057669162750244,
        31.032910029093426,
        42.92097314198812,
        40.67099332809448,
        35.48050355911255,
        27.971315224965412,
        30.739708582560223,
        41.40759992599487,
        30.733642578125,
        52.849480311075844,
        44.44428173700968,
        30.369472980499268,
        26.631327152252197,
        30.170006434122723,
        35.20614290237427,
        29.93071174621582,
        33.67702849706014,
        32.63950888315836,
        30.482682863871258,
        19.62304441134135,
        35.89262135823568,
        29.413703282674152,
        27.878462433815002,
        25.027057488759358,
        31.515118916829426,
        13.660591502984365,
        30.391908645629883,
        19.508556365966797,
        34.73198429743449,
        17.34531299273173,
        25.914459864298504,
        30.162678082784016,
        27.0122967561086,
        23.004565954208374,
        25.181618372599285,
        23.79919147491455,
        40.50760539372762,
        15.120940764745077,
        36.47775332132975
    ],
    "test_loss_history": [
        59.317222595214844,
        58.01060485839844,
        56.21159744262695,
        53.87422561645508,
        50.53800582885742,
        47.62504577636719,
        45.02683639526367,
        42.62895584106445,
        39.69651794433594,
        37.4568977355957,
        35.598846435546875,
        34.18877410888672,
        31.92896270751953,
        33.14046096801758,
        33.100765228271484,
        29.560121536254883,
        29.33104133605957,
        30.708044052124023,
        28.356735229492188,
        27.827774047851562,
        27.541696548461914,
        26.808032989501953,
        26.05475425720215,
        24.704557418823242,
        24.10442543029785,
        23.337888717651367,
        21.264907836914062,
        18.190702438354492,
        22.94548797607422,
        17.729902267456055,
        20.68059539794922,
        22.771717071533203,
        24.23287582397461,
        23.56234359741211,
        21.747093200683594,
        19.733285903930664,
        21.4322566986084,
        21.47924041748047,
        21.068872451782227,
        16.323497772216797,
        12.242506980895996,
        13.124329566955566,
        15.105420112609863,
        13.077664375305176,
        14.53644847869873,
        14.329387664794922,
        14.127525329589844,
        12.551769256591797,
        13.788618087768555,
        13.715354919433594,
        13.575557708740234,
        12.71605396270752,
        13.39253044128418,
        12.993521690368652,
        15.339905738830566,
        14.181977272033691,
        13.302947044372559,
        13.09142780303955,
        14.04768180847168,
        14.291749000549316
    ]
}