{
    "num_conv_blocks": 2,
    "initial_channels": 32,
    "dropout_rate": 0.33,
    "learning_rate": 0.0001,
    "best_test_r2": -3.2233057022094727,
    "best_test_loss": 14.9774751663208,
    "final_train_r2": -10.081405639648438,
    "train_r2_history": [
        -199.93826293945312,
        -122.15997314453125,
        -64.10897064208984,
        -24.268342971801758,
        -13.1334810256958,
        -20.185348510742188,
        -15.999347686767578,
        -13.924539566040039,
        -12.836965560913086,
        -14.646794319152832,
        -12.481742858886719,
        -14.859923362731934,
        -9.783621788024902,
        -16.877315521240234,
        -13.364521980285645,
        -12.113149642944336,
        -19.502159118652344,
        -9.99441146850586,
        -13.256400108337402,
        -8.934269905090332,
        -14.092230796813965,
        -9.884101867675781,
        -15.680376052856445,
        -10.5601224899292,
        -12.618473052978516,
        -12.532748222351074,
        -16.776424407958984,
        -9.1156587600708,
        -8.717850685119629,
        -7.719381332397461,
        -10.532437324523926,
        -15.905557632446289,
        -7.9295454025268555,
        -10.081405639648438
    ],
    "test_r2_history": [
        -233.47943115234375,
        -210.955810546875,
        -174.3495635986328,
        -131.26136779785156,
        -91.61106872558594,
        -71.92747497558594,
        -53.14278793334961,
        -38.50547409057617,
        -27.563417434692383,
        -23.804187774658203,
        -19.966632843017578,
        -14.718438148498535,
        -7.852062225341797,
        -3.3564672470092773,
        -3.2233057022094727,
        -6.7286176681518555,
        -10.112385749816895,
        -13.082107543945312,
        -12.701066970825195,
        -8.674933433532715,
        -5.858669757843018,
        -6.6244797706604,
        -6.997433662414551,
        -5.399563789367676,
        -4.373217582702637,
        -4.071827411651611,
        -4.117767333984375,
        -5.225235939025879,
        -4.6282854080200195,
        -4.311688423156738,
        -4.9763078689575195,
        -5.438048839569092,
        -4.9289631843566895,
        -5.094600677490234
    ],
    "train_loss_history": [
        764.3160909016927,
        469.76654561360675,
        235.51651509602866,
        91.73292922973633,
        59.39608256022135,
        76.18798828125,
        59.00330432256063,
        53.125655810038246,
        53.40234565734863,
        70.11411126454671,
        48.30240694681803,
        54.743947426478066,
        54.40125560760498,
        84.75280062357585,
        57.757622718811035,
        52.37985038757324,
        74.12573369344075,
        43.42050965627035,
        56.743780771891274,
        34.58933711051941,
        74.21583048502605,
        41.54183419545492,
        61.121743520100914,
        50.442434310913086,
        52.18580182393392,
        46.7389710744222,
        72.71397654215495,
        37.501992543538414,
        44.41759427388509,
        30.185929934183758,
        52.43435096740723,
        63.84992186228434,
        30.823054552078247,
        44.73065185546875
    ],
    "test_loss_history": [
        831.5548095703125,
        751.6773681640625,
        621.8573608398438,
        469.04998779296875,
        328.4346923828125,
        258.6290283203125,
        192.0112762451172,
        140.10171508789062,
        101.29692840576172,
        87.96524810791016,
        74.35579681396484,
        55.74366760253906,
        31.392837524414062,
        15.44971752166748,
        14.9774751663208,
        27.40867042541504,
        39.4088134765625,
        49.94060516357422,
        48.58928298950195,
        34.311058044433594,
        24.323495864868164,
        27.039356231689453,
        28.36199188232422,
        22.695331573486328,
        19.05550765991211,
        17.986661911010742,
        18.14958381652832,
        22.07709503173828,
        19.96007537841797,
        18.837303161621094,
        21.194297790527344,
        22.831809997558594,
        21.026397705078125,
        21.613811492919922
    ]
}