{
    "num_conv_blocks": 2,
    "initial_channels": 16,
    "dropout_rate": 0.33,
    "learning_rate": 0.0001,
    "best_test_r2": 0.8219607472419739,
    "best_test_loss": 7.728994369506836,
    "final_train_r2": 0.7179103493690491,
    "train_r2_history": [
        -0.24218010902404785,
        -0.09343850612640381,
        0.01705336570739746,
        -0.02351701259613037,
        0.11382466554641724,
        -0.02677285671234131,
        0.1030421257019043,
        -0.013909578323364258,
        0.1374279260635376,
        0.18847697973251343,
        0.23927003145217896,
        0.22496789693832397,
        0.10444271564483643,
        0.10707932710647583,
        0.3001939654350281,
        0.2840874195098877,
        0.054964423179626465,
        0.11820358037948608,
        0.4176526665687561,
        0.29714393615722656,
        0.33876854181289673,
        0.3993299603462219,
        0.5283315181732178,
        0.16159796714782715,
        0.206232488155365,
        0.48268818855285645,
        0.3854596018791199,
        0.38035160303115845,
        0.25961625576019287,
        0.43877971172332764,
        0.4311710596084595,
        0.3178101181983948,
        0.2569701671600342,
        0.5039448738098145,
        0.45098501443862915,
        0.46540290117263794,
        0.40632933378219604,
        0.44974076747894287,
        0.4996480941772461,
        0.4293159246444702,
        0.45226097106933594,
        0.37089645862579346,
        0.4353417754173279,
        0.4539499282836914,
        0.4471496343612671,
        0.5898745059967041,
        0.6773824691772461,
        0.47756725549697876,
        0.6204231977462769,
        0.44526374340057373,
        0.634996771812439,
        0.4998624920845032,
        0.6155041456222534,
        0.6430451273918152,
        0.6490930318832397,
        0.7179103493690491
    ],
    "test_r2_history": [
        -0.3581583499908447,
        -0.3120540380477905,
        -0.2663811445236206,
        -0.22605538368225098,
        -0.19972896575927734,
        -0.1821964979171753,
        -0.09307217597961426,
        -0.019899964332580566,
        0.06978970766067505,
        0.14287501573562622,
        0.2115781307220459,
        0.2550910711288452,
        0.3011936545372009,
        0.3510438799858093,
        0.4128177762031555,
        0.4570949077606201,
        0.46410006284713745,
        0.4645954370498657,
        0.48207855224609375,
        0.5410622954368591,
        0.589198648929596,
        0.6120740175247192,
        0.6298477649688721,
        0.6632634997367859,
        0.6590402126312256,
        0.6749371290206909,
        0.7040529251098633,
        0.6912894248962402,
        0.659659743309021,
        0.6623631119728088,
        0.7056701183319092,
        0.7068307995796204,
        0.7208077311515808,
        0.7158399820327759,
        0.734619677066803,
        0.7624955177307129,
        0.8219607472419739,
        0.7572780847549438,
        0.7413392066955566,
        0.7464810609817505,
        0.7793478965759277,
        0.7715935707092285,
        0.7789202332496643,
        0.7671777009963989,
        0.7444813847541809,
        0.7522812485694885,
        0.76551353931427,
        0.7857523560523987,
        0.8206564784049988,
        0.8076050281524658,
        0.7760007381439209,
        0.7814910411834717,
        0.769347071647644,
        0.7653289437294006,
        0.790949285030365,
        0.7951300740242004
    ],
    "train_loss_history": [
        72.84799794356029,
        68.98918215433757,
        60.10173726081848,
        64.36624932289124,
        58.81270941098531,
        62.55311425526937,
        58.31360387802124,
        63.31331022580465,
        50.779255628585815,
        47.91539168357849,
        42.58552368481954,
        48.32999054590861,
        49.83912881215414,
        49.2674757639567,
        45.85819546381632,
        38.084883054097496,
        49.36646525065104,
        51.012115796407066,
        30.69993257522583,
        33.757021268208824,
        40.122227907180786,
        31.997434775034588,
        25.52515522638957,
        39.95753765106201,
        40.60020526250204,
        33.70408852895101,
        37.34704748789469,
        35.9659374554952,
        32.058462142944336,
        26.42652428150177,
        35.33921162287394,
        33.15256071090698,
        31.170398235321045,
        32.33137849966685,
        34.61768134435018,
        25.45026199022929,
        23.048119862874348,
        21.103009462356567,
        17.407631417115528,
        28.126142660776775,
        28.552055199940998,
        30.15822180112203,
        27.503971179326374,
        28.304272890090942,
        20.875413020451862,
        15.193541526794434,
        13.490658124287924,
        25.875357309977215,
        18.798625469207764,
        22.67183272043864,
        21.32542896270752,
        18.238810817400616,
        19.626850088437397,
        12.213834782441458,
        12.15500126282374,
        13.56257152557373
    ],
    "test_loss_history": [
        58.960025787353516,
        56.95854949951172,
        54.97581481933594,
        53.22520065307617,
        52.08232498168945,
        51.32121276855469,
        47.452171325683594,
        44.275638580322266,
        40.382049560546875,
        37.20929718017578,
        34.22676467895508,
        32.337799072265625,
        30.336400985717773,
        28.172317504882812,
        25.4906063079834,
        23.568458557128906,
        23.264352798461914,
        23.242847442626953,
        22.483875274658203,
        19.92328453063965,
        17.83360481262207,
        16.840543746948242,
        16.068952560424805,
        14.618319511413574,
        14.801656723022461,
        14.11154556274414,
        12.847578048706055,
        13.401666641235352,
        14.774763107299805,
        14.6574068069458,
        12.777373313903809,
        12.726987838745117,
        12.120222091674805,
        12.335885047912598,
        11.520623207092285,
        10.310484886169434,
        7.728994369506836,
        10.536981582641602,
        11.22891902923584,
        11.005701065063477,
        9.578890800476074,
        9.915523529052734,
        9.597460746765137,
        10.107219696044922,
        11.092508316040039,
        10.753902435302734,
        10.179465293884277,
        9.300864219665527,
        7.78561544418335,
        8.352201461791992,
        9.724197387695312,
        9.48585319519043,
        10.013044357299805,
        10.187479019165039,
        9.07525634765625,
        8.893762588500977
    ]
}