{
    "num_conv_blocks": 3,
    "initial_channels": 32,
    "dropout_rate": 0.33,
    "learning_rate": 0.0001,
    "best_test_r2": 0.5407017469406128,
    "best_test_loss": 17.032499313354492,
    "final_train_r2": 0.2624635100364685,
    "train_r2_history": [
        -2.484142541885376,
        -1.3320844173431396,
        -0.5598801374435425,
        0.0394018292427063,
        0.1752501130104065,
        0.18599146604537964,
        -0.07507264614105225,
        0.19454461336135864,
        0.17052960395812988,
        0.07865369319915771,
        -0.022519588470458984,
        0.23296469449996948,
        0.2078465223312378,
        0.02116471529006958,
        0.23922044038772583,
        0.40707361698150635,
        0.10637933015823364,
        0.1755039095878601,
        0.2665686011314392,
        0.24911320209503174,
        0.14786696434020996,
        0.1500718593597412,
        0.38748353719711304,
        0.34368205070495605,
        -0.06909763813018799,
        0.35462653636932373,
        0.34165453910827637,
        0.2670750617980957,
        0.29546988010406494,
        0.15066808462142944,
        0.30952155590057373,
        0.057761192321777344,
        0.3507435917854309,
        0.18263977766036987,
        0.07441723346710205,
        -0.051068902015686035,
        0.33120959997177124,
        0.37380045652389526,
        0.17958521842956543,
        0.3105659484863281,
        0.24607521295547485,
        0.19766688346862793,
        0.2624635100364685
    ],
    "test_r2_history": [
        -4.550048351287842,
        -4.073283672332764,
        -3.5352487564086914,
        -2.8503379821777344,
        -2.204759120941162,
        -1.7128942012786865,
        -1.2966525554656982,
        -0.8981835842132568,
        -0.6381144523620605,
        -0.3076568841934204,
        -0.04651987552642822,
        0.07157015800476074,
        0.13269412517547607,
        0.256458044052124,
        0.3163737654685974,
        0.2741281986236572,
        0.2727891802787781,
        0.4045218229293823,
        0.3722022771835327,
        0.3890460729598999,
        0.4924479126930237,
        0.4854215383529663,
        0.37346988916397095,
        0.5407017469406128,
        0.4780067801475525,
        0.408994197845459,
        0.3683590292930603,
        0.40188145637512207,
        0.253084659576416,
        0.17327868938446045,
        0.23812466859817505,
        0.30363982915878296,
        0.37873584032058716,
        0.3913993239402771,
        0.44353723526000977,
        0.4184723496437073,
        0.4157872200012207,
        0.44055289030075073,
        0.45288145542144775,
        0.4372595548629761,
        0.4115470051765442,
        0.3846501111984253,
        0.39597833156585693
    ],
    "train_loss_history": [
        269.16477330525714,
        174.43823130925497,
        119.30638027191162,
        73.27885182698567,
        62.749570528666176,
        65.90775887171428,
        84.4901180267334,
        61.06839179992676,
        69.39306354522705,
        70.5623672803243,
        79.88998031616211,
        58.940845330556236,
        60.46073897679647,
        76.25056155522664,
        68.19646867116292,
        47.09691969553629,
        68.18832890192668,
        65.07917340596516,
        67.90694777170818,
        62.40812969207764,
        68.60960960388184,
        72.61246490478516,
        46.22859795888265,
        51.84126631418864,
        82.14998563130696,
        50.558460553487144,
        52.773716608683266,
        59.9632142384847,
        54.81952476501465,
        66.15954240163167,
        54.506161053975426,
        72.66350936889648,
        49.57838519414266,
        64.42018969853719,
        69.03782498836517,
        79.53392696380615,
        52.3692242304484,
        48.60642306009928,
        67.5578974088033,
        53.20117505391439,
        56.45083363850912,
        64.55510266621907,
        57.44658342997233
    ],
    "test_loss_history": [
        205.8165740966797,
        188.13633728027344,
        168.18402099609375,
        142.78494262695312,
        118.84446716308594,
        100.60428619384766,
        85.16847229003906,
        70.39175415039062,
        60.74741744995117,
        48.4928092956543,
        38.808876037597656,
        34.42965316772461,
        32.1629524230957,
        27.573318481445312,
        25.351417541503906,
        26.918041229248047,
        26.96769905090332,
        22.082561492919922,
        23.281089782714844,
        22.656457901000977,
        18.821929931640625,
        19.082494735717773,
        23.234081268310547,
        17.032499313354492,
        19.35746192932129,
        21.916706085205078,
        23.42361068725586,
        22.18047332763672,
        27.69841766357422,
        30.65791893005371,
        28.253189086914062,
        25.823644638061523,
        23.038799285888672,
        22.569189071655273,
        20.63572120666504,
        21.565221786499023,
        21.664796829223633,
        20.74639129638672,
        20.289203643798828,
        20.86852264404297,
        21.822040557861328,
        22.819477081298828,
        22.399381637573242
    ]
}