{
    "num_conv_blocks": 2,
    "initial_channels": 64,
    "dropout_rate": 0.33,
    "learning_rate": 0.001,
    "best_test_r2": 0.8533393144607544,
    "best_test_loss": 6.366796016693115,
    "final_train_r2": 0.7194232940673828,
    "train_r2_history": [
        -0.6336251497268677,
        -0.2110205888748169,
        -0.3369152545928955,
        -0.09918951988220215,
        0.07061731815338135,
        -0.4027717113494873,
        -0.10852992534637451,
        -0.3444509506225586,
        -0.16148054599761963,
        0.16852933168411255,
        0.1638733148574829,
        -0.17286431789398193,
        0.07344937324523926,
        -0.1061018705368042,
        0.16171294450759888,
        -0.21463286876678467,
        0.10420095920562744,
        -0.039755940437316895,
        -0.045332908630371094,
        -0.297482967376709,
        -0.27505922317504883,
        -0.0009156465530395508,
        0.3445150852203369,
        0.07900887727737427,
        0.11319136619567871,
        0.29067814350128174,
        0.26262277364730835,
        0.010729432106018066,
        0.26191985607147217,
        0.3468465209007263,
        0.22361069917678833,
        0.3187630772590637,
        0.19238364696502686,
        0.2931370735168457,
        0.48296457529067993,
        0.3059268593788147,
        0.4607408046722412,
        0.22186142206192017,
        0.4654310345649719,
        0.34980303049087524,
        0.4005439877510071,
        0.4495309591293335,
        0.5454834699630737,
        0.4609583616256714,
        0.3320944309234619,
        0.05890578031539917,
        0.4240424633026123,
        0.33540159463882446,
        0.6252201199531555,
        0.5147550106048584,
        0.4275491237640381,
        0.29616886377334595,
        0.5133603811264038,
        0.5254883766174316,
        0.5318170189857483,
        0.5254369378089905,
        0.48376309871673584,
        0.7986112833023071,
        0.5978682041168213,
        0.6019060611724854,
        0.4675062298774719,
        0.6607838869094849,
        0.6215442419052124,
        0.43080681562423706,
        0.5429381132125854,
        0.6800363063812256,
        0.48739248514175415,
        0.651452898979187,
        0.7292388081550598,
        0.6586552858352661,
        0.6011718511581421,
        0.6707042455673218,
        0.6718654632568359,
        0.6646641492843628,
        0.5600897073745728,
        0.571811318397522,
        0.7138950824737549,
        0.5625337362289429,
        0.7194232940673828
    ],
    "test_r2_history": [
        -0.3653343915939331,
        -0.17537295818328857,
        -0.1483248472213745,
        -0.12948322296142578,
        0.028008639812469482,
        0.0773000717163086,
        0.12594062089920044,
        0.06548267602920532,
        0.03952944278717041,
        0.12249755859375,
        0.2902712821960449,
        0.2785549759864807,
        0.18957263231277466,
        0.19219696521759033,
        0.4258214831352234,
        0.28182435035705566,
        0.0626954436302185,
        0.08285653591156006,
        0.28850048780441284,
        0.3100017309188843,
        0.13793033361434937,
        0.1356455683708191,
        0.29065507650375366,
        0.5209289789199829,
        0.5984328389167786,
        0.5717000365257263,
        0.5226266384124756,
        0.4950609803199768,
        0.5063820481300354,
        0.58504319190979,
        0.3470403552055359,
        0.3166777491569519,
        0.3810673952102661,
        0.586152195930481,
        0.6045808792114258,
        0.6175476312637329,
        0.6512291431427002,
        0.6863402724266052,
        0.6756654977798462,
        0.651680588722229,
        0.7430785894393921,
        0.6678392887115479,
        0.6294886469841003,
        0.7062652707099915,
        0.7217738628387451,
        0.6484426856040955,
        0.4475804567337036,
        0.5407335758209229,
        0.5856431722640991,
        0.5843400955200195,
        0.6527283191680908,
        0.7835931181907654,
        0.7717698812484741,
        0.7260513305664062,
        0.7134426832199097,
        0.7237002849578857,
        0.8010431528091431,
        0.8167905807495117,
        0.8310936689376831,
        0.8533393144607544,
        0.8444355130195618,
        0.8442932367324829,
        0.7995491623878479,
        0.7557249665260315,
        0.7935174703598022,
        0.8115262985229492,
        0.8282836079597473,
        0.8359470367431641,
        0.8445445895195007,
        0.8450371623039246,
        0.8358792066574097,
        0.830010175704956,
        0.833388090133667,
        0.8504689931869507,
        0.8220036029815674,
        0.832465410232544,
        0.8340972661972046,
        0.8362882733345032,
        0.8396270871162415
    ],
    "train_loss_history": [
        94.52868294715881,
        68.05174295107524,
        73.30860662460327,
        64.76365987459819,
        44.96799659729004,
        67.70560359954834,
        57.91569375991821,
        71.51134649912517,
        63.443826834360756,
        43.04557418823242,
        38.30075295766195,
        58.29094568888346,
        42.76094023386637,
        49.283536434173584,
        47.50640638669332,
        67.24380302429199,
        65.22542603810628,
        49.594334284464516,
        53.35667943954468,
        54.60424645741781,
        57.74273363749186,
        55.41917610168457,
        38.23064708709717,
        39.07818126678467,
        42.879374504089355,
        30.79750108718872,
        34.78880453109741,
        53.00672467549642,
        38.05987151463827,
        31.140215555826824,
        32.465644200642906,
        29.835888385772705,
        31.729694843292236,
        27.075294017791748,
        22.644789536794026,
        28.939213196436565,
        30.706859906514484,
        41.448514223098755,
        19.226131200790405,
        30.028790752093,
        20.935982704162598,
        31.20009410381317,
        23.91799521446228,
        24.809932629267376,
        32.98401594161987,
        33.44737943013509,
        22.80807288487752,
        27.35846185684204,
        20.80158583323161,
        23.87605293591817,
        21.23184370994568,
        26.819597403208416,
        17.42844557762146,
        17.402836720148724,
        19.55199635028839,
        27.382529934247334,
        19.738240202267963,
        11.177983204523722,
        19.39224151770274,
        13.971932967503866,
        31.7160906791687,
        12.104132622480392,
        14.654216488202414,
        27.79501740137736,
        20.84931941827138,
        12.550986687342325,
        18.4168803691864,
        12.500612815221151,
        15.288747509320578,
        11.809923152128855,
        13.751050293445587,
        12.006174723307291,
        14.057998836040497,
        14.850856701532999,
        25.178291122118633,
        19.51394807298978,
        13.978025396664938,
        15.043533792098364,
        9.720722595850626
    ],