{
    "num_conv_blocks": 4,
    "initial_channels": 16,
    "dropout_rate": 0.33,
    "learning_rate": 0.0001,
    "best_test_r2": -0.1430140733718872,
    "best_test_loss": 4.500321865081787,
    "final_train_r2": -0.04693424701690674,
    "train_r2_history": [
        -2.0169761180877686,
        -1.0404624938964844,
        -0.35411536693573,
        -0.30008792877197266,
        -0.3123319149017334,
        -0.19246768951416016,
        -0.3571736812591553,
        -0.11908543109893799,
        -0.20662140846252441,
        -0.06687092781066895,
        -0.293362021446228,
        -0.11819934844970703,
        0.021303534507751465,
        0.014584183692932129,
        0.14058256149291992,
        -0.14941096305847168,
        -0.0002897977828979492,
        0.03434473276138306,
        0.023174941539764404,
        -0.19814813137054443,
        0.06299114227294922,
        -0.12364542484283447,
        -0.06810998916625977,
        -0.028852224349975586,
        0.2283816933631897,
        0.03846848011016846,
        0.10612213611602783,
        0.053935229778289795,
        -0.15701210498809814,
        -0.1634598970413208,
        0.0371856689453125,
        0.0632290244102478,
        -0.10114181041717529,
        -0.0860673189163208,
        -0.04693424701690674
    ],
    "test_r2_history": [
        -1.566892385482788,
        -1.3949265480041504,
        -1.131880283355713,
        -0.864773154258728,
        -0.6759793758392334,
        -0.5195779800415039,
        -0.4031423330307007,
        -0.3236507177352905,
        -0.27020323276519775,
        -0.24912452697753906,
        -0.2523430585861206,
        -0.2516521215438843,
        -0.2327876091003418,
        -0.1984553337097168,
        -0.17948567867279053,
        -0.1430140733718872,
        -0.1482090950012207,
        -0.15735721588134766,
        -0.21566236019134521,
        -0.2653709650039673,
        -0.2626619338989258,
        -0.261957049369812,
        -0.23720359802246094,
        -0.2637399435043335,
        -0.2546863555908203,
        -0.256719708442688,
        -0.27334320545196533,
        -0.250400185585022,
        -0.2632007598876953,
        -0.29446840286254883,
        -0.2534581422805786,
        -0.26691734790802,
        -0.26299595832824707,
        -0.2608523368835449,
        -0.26071178913116455
    ],
    "train_loss_history": [
        4.40354996919632,
        2.955522278944651,
        2.037880609432856,
        1.9085665941238403,
        1.8898102293411891,
        1.7171914118031661,
        1.9910742590824764,
        1.6136786329249542,
        1.7495734095573425,
        1.5818948497374852,
        1.9991851647694905,
        1.6090627250572045,
        1.4214745908975601,
        1.447611744205157,
        1.2320311106741428,
        1.7062519043684006,
        1.4761327753464382,
        1.4129748543103535,
        1.5559804340203602,
        1.789096067349116,
        1.3941523780425389,
        1.6138937653352816,
        1.6510728498299916,
        1.5838276942571003,
        1.1721079299847286,
        1.471784661213557,
        1.2983709300557773,
        1.3823466052611668,
        1.6874474883079529,
        1.776743749777476,
        1.4172103703022003,
        1.3970550100008647,
        1.6368892639875412,
        1.6584815333286922,
        1.5772249748309453
    ],
    "test_loss_history": [
        10.10647201538086,
        9.429402351379395,
        8.393725395202637,
        7.3420610427856445,
        6.598734378814697,
        5.982944011688232,
        5.524507999420166,
        5.211531639099121,
        5.001095771789551,
        4.91810417175293,
        4.9307756423950195,
        4.928055763244629,
        4.853781700134277,
        4.718607425689697,
        4.643919467926025,
        4.500321865081787,
        4.520774841308594,
        4.5567946434021,
        4.786355495452881,
        4.982069969177246,
        4.971404075622559,
        4.968629360198975,
        4.871168613433838,
        4.975647926330566,
        4.94000244140625,
        4.948008060455322,
        5.013458251953125,
        4.923126220703125,
        4.973525524139404,
        5.096633434295654,
        4.935166835784912,
        4.988158226013184,
        4.972718715667725,
        4.9642791748046875,
        4.963725566864014
    ]
}