{
    "num_conv_blocks": 2,
    "initial_channels": 32,
    "dropout_rate": 0.33,
    "learning_rate": 0.001,
    "best_test_r2": 0.05598181486129761,
    "best_test_loss": 3.3478541374206543,
    "final_train_r2": -10.725494384765625,
    "train_r2_history": [
        -92.3510971069336,
        -27.966642379760742,
        -28.270883560180664,
        -29.337255477905273,
        -24.244787216186523,
        -23.342538833618164,
        -14.813971519470215,
        -20.502290725708008,
        -28.0143985748291,
        -17.419042587280273,
        -15.877969741821289,
        -18.458494186401367,
        -15.042713165283203,
        -14.368341445922852,
        -18.295692443847656,
        -16.669511795043945,
        -15.04238510131836,
        -13.640070915222168,
        -12.990836143493652,
        -13.578095436096191,
        -15.574045181274414,
        -22.662302017211914,
        -16.963258743286133,
        -12.545830726623535,
        -9.788529396057129,
        -12.914207458496094,
        -9.568445205688477,
        -11.109009742736816,
        -12.728236198425293,
        -12.98657512664795,
        -14.512433052062988,
        -15.272441864013672,
        -10.913665771484375,
        -9.844444274902344,
        -18.297391891479492,
        -14.67574691772461,
        -15.020523071289062,
        -12.949254035949707,
        -15.865917205810547,
        -12.951118469238281,
        -14.82618236541748,
        -20.87685203552246,
        -10.725494384765625
    ],
    "test_r2_history": [
        -161.1724853515625,
        -113.41588592529297,
        -26.86900520324707,
        -17.118473052978516,
        -20.140703201293945,
        -5.2685675621032715,
        -20.18655014038086,
        -23.270315170288086,
        -6.549605846405029,
        -12.835124015808105,
        -0.06408250331878662,
        -3.8739171028137207,
        -9.182412147521973,
        -0.08959662914276123,
        -3.872427463531494,
        -2.1019954681396484,
        -2.0403153896331787,
        -0.7157968282699585,
        -1.9548711776733398,
        -1.0552833080291748,
        -2.6472599506378174,
        -15.30146598815918,
        -1.385282278060913,
        0.05598181486129761,
        -0.5444034337997437,
        -0.31493985652923584,
        -1.4927570819854736,
        -0.7508655786514282,
        -0.6363451480865479,
        -1.7419657707214355,
        -3.105861186981201,
        -3.010842800140381,
        -1.7251038551330566,
        -0.5028421878814697,
        -0.5285491943359375,
        -3.22479248046875,
        -4.572697162628174,
        -3.9337120056152344,
        -3.0156006813049316,
        -2.895841598510742,
        -2.157148599624634,
        -1.2886595726013184,
        -0.757118821144104
    ],
    "train_loss_history": [
        333.14824930826825,
        103.29339790344238,
        113.78079223632812,
        109.72180112202962,
        94.80996894836426,
        90.5778382619222,
        60.08642260233561,
        74.1435038248698,
        107.85500462849934,
        72.75498739878337,
        60.755074977874756,
        71.62149429321289,
        57.773464838663735,
        59.52180099487305,
        69.49879391988118,
        68.10497029622395,
        57.139187494913735,
        53.71644401550293,
        59.58370018005371,
        52.407792727152504,
        90.62429618835449,
        82.55220031738281,
        61.267566879590355,
        48.222270011901855,
        47.4108673731486,
        60.05718580881754,
        42.046751976013184,
        43.63119665781657,
        52.329056104024254,
        52.640926361083984,
        63.196670850118004,
        63.60685062408447,
        45.23045984903971,
        46.303038914998375,
        91.48010762532552,
        86.70971202850342,
        62.10551102956136,
        48.494831562042236,
        70.66685485839844,
        56.23306655883789,
        56.02680937449137,
        74.59129414955775,
        43.80200735727946
    ],
    "test_loss_history": [
        575.1263427734375,
        405.7629699707031,
        98.83427429199219,
        64.25511169433594,
        74.9731216430664,
        22.230764389038086,
        75.13571166992188,
        86.07193756103516,
        26.773822784423828,
        49.06470489501953,
        3.7736480236053467,
        17.2847957611084,
        36.11077117919922,
        3.864130735397339,
        17.279512405395508,
        11.000875473022461,
        10.782135963439941,
        6.0848798751831055,
        10.479116439819336,
        7.2888312339782715,
        12.934595108032227,
        57.811309814453125,
        8.45913314819336,
        3.3478541374206543,
        5.477052211761475,
        4.663286209106445,
        8.840280532836914,
        6.2092461585998535,
        5.803112983703613,
        9.724071502685547,
        14.560972213745117,
        14.223999977111816,
        9.66427230834961,
        5.329659938812256,
        5.4208269119262695,
        14.982749938964844,
        19.762939453125,
        17.49685287475586,
        14.240873336791992,
        13.816163063049316,
        11.196470260620117,
        8.116473197937012,
        6.2314229011535645
    ]
}