{
    "num_conv_blocks": 3,
    "initial_channels": 32,
    "dropout_rate": 0.33,
    "learning_rate": 0.0001,
    "best_test_r2": 0.6865770816802979,
    "best_test_loss": 1.1115190982818604,
    "final_train_r2": -11.060291290283203,
    "train_r2_history": [
        -218.0424346923828,
        -190.46337890625,
        -154.13328552246094,
        -114.80754852294922,
        -70.8910140991211,
        -37.11008834838867,
        -15.908552169799805,
        -11.94780445098877,
        -10.257195472717285,
        -9.12021541595459,
        -14.936068534851074,
        -9.302263259887695,
        -10.835431098937988,
        -7.824620246887207,
        -9.902880668640137,
        -9.750493049621582,
        -8.64492416381836,
        -10.590405464172363,
        -9.105236053466797,
        -10.467592239379883,
        -5.3765177726745605,
        -7.275900840759277,
        -8.9983549118042,
        -7.681436538696289,
        -6.855445861816406,
        -8.300769805908203,
        -8.263402938842773,
        -8.746255874633789,
        -6.471009731292725,
        -8.142924308776855,
        -8.324119567871094,
        -6.200455665588379,
        -8.416669845581055,
        -7.017550468444824,
        -10.39395523071289,
        -9.020926475524902,
        -7.652278900146484,
        -6.6758713722229,
        -5.77456521987915,
        -8.685616493225098,
        -6.407553195953369,
        -5.78319787979126,
        -8.206490516662598,
        -6.235895156860352,
        -9.897786140441895,
        -6.670871734619141,
        -7.0223493576049805,
        -7.367653846740723,
        -7.053447723388672,
        -8.684341430664062,
        -8.048272132873535,
        -5.322479724884033,
        -5.534654140472412,
        -7.042612075805664,
        -7.445198059082031,
        -8.285487174987793,
        -7.407482147216797,
        -5.032487869262695,
        -9.166119575500488,
        -6.86706018447876,
        -11.819413185119629,
        -8.848583221435547,
        -5.859206199645996,
        -7.506843566894531,
        -7.773659706115723,
        -6.226534843444824,
        -9.438939094543457,
        -7.555956840515137,
        -10.840635299682617,
        -6.7910871505737305,
        -6.971330165863037,
        -7.171818733215332,
        -6.256889820098877,
        -9.092747688293457,
        -8.864790916442871,
        -4.778524398803711,
        -6.992549419403076,
        -6.705294132232666,
        -6.654597759246826,
        -11.060291290283203
    ],
    "test_r2_history": [
        -240.97647094726562,
        -232.68545532226562,
        -217.06187438964844,
        -193.4629669189453,
        -161.35464477539062,
        -117.26785278320312,
        -70.56675720214844,
        -36.18581771850586,
        -19.72334861755371,
        -10.361181259155273,
        -9.363096237182617,
        -13.408520698547363,
        -6.444857597351074,
        -3.314335823059082,
        -4.671116352081299,
        -3.288168430328369,
        -3.1149234771728516,
        -2.1041603088378906,
        -3.356379508972168,
        -1.648102045059204,
        -0.6356614828109741,
        -0.375724196434021,
        -0.8260703086853027,
        -1.727675199508667,
        -1.2732882499694824,
        -0.3107030391693115,
        -0.869743824005127,
        -1.6261405944824219,
        -1.2063724994659424,
        -1.570307970046997,
        -1.5021593570709229,
        -1.7052886486053467,
        -1.5310633182525635,
        -0.9318897724151611,
        -0.16302120685577393,
        0.1054222583770752,
        0.17773586511611938,
        0.25901198387145996,
        0.4012399911880493,
        0.42578786611557007,
        0.4721944332122803,
        0.22321635484695435,
        0.05842304229736328,
        0.1922629475593567,
        -0.04098927974700928,
        0.34991419315338135,
        0.44879812002182007,
        0.48797285556793213,
        0.32958275079727173,
        0.392461359500885,
        0.42495620250701904,
        0.5161553621292114,
        0.48142755031585693,
        0.5289297699928284,
        0.554985761642456,
        0.4561944603919983,
        0.5780506134033203,
        0.6513354778289795,
        0.6021811962127686,
        0.5843284130096436,
        0.6865770816802979,
        0.4573812484741211,
        0.3062242269515991,
        0.13880383968353271,
        -0.07332706451416016,
        0.008342385292053223,
        0.3739374876022339,
        0.44969117641448975,
        0.4795796871185303,
        0.4813333749771118,
        0.5412435531616211,
        0.5321457982063293,
        0.5233205556869507,
        0.5468358397483826,
        0.5558534860610962,
        0.5089595317840576,
        0.6022661328315735,
        0.6272119283676147,
        0.676072359085083,
        0.6244239807128906
    ],
    "train_loss_history": [
        853.5006815592448,
        735.0658264160156,
        599.4022115071615,
        437.7888539632161,
        267.82688903808594,
        147.7563336690267,
        65.29492886861165,
        47.18325265248617,
        38.419982055823006,
        36.50437021255493,
        63.602349599202476,
        41.19672870635986,
        47.5769370396932,
        44.24249792098999,
        38.09551866849264,
        39.967105865478516,
        36.18562857309977,
        46.736921310424805,
        36.85859616597494,
        41.02622413635254,
        24.228339831034344,
        30.765431722005207,
        36.885385831197105,
        31.702165603637695,
        26.98887534936269,
        45.551535288492836,
        31.94800364971161,
        40.75489139556885,
        29.090892632802326,
        33.38109874725342,
        35.41032918294271,
        31.78168789545695,
        34.54739189147949,
        32.091977755228676,
        43.004983266194664,
        34.61672226587931,
        29.700810194015503,
        27.170406579971313,
        25.807600021362305,
        52.22988208134969,
        26.959922790527344,
        24.57229455312093,
        44.43273083368937,
        32.73263009389242,
        48.44354867935181,
        27.87525685628255,
        28.139135758082073,
        32.76471916834513,
        36.81591828664144,
        36.71299521128336,
        38.12335205078125,
        22.31189250946045,
        24.11572774251302,
        31.59748427073161,
        42.35866022109985,
        32.37252140045166,
        30.259079774220783,
        24.46659564971924,
        37.129172007242836,
        33.662628173828125,
        55.959933598836265,
        36.199461936950684,
        24.07410740852356,
        30.119635423024494,
        32.535230000813804,
        40.22919702529907,
        36.866625944773354,
        31.810372352600098,
        40.57240323225657,
        27.780468463897705,
        31.364351590474445,
        31.2035125096639,
        33.321576277414955,
        37.1665727297465,
        39.35640652974447,
        29.56424156824748,
        29.997290293375652,
        29.193278471628826,
        26.277998208999634,
        44.90252113342285
    ],