{
    "num_conv_blocks": 4,
    "initial_channels": 64,
    "dropout_rate": 0.33,
    "learning_rate": 0.001,
    "best_test_r2": 0.48067575693130493,
    "best_test_loss": 19.25848960876465,
    "final_train_r2": 0.17100882530212402,
    "train_r2_history": [
        -0.8985048532485962,
        -0.19045960903167725,
        0.148476243019104,
        -0.23432576656341553,
        -0.07960116863250732,
        -0.11166965961456299,
        -0.006739377975463867,
        0.250066876411438,
        -0.15221035480499268,
        -0.1508805751800537,
        0.01015615463256836,
        0.36812108755111694,
        -0.08519649505615234,
        0.22642076015472412,
        0.3271663784980774,
        0.36154645681381226,
        0.3388766050338745,
        0.3585011959075928,
        0.10453593730926514,
        0.2307550311088562,
        0.38998353481292725,
        0.43503838777542114,
        0.1883401870727539,
        0.41191428899765015,
        0.05379766225814819,
        0.355660617351532,
        0.20896440744400024,
        0.2815006375312805,
        0.09333556890487671,
        0.402824342250824,
        0.255176842212677,
        0.3329899311065674,
        0.39400649070739746,
        0.4243098497390747,
        0.44846487045288086,
        0.4395454525947571,
        0.2901184558868408,
        0.3700467348098755,
        0.41039353609085083,
        0.17100882530212402
    ],
    "test_r2_history": [
        -2.027769088745117,
        -0.5407960414886475,
        -1.5069875717163086,
        -0.5532089471817017,
        -0.2167149782180786,
        0.0833025574684143,
        -0.04627811908721924,
        -1.186640739440918,
        -0.16004407405853271,
        0.264421284198761,
        0.21442395448684692,
        -0.412794828414917,
        0.29333943128585815,
        0.37300509214401245,
        0.12946569919586182,
        0.33187180757522583,
        0.35187995433807373,
        0.2918333411216736,
        0.20591938495635986,
        0.2798231244087219,
        0.48067575693130493,
        0.42802560329437256,
        0.22192257642745972,
        0.011126577854156494,
        0.09492272138595581,
        -0.021462082862854004,
        0.09629851579666138,
        0.11899447441101074,
        0.2352299690246582,
        0.26350367069244385,
        0.270998477935791,
        0.2880892753601074,
        0.30545395612716675,
        0.30502206087112427,
        0.26887041330337524,
        0.24040722846984863,
        0.178666889667511,
        0.03623861074447632,
        -0.09416604042053223,
        0.01140141487121582
    ],
    "train_loss_history": [
        154.0065949757894,
        94.31280771891277,
        71.38554000854492,
        94.12941519419353,
        81.23522551854451,
        97.57045300801595,
        79.52534294128418,
        63.490703423817955,
        96.68056933085124,
        94.06808884938557,
        82.77900489171346,
        48.80202261606852,
        86.82375526428223,
        63.70321750640869,
        52.67893981933594,
        52.834787686665855,
        70.5100809733073,
        53.544203440348305,
        70.04195706049602,
        66.51961517333984,
        47.43749268849691,
        50.16702381769816,
        61.09804312388102,
        44.95550982157389,
        71.14237308502197,
        51.89287757873535,
        61.893805185953774,
        55.247806231180824,
        70.02268489201863,
        46.70032056172689,
        59.245113372802734,
        58.25036748250326,
        48.58306884765625,
        43.12893263498942,
        41.21977508068085,
        45.15604066848755,
        56.560980796813965,
        51.792563120524086,
        45.85680739084879,
        64.8958667119344
    ],
    "test_loss_history": [
        112.28099060058594,
        57.13848114013672,
        92.9684829711914,
        57.59880828857422,
        45.12034606933594,
        33.99457550048828,
        38.79990768432617,
        81.08880615234375,
        43.018775939941406,
        27.278011322021484,
        29.132099151611328,
        52.39171600341797,
        26.20561981201172,
        23.251314163208008,
        32.28266906738281,
        24.776691436767578,
        24.034717559814453,
        26.26146697998047,
        29.447481155395508,
        26.70685386657715,
        19.25848960876465,
        21.21095085144043,
        28.854022979736328,
        36.67112731933594,
        33.563655853271484,
        37.87963104248047,
        33.512630462646484,
        32.670982360839844,
        28.36053466796875,
        27.312036514282227,
        27.034107208251953,
        26.400318145751953,
        25.756366729736328,
        25.772382736206055,
        27.113019943237305,
        28.168540954589844,
        30.45810890197754,
        35.73987579345703,
        40.57577133178711,
        36.66093444824219
    ]
}