{
    "num_conv_blocks": 4,
    "initial_channels": 64,
    "dropout_rate": 0.33,
    "learning_rate": 0.0001,
    "best_test_r2": -0.2318120002746582,
    "best_test_loss": 4.849940299987793,
    "final_train_r2": 0.24967610836029053,
    "train_r2_history": [
        -1.3530774116516113,
        -0.4651411771774292,
        -0.3684570789337158,
        -0.19717323780059814,
        -0.023360848426818848,
        -0.1666100025177002,
        -0.4142721891403198,
        -0.07352089881896973,
        -0.20920836925506592,
        0.09306800365447998,
        -0.3031550645828247,
        -0.04095649719238281,
        -0.13218259811401367,
        -0.05253934860229492,
        -0.00756227970123291,
        -0.07777094841003418,
        -0.3119312524795532,
        -0.0641556978225708,
        0.07603251934051514,
        0.03948676586151123,
        0.25505828857421875,
        -0.10199368000030518,
        0.11165708303451538,
        0.12595319747924805,
        0.24967610836029053
    ],
    "test_r2_history": [
        -1.424546718597412,
        -1.1057982444763184,
        -0.7551908493041992,
        -0.42586326599121094,
        -0.2628518342971802,
        -0.2318120002746582,
        -0.2946122884750366,
        -0.35384202003479004,
        -0.39048635959625244,
        -0.3196054697036743,
        -0.2754096984863281,
        -0.31634700298309326,
        -0.3151007890701294,
        -0.28138041496276855,
        -0.32589471340179443,
        -0.27609944343566895,
        -0.29358112812042236,
        -0.3859163522720337,
        -0.3946434259414673,
        -0.33909356594085693,
        -0.34374022483825684,
        -0.3838083744049072,
        -0.3965240716934204,
        -0.4662647247314453,
        -0.46792685985565186
    ],
    "train_loss_history": [
        3.456318567196528,
        2.1690536737442017,
        1.980880190928777,
        1.7356951559583347,
        1.4962529117862384,
        1.7571921050548553,
        2.04499039798975,
        1.6388423591852188,
        1.7408049286653597,
        1.3135182969272137,
        2.024611249566078,
        1.6541702449321747,
        1.7650279998779297,
        1.510020640057822,
        1.5709667205810547,
        1.5948671698570251,
        2.024371842543284,
        1.5462192967534065,
        1.4758991201718648,
        1.4175529330968857,
        1.1066868503888447,
        1.71340407927831,
        1.2920987581213315,
        1.2565009724348783,
        1.1142598589261372
    ],
    "test_loss_history": [
        9.546025276184082,
        8.291034698486328,
        6.910609245300293,
        5.613968372344971,
        4.972152233123779,
        4.849940299987793,
        5.097200393676758,
        5.33040189743042,
        5.474678993225098,
        5.1956048011779785,
        5.021595001220703,
        5.182775020599365,
        5.177867412567139,
        5.045103073120117,
        5.220366477966309,
        5.0243096351623535,
        5.093140602111816,
        5.456686973571777,
        5.49104642868042,
        5.272334098815918,
        5.290628910064697,
        5.448387622833252,
        5.4984517097473145,
        5.773037433624268,
        5.779581546783447
    ]
}