{
    "num_conv_blocks": 3,
    "initial_channels": 16,
    "dropout_rate": 0.33,
    "learning_rate": 0.001,
    "best_test_r2": 0.5665673613548279,
    "best_test_loss": 18.81606674194336,
    "final_train_r2": 0.3459009528160095,
    "train_r2_history": [
        -0.2663167715072632,
        -0.03754127025604248,
        -0.14115893840789795,
        0.0660523772239685,
        0.17557847499847412,
        0.2384740710258484,
        -0.008810758590698242,
        -0.008031606674194336,
        0.279404878616333,
        -0.005369305610656738,
        -0.09771549701690674,
        0.21311956644058228,
        0.25355231761932373,
        -0.0410306453704834,
        0.1359003782272339,
        0.1279667615890503,
        0.019492268562316895,
        0.12826639413833618,
        -0.017578601837158203,
        0.19891810417175293,
        0.13655835390090942,
        0.12206166982650757,
        -0.07856893539428711,
        0.06103992462158203,
        0.18618685007095337,
        0.2356780767440796,
        0.3317580223083496,
        0.11461794376373291,
        0.04950594902038574,
        0.3387308716773987,
        0.2916240096092224,
        0.3459009528160095
    ],
    "test_r2_history": [
        -0.3064911365509033,
        -0.06357800960540771,
        -0.0028191804885864258,
        -0.03544652462005615,
        -0.33532845973968506,
        -0.30689263343811035,
        0.10103005170822144,
        0.17484533786773682,
        -0.216697096824646,
        -0.020409584045410156,
        0.24313783645629883,
        -0.05112028121948242,
        0.5665673613548279,
        0.5163521766662598,
        0.29322826862335205,
        0.1935659646987915,
        0.19088387489318848,
        0.3763752579689026,
        0.3001001477241516,
        0.3300355076789856,
        0.368643581867218,
        0.30070769786834717,
        0.09552198648452759,
        0.2698426842689514,
        0.11582916975021362,
        0.21683961153030396,
        0.3176755905151367,
        0.34144479036331177,
        0.3618255853652954,
        0.3881320357322693,
        0.40087389945983887,
        0.38056623935699463
    ],
    "train_loss_history": [
        74.3975845972697,
        56.748867670694985,
        60.826340675354004,
        49.67789395650228,
        37.546063582102455,
        35.39660914738973,
        39.22377427419027,
        45.17015298207601,
        30.621767203013103,
        39.04338677724203,
        46.56806882222494,
        44.08668899536133,
        30.42531617482503,
        35.53682057186961,
        33.457375844319664,
        44.775219758351646,
        38.0916219552358,
        30.745222806930542,
        43.614884535471596,
        47.66151809692383,
        44.50410477320353,
        45.057070096333824,
        43.92951520284017,
        46.03874588012695,
        41.90094439188639,
        31.168867429097492,
        25.378066698710125,
        34.81616497039795,
        49.36844253540039,
        22.796071966489155,
        24.710196177164715,
        24.036889870961506
    ],
    "test_loss_history": [
        56.71706008911133,
        46.17177963256836,
        43.53413009643555,
        44.95054244995117,
        57.96894454956055,
        56.73448944091797,
        39.025856018066406,
        35.82140350341797,
        52.818946838378906,
        44.297767639160156,
        32.85670471191406,
        45.63096618652344,
        18.81606674194336,
        20.995994567871094,
        30.68219566345215,
        35.00870895385742,
        35.12514114379883,
        27.072641372680664,
        30.383874893188477,
        29.08432960510254,
        27.408283233642578,
        30.357498168945312,
        39.26497268676758,
        31.697399139404297,
        38.383399963378906,
        33.99835968017578,
        29.620895385742188,
        28.58902931213379,
        27.70426368713379,
        26.562252044677734,
        26.009111404418945,
        26.89069938659668
    ]
}