{
    "num_conv_blocks": 3,
    "initial_channels": 32,
    "dropout_rate": 0.33,
    "learning_rate": 0.0001,
    "best_test_r2": -0.20858192443847656,
    "best_test_loss": 4.758478164672852,
    "final_train_r2": -0.07933056354522705,
    "train_r2_history": [
        -1.3641571998596191,
        -0.5322079658508301,
        -0.3681381940841675,
        -0.47788405418395996,
        0.04807859659194946,
        -0.19235217571258545,
        -0.29413461685180664,
        -0.1827777624130249,
        -0.2095574140548706,
        -0.17215120792388916,
        -0.019265413284301758,
        -0.10192501544952393,
        -0.06131911277770996,
        -0.10392403602600098,
        0.00942915678024292,
        0.0017480850219726562,
        -0.07964944839477539,
        -0.06826341152191162,
        -0.012602925300598145,
        -0.08399796485900879,
        0.028375566005706787,
        0.19745367765426636,
        -0.01629185676574707,
        0.053959548473358154,
        -0.07933056354522705
    ],
    "test_r2_history": [
        -1.2684555053710938,
        -0.9728463888168335,
        -0.7960686683654785,
        -0.554427981376648,
        -0.29673147201538086,
        -0.20858192443847656,
        -0.2528001070022583,
        -0.3333662748336792,
        -0.335690975189209,
        -0.291370153427124,
        -0.2337123155593872,
        -0.24764728546142578,
        -0.259002685546875,
        -0.23869764804840088,
        -0.24553453922271729,
        -0.23565232753753662,
        -0.30174100399017334,
        -0.2678872346878052,
        -0.2345036268234253,
        -0.24084174633026123,
        -0.21405959129333496,
        -0.22338402271270752,
        -0.23232269287109375,
        -0.21407079696655273,
        -0.22673463821411133
    ],
    "train_loss_history": [
        3.5177386701107025,
        2.4129265348116555,
        1.9751108897229035,
        2.1800645564993224,
        1.4206633965174358,
        1.7902696232000987,
        1.9313503503799438,
        1.7501910328865051,
        1.9272869676351547,
        1.6877091204126675,
        1.5338167250156403,
        1.6097094342112541,
        1.5492721696694691,
        1.617934410770734,
        1.4513399327794712,
        1.6314375698566437,
        1.5706089933713276,
        1.596809114019076,
        1.490568111340205,
        1.6320809324582417,
        1.414612924059232,
        1.2003531803687413,
        1.5422651916742325,
        1.3931647042433422,
        1.6313148190577824
    ],
    "test_loss_history": [
        8.931456565856934,
        7.767571926116943,
        7.071554183959961,
        6.120157718658447,
        5.105544090270996,
        4.758478164672852,
        4.932575225830078,
        5.249783515930176,
        5.258937358856201,
        5.08443546295166,
        4.857421875,
        4.912288188934326,
        4.956996440887451,
        4.877050876617432,
        4.903970241546631,
        4.865061283111572,
        5.12526798248291,
        4.991976737976074,
        4.860538005828857,
        4.88549280166626,
        4.7800445556640625,
        4.816756725311279,
        4.8519511222839355,
        4.780088424682617,
        4.829950332641602
    ]
}