{
    "num_conv_blocks": 3,
    "initial_channels": 16,
    "dropout_rate": 0.33,
    "learning_rate": 0.0001,
    "best_test_r2": 0.4656519889831543,
    "best_test_loss": 23.196979522705078,
    "final_train_r2": 0.320389986038208,
    "train_r2_history": [
        -0.2939615249633789,
        -0.2028369903564453,
        -0.11178243160247803,
        -0.06636285781860352,
        -0.028067350387573242,
        0.026490628719329834,
        0.02474677562713623,
        0.047526001930236816,
        0.05875885486602783,
        0.05556058883666992,
        -0.02214944362640381,
        0.06888777017593384,
        0.0900225043296814,
        0.15818452835083008,
        0.1765575408935547,
        0.07068395614624023,
        0.11025035381317139,
        0.09732240438461304,
        0.10224783420562744,
        0.3575870990753174,
        0.11227560043334961,
        0.09957051277160645,
        0.014488577842712402,
        0.14257419109344482,
        0.1370360255241394,
        0.012146413326263428,
        0.1631731390953064,
        0.22707074880599976,
        0.1551244854927063,
        0.2576634883880615,
        0.17889314889907837,
        0.12157082557678223,
        0.09896206855773926,
        0.277627170085907,
        0.20220816135406494,
        0.17365550994873047,
        0.1901841163635254,
        0.008359074592590332,
        0.2648974061012268,
        0.15141421556472778,
        0.2482343316078186,
        0.3654407262802124,
        0.257529616355896,
        0.44276517629623413,
        0.4604678153991699,
        0.07992082834243774,
        0.2299138903617859,
        0.25607210397720337,
        0.16588836908340454,
        0.04491692781448364,
        0.16173571348190308,
        0.2602120041847229,
        0.3325048089027405,
        0.2400537133216858,
        0.144203782081604,
        0.3635596036911011,
        0.271303653717041,
        0.306308388710022,
        0.3083151578903198,
        0.29481929540634155,
        0.2281244993209839,
        0.15609216690063477,
        0.26435089111328125,
        0.24528616666793823,
        0.3134801983833313,
        0.21301168203353882,
        0.320389986038208
    ],
    "test_r2_history": [
        -0.3695790767669678,
        -0.351908802986145,
        -0.3198434114456177,
        -0.2755314111709595,
        -0.22420763969421387,
        -0.18541467189788818,
        -0.13039445877075195,
        -0.07408428192138672,
        -0.017372965812683105,
        0.026062846183776855,
        0.07623672485351562,
        0.1112743616104126,
        0.1375313401222229,
        0.1729809045791626,
        0.20237725973129272,
        0.23338156938552856,
        0.26950782537460327,
        0.28197360038757324,
        0.3048105835914612,
        0.31773972511291504,
        0.2872159481048584,
        0.3026944398880005,
        0.2961912751197815,
        0.3010373115539551,
        0.3268778920173645,
        0.3408595323562622,
        0.3811953663825989,
        0.4043062925338745,
        0.38356947898864746,
        0.36858588457107544,
        0.33706092834472656,
        0.33343660831451416,
        0.3341241478919983,
        0.3878224492073059,
        0.38193488121032715,
        0.382460355758667,
        0.4017815589904785,
        0.35292500257492065,
        0.30542904138565063,
        0.2889694571495056,
        0.32138174772262573,
        0.3783305287361145,
        0.39182132482528687,
        0.41019904613494873,
        0.40835392475128174,
        0.4121638536453247,
        0.4328243136405945,
        0.4656519889831543,
        0.4592217803001404,
        0.45311856269836426,
        0.4433479905128479,
        0.4324735403060913,
        0.41453105211257935,
        0.4363585114479065,
        0.44798600673675537,
        0.4371854066848755,
        0.4382386803627014,
        0.4347938299179077,
        0.4419105648994446,
        0.4431021213531494,
        0.4399353265762329,
        0.44738733768463135,
        0.4523891806602478,
        0.44301068782806396,
        0.4236752986907959,
        0.42876899242401123,
        0.4150492548942566
    ],
    "train_loss_history": [
        76.8441705306371,
        72.04355951150258,
        68.27462335427602,
        66.6135634581248,
        64.53307803471883,
        59.35866884390513,
        60.672830979029335,
        55.843479235967,
        58.996716340382896,
        51.734429041544594,
        55.843386809031166,
        56.57374485333761,
        52.67132695515951,
        50.204056898752846,
        41.66827074686686,
        48.46672614415487,
        47.40909067789713,
        50.45231453577677,
        44.85215059916178,
        31.700652440388996,
        41.32122357686361,
        44.599904696146645,
        50.98013782501221,
        49.0092887878418,
        44.87745761871338,
        49.743422985076904,
        42.483667850494385,
        42.158239205678306,
        37.311116536458336,
        41.35673793156942,
        37.449299017588295,
        45.21803092956543,
        45.965543270111084,
        30.80842638015747,
        34.38811365763346,
        38.86218102773031,
        36.26910797754923,
        48.06838321685791,
        28.513856410980225,
        41.93242263793945,
        37.61276928583781,
        27.471335411071777,
        32.08480946222941,
        25.74322811762492,
        30.768900354703266,
        40.06590270996094,
        35.11185884475708,
        38.916640281677246,
        37.266262690226235,
        38.44706598917643,
        33.81874179840088,
        34.568915685017906,
        24.819759845733643,
        40.17504564921061,
        37.95612812042236,
        29.506744861602783,
        36.04052495956421,
        28.454230626424152,
        25.634424209594727,
        27.06161101659139,
        31.731040636698406,
        38.68422285715739,
        30.598840077718098,
        35.6972459157308,
        29.274486859639484,
        33.88816483815511,
        32.61535676320394
    ],
    "test_loss_history": [
        59.455814361572266,
        58.688720703125,
        57.29671096801758,
        55.373046875,
        53.14499282836914,
        51.460914611816406,
        49.0723991394043,
        46.627864837646484,
        44.165931701660156,
        42.280303955078125,
        40.102169036865234,
        38.58112716674805,
        37.44126892089844,
        35.90234375,
        34.626197814941406,
        33.28024673461914,
        31.71193504333496,
        31.170780181884766,
        30.17938804626465,
        29.61810874938965,
        30.94319725036621,
        30.271249771118164,
        30.55356788635254,
        30.343191146850586,
        29.22140121459961,
        28.614437103271484,
        26.863391876220703,
        25.860103607177734,
        26.760326385498047,
        27.410789489746094,
        28.779342651367188,
        28.936677932739258,
        28.906829833984375,
        26.57569694519043,
        26.831289291381836,
        26.808469772338867,
        25.96970558166504,
        28.090652465820312,
        30.152536392211914,
        30.867074966430664,
        29.459997177124023,
        26.987754821777344,
        26.402097702026367,
        25.604286193847656,
        25.684385299682617,
        25.51898765563965,
        24.62208366394043,
        23.196979522705078,
        23.476125717163086,
        23.74107551574707,
        24.16523551940918,
        24.637317657470703,
        25.41622543334961,
        24.468660354614258,
        23.963890075683594,
        24.43276596069336,
        24.38703727722168,
        24.536584854125977,
        24.227632522583008,
        24.1759090423584,
        24.313386917114258,
        23.989879608154297,
        23.772741317749023,
        24.17987823486328,
        25.019262313842773,
        24.79813575744629,
        25.39373207092285
    ]
}