{
    "num_conv_blocks": 2,
    "initial_channels": 32,
    "dropout_rate": 0.33,
    "learning_rate": 0.001,
    "best_test_r2": 0.3596634864807129,
    "best_test_loss": 2.270880699157715,
    "final_train_r2": -14.207162857055664,
    "train_r2_history": [
        -110.7357177734375,
        -22.13890266418457,
        -20.735090255737305,
        -14.242992401123047,
        -20.006174087524414,
        -18.125123977661133,
        -17.589542388916016,
        -19.46390151977539,
        -13.727783203125,
        -16.8909912109375,
        -24.257020950317383,
        -14.440579414367676,
        -21.332557678222656,
        -17.270906448364258,
        -15.863180160522461,
        -20.992942810058594,
        -15.461488723754883,
        -14.155133247375488,
        -14.835386276245117,
        -13.201921463012695,
        -16.952207565307617,
        -14.981863975524902,
        -16.301240921020508,
        -15.258724212646484,
        -15.903648376464844,
        -16.373729705810547,
        -12.830825805664062,
        -14.44229793548584,
        -15.50975227355957,
        -15.970918655395508,
        -11.035355567932129,
        -12.434192657470703,
        -18.677507400512695,
        -10.741556167602539,
        -13.675024032592773,
        -13.35442066192627,
        -10.79875373840332,
        -14.207162857055664
    ],
    "test_r2_history": [
        -181.0401611328125,
        -102.15234375,
        -34.4980583190918,
        -11.6541166305542,
        -18.47581672668457,
        -13.283918380737305,
        -3.231717586517334,
        -3.180098533630371,
        -3.5543346405029297,
        -4.236959934234619,
        -9.337087631225586,
        -2.634251594543457,
        -2.9351675510406494,
        -3.411085605621338,
        -10.24618911743164,
        -6.51739501953125,
        -3.135910987854004,
        -1.731067180633545,
        0.3596634864807129,
        -2.5453245639801025,
        -2.4461193084716797,
        -2.6695687770843506,
        -0.2756131887435913,
        -3.716874122619629,
        -1.9326651096343994,
        -1.6293935775756836,
        -1.7071843147277832,
        -0.6471691131591797,
        -1.4660913944244385,
        -5.153321266174316,
        -5.351246356964111,
        -2.2345011234283447,
        -1.0627038478851318,
        -1.4976205825805664,
        -2.098766565322876,
        -2.558647632598877,
        -1.1374619007110596,
        -1.4163234233856201
    ],
    "train_loss_history": [
        448.8789202372233,
        79.9858988126119,
        82.81583023071289,
        55.97017860412598,
        79.36468696594238,
        74.34147644042969,
        74.00538571675618,
        81.45124944051106,
        52.35911750793457,
        64.87792491912842,
        98.6676565806071,
        58.84276262919108,
        76.44454471270244,
        77.68127886454265,
        60.93907229105631,
        96.84851900736491,
        57.31942447026571,
        53.3556547164917,
        64.01867230733235,
        52.33047835032145,
        68.77642059326172,
        60.86668745676676,
        65.45082219441731,
        81.18467553456624,
        64.3726266225179,
        59.23062926530838,
        48.61592594782511,
        69.28439966837566,
        67.40398279825847,
        57.80392777919769,
        49.911154429117836,
        47.24003140131632,
        67.2451376914978,
        45.245416005452476,
        59.390251795450844,
        68.21923287709554,
        49.23113822937012,
        70.77756818135579
    ],
    "test_loss_history": [
        645.5848388671875,
        365.8181457519531,
        125.88986206054688,
        44.87638854980469,
        69.06877899169922,
        50.65629577636719,
        15.007307052612305,
        14.82424545288086,
        16.15143394470215,
        18.572284698486328,
        36.65932083129883,
        12.888463020324707,
        13.955628395080566,
        15.643414497375488,
        39.88334274291992,
        26.65959358215332,
        14.667542457580566,
        9.685420989990234,
        2.270880699157715,
        12.573092460632324,
        12.221272468566895,
        13.013711929321289,
        4.523818492889404,
        16.72785758972168,
        10.40036392211914,
        9.324847221374512,
        9.600722312927246,
        5.8414998054504395,
        8.74571418762207,
        21.822057723999023,
        22.523975372314453,
        11.470791816711426,
        7.315145492553711,
        8.857528686523438,
        10.989423751831055,
        12.620342254638672,
        7.580266952514648,
        8.569217681884766
    ]
}