{
    "num_conv_blocks": 3,
    "initial_channels": 64,
    "dropout_rate": 0.33,
    "learning_rate": 0.001,
    "best_test_r2": -0.19026494026184082,
    "best_test_loss": 4.6863603591918945,
    "final_train_r2": 0.027688443660736084,
    "train_r2_history": [
        -2.147400140762329,
        -0.9131039381027222,
        -0.6117746829986572,
        -1.001060962677002,
        -1.000337839126587,
        -0.6513931751251221,
        -0.6978738307952881,
        -0.5578327178955078,
        -0.7999879121780396,
        -0.6303008794784546,
        -0.7961502075195312,
        -0.16957569122314453,
        -0.5610445737838745,
        -0.378322958946228,
        -0.5348138809204102,
        -0.21595430374145508,
        -0.43453454971313477,
        -0.18748807907104492,
        -0.6129543781280518,
        -0.4951733350753784,
        -0.5390979051589966,
        -0.36178505420684814,
        -0.6464735269546509,
        -0.42246007919311523,
        -0.2450028657913208,
        -0.023738384246826172,
        -0.15574300289154053,
        -0.20733582973480225,
        -0.39107680320739746,
        -0.2516810894012451,
        -0.2105945348739624,
        -0.004642963409423828,
        -0.5681250095367432,
        -0.20523357391357422,
        -0.2440049648284912,
        -0.3487696647644043,
        0.027688443660736084
    ],
    "test_r2_history": [
        -0.37236762046813965,
        -0.5788105726242065,
        -0.3479119539260864,
        -0.202980637550354,
        -0.6762646436691284,
        -0.5172475576400757,
        -0.37345266342163086,
        -0.8804346323013306,
        -0.6407303810119629,
        -0.5168133974075317,
        -0.3933199644088745,
        -0.3664928674697876,
        -0.28491532802581787,
        -0.27608776092529297,
        -0.2822737693786621,
        -0.27734339237213135,
        -0.22207117080688477,
        -0.19026494026184082,
        -0.20505797863006592,
        -0.3488483428955078,
        -0.3909381628036499,
        -0.3562353849411011,
        -0.322912335395813,
        -0.36110615730285645,
        -0.34473490715026855,
        -0.3429727554321289,
        -0.3054391145706177,
        -0.3164229393005371,
        -0.32378101348876953,
        -0.3579087257385254,
        -0.3799741268157959,
        -0.34272074699401855,
        -0.3154587745666504,
        -0.32683444023132324,
        -0.33966851234436035,
        -0.32276618480682373,
        -0.3315020799636841
    ],
    "train_loss_history": [
        5.039249320824941,
        2.8536444703737893,
        2.3209563630322614,
        3.020869274934133,
        3.034349352121353,
        2.4059312442938485,
        2.6513389348983765,
        2.6471318006515503,
        2.9001671373844147,
        2.4390488068262735,
        2.864614804585775,
        1.840058257182439,
        2.3027725219726562,
        2.06557896733284,
        2.227406069636345,
        1.832339495420456,
        2.137569655974706,
        1.966440757115682,
        2.756039539972941,
        2.1555121690034866,
        2.3119054039319358,
        2.0429595708847046,
        2.647310654322306,
        2.116859902938207,
        1.8014045382539432,
        1.4775165220101674,
        1.7190147936344147,
        1.7769621362288792,
        2.0306149969498315,
        1.8356184015671413,
        1.769394874572754,
        1.5938063363234203,
        2.294339209794998,
        1.8345248997211456,
        1.841022863984108,
        1.9705267051855724,
        1.453679511944453
    ],
    "test_loss_history": [
        5.403341293334961,
        6.21615743637085,
        5.307053565979004,
        4.736423015594482,
        6.599857807159424,
        5.97376823425293,
        5.407613754272461,
        7.4037251472473145,
        6.4599504470825195,
        5.972059726715088,
        5.485836982727051,
        5.38021183013916,
        5.059021949768066,
        5.024264812469482,
        5.04862117767334,
        5.029208183288574,
        4.811588287353516,
        4.6863603591918945,
        4.744603157043457,
        5.310740947723389,
        5.47645902633667,
        5.339826583862305,
        5.208624839782715,
        5.359002113342285,
        5.2945451736450195,
        5.287606716156006,
        5.139827728271484,
        5.183074951171875,
        5.212043762207031,
        5.346414089202881,
        5.433290958404541,
        5.286613464355469,
        5.1792778968811035,
        5.224065780639648,
        5.27459716796875,
        5.208048343658447,
        5.2424445152282715
    ]
}