{
    "num_conv_blocks": 4,
    "initial_channels": 32,
    "dropout_rate": 0.33,
    "learning_rate": 0.001,
    "best_test_r2": 0.5304542779922485,
    "best_test_loss": 17.412511825561523,
    "final_train_r2": 0.4736267328262329,
    "train_r2_history": [
        -1.6550278663635254,
        -0.45738518238067627,
        -0.031861305236816406,
        -0.21444189548492432,
        0.14199703931808472,
        -0.0025862455368041992,
        0.06316882371902466,
        0.12471634149551392,
        0.16623353958129883,
        0.27683496475219727,
        -0.04305577278137207,
        0.40282827615737915,
        0.40376603603363037,
        0.3000103235244751,
        0.08650070428848267,
        0.2966131567955017,
        0.31981730461120605,
        0.34475070238113403,
        0.33621007204055786,
        -0.056893110275268555,
        0.3482096195220947,
        0.2799089550971985,
        0.4468625783920288,
        0.1994895339012146,
        0.28433263301849365,
        0.2394881248474121,
        0.4736267328262329
    ],
    "test_r2_history": [
        -3.846923828125,
        -2.820143938064575,
        -3.2871813774108887,
        -0.659497857093811,
        -0.6397038698196411,
        -0.921754002571106,
        0.3715422749519348,
        0.5304542779922485,
        -0.0946723222732544,
        -0.07856547832489014,
        0.4546302556991577,
        0.16845685243606567,
        -0.7601866722106934,
        -0.620651364326477,
        0.3382985591888428,
        0.42556512355804443,
        0.16653800010681152,
        0.15976059436798096,
        0.4370807409286499,
        0.4849594831466675,
        0.4839105010032654,
        0.4745491147041321,
        0.38976162672042847,
        0.2928348779678345,
        0.3341136574745178,
        0.31251806020736694,
        0.29215896129608154
    ],
    "train_loss_history": [
        199.04435284932455,
        130.39476331075033,
        78.3110802968343,
        92.11456457773845,
        70.42762088775635,
        79.26377646128337,
        71.34492715199788,
        70.059157371521,
        70.0894660949707,
        55.75268077850342,
        79.41436862945557,
        47.31553999582926,
        50.09398651123047,
        53.29590384165446,
        77.00525188446045,
        54.54476245244344,
        53.029720306396484,
        51.03286043802897,
        49.79226152102152,
        87.03337542215984,
        49.59744946161906,
        61.966800371805824,
        44.537136713663735,
        63.30461565653483,
        57.89831129709879,
        56.65831979115804,
        42.35261027018229
    ],
    "test_loss_history": [
        179.74205017089844,
        141.66522216796875,
        158.98472595214844,
        61.54039001464844,
        60.806358337402344,
        71.26583099365234,
        23.305564880371094,
        17.412511825561523,
        40.59454345703125,
        39.99723815917969,
        20.224349975585938,
        30.836732864379883,
        65.27430725097656,
        60.099815368652344,
        24.538366317749023,
        21.302194595336914,
        30.90789031982422,
        31.15921974182129,
        20.875152587890625,
        19.099628448486328,
        19.138526916503906,
        19.485687255859375,
        22.62992286682129,
        26.224327087402344,
        24.693559646606445,
        25.49440574645996,
        26.24939727783203
    ]
}