{
    "num_conv_blocks": 3,
    "initial_channels": 32,
    "dropout_rate": 0.33,
    "learning_rate": 0.001,
    "best_test_r2": 0.671729326248169,
    "best_test_loss": 14.250801086425781,
    "final_train_r2": 0.6314367651939392,
    "train_r2_history": [
        -0.2515970468521118,
        -0.15654468536376953,
        0.08233076333999634,
        -0.024878859519958496,
        -0.34295761585235596,
        0.03519260883331299,
        -0.1731809377670288,
        0.14079135656356812,
        -0.15388846397399902,
        0.22758519649505615,
        -0.08218884468078613,
        0.17248231172561646,
        0.11671394109725952,
        0.11018943786621094,
        0.13510334491729736,
        0.011559009552001953,
        0.10424107313156128,
        0.17534369230270386,
        0.1134914755821228,
        -0.11000680923461914,
        -0.02281045913696289,
        0.15384870767593384,
        0.23859131336212158,
        0.3863556981086731,
        0.19939547777175903,
        0.3077486753463745,
        0.3388078212738037,
        0.3137689232826233,
        0.2007383108139038,
        0.2727126479148865,
        0.3905414342880249,
        0.5082639455795288,
        0.25063300132751465,
        0.2709052562713623,
        0.05413341522216797,
        0.3722783923149109,
        0.30337584018707275,
        0.15973973274230957,
        0.33451300859451294,
        0.20315790176391602,
        0.17930841445922852,
        0.39550161361694336,
        0.4784221053123474,
        0.25379830598831177,
        0.4798545837402344,
        0.5061992406845093,
        0.44408249855041504,
        0.45143330097198486,
        0.6144506931304932,
        0.5461560487747192,
        0.31860291957855225,
        0.4354248046875,
        0.49649959802627563,
        0.3881579637527466,
        0.6131770014762878,
        0.49134451150894165,
        0.41388124227523804,
        0.3255692720413208,
        0.4250025749206543,
        0.46479445695877075,
        0.46731501817703247,
        0.3024129271507263,
        0.6148449778556824,
        0.47813111543655396,
        0.5516359806060791,
        0.43103736639022827,
        0.4824392795562744,
        0.3882569670677185,
        0.35329848527908325,
        0.44507932662963867,
        0.5696380138397217,
        0.541946291923523,
        0.38042569160461426,
        0.42430639266967773,
        0.4907272458076477,
        0.35284602642059326,
        0.5559564828872681,
        0.5639520883560181,
        0.6214953660964966,
        0.7074265480041504,
        0.5010414123535156,
        0.42168110609054565,
        0.28738266229629517,
        0.5112552642822266,
        0.6314367651939392
    ],
    "test_r2_history": [
        -0.30832338333129883,
        -0.07274699211120605,
        0.04456692934036255,
        0.20310050249099731,
        -0.0702446699142456,
        -0.017444491386413574,
        0.10892331600189209,
        0.1917552947998047,
        0.1904023289680481,
        0.3864673972129822,
        0.31622761487960815,
        0.3063241243362427,
        0.3696383237838745,
        0.4111645221710205,
        0.14772248268127441,
        0.0671347975730896,
        0.438581645488739,
        0.3534253239631653,
        0.17669951915740967,
        0.3977765440940857,
        0.037359654903411865,
        0.039388835430145264,
        0.47071748971939087,
        0.45820581912994385,
        0.379225492477417,
        0.1698799729347229,
        0.28403031826019287,
        0.18649393320083618,
        0.5286640524864197,
        0.5922764539718628,
        0.5209347009658813,
        0.35495275259017944,
        0.49938058853149414,
        0.4376605153083801,
        0.05274355411529541,
        -0.34588897228240967,
        -0.07084202766418457,
        0.13270056247711182,
        0.26304346323013306,
        0.4355579614639282,
        0.49063974618911743,
        0.5447726845741272,
        0.5269765853881836,
        0.5786596536636353,
        0.6024817228317261,
        0.6352521181106567,
        0.6647053956985474,
        0.6364087462425232,
        0.5346251130104065,
        0.6477102637290955,
        0.6004675030708313,
        0.5963525176048279,
        0.5918844938278198,
        0.5902363061904907,
        0.6166930198669434,
        0.6255940198898315,
        0.6586617231369019,
        0.6483040452003479,
        0.6492561101913452,
        0.6511401534080505,
        0.6221795082092285,
        0.6113700270652771,
        0.6208133697509766,
        0.6092287302017212,
        0.6538591384887695,
        0.671729326248169,
        0.6584019064903259,
        0.6525722146034241,
        0.6328281164169312,
        0.6302927732467651,
        0.6458650827407837,
        0.6335922479629517,
        0.6414165496826172,
        0.6314539909362793,
        0.6339302659034729,
        0.6104779243469238,
        0.6176081895828247,
        0.6372805833816528,
        0.6266781091690063,
        0.6503109335899353,
        0.6243149042129517,
        0.6207958459854126,
        0.5779017210006714,
        0.5895401239395142,
        0.6336925029754639
    ],
    "train_loss_history": [
        72.11579207579295,
        64.27606884638469,
        55.585957527160645,
        51.338754177093506,
        58.84318542480469,
        44.26313622792562,
        62.98111120859782,
        41.649551709493004,
        49.799798329671226,
        42.163750966389976,
        55.043789863586426,
        33.56604846318563,
        47.68381595611572,
        48.18699296315511,
        36.944783210754395,
        47.896491050720215,
        37.80317401885986,
        37.993283907572426,
        38.021341959635414,
        44.67748991648356,
        54.69153594970703,
        45.15572237968445,
        30.84621222813924,
        21.203636666138966,
        32.52799638112386,
        36.828807512919106,
        22.794351677099865,
        32.05775292714437,
        33.633768240610756,
        30.13694190979004,
        21.22624675432841,
        22.039376735687256,
        28.40666675567627,
        26.921188195546467,
        54.91654841105143,
        28.251209894816082,
        25.98261062304179,
        42.78011624018351,
        24.9721523920695,
        36.73153575261434,
        28.106633176406223,
        21.5020534992218,
        18.30579376220703,
        26.571239471435547,
        27.82723347345988,
        17.06922819217046,
        20.452460130055744,
        20.858087221781414,
        13.870384732882181,
        15.77448566754659,
        25.576922098795574,
        19.348217527071636,
        17.306947459777195,
        31.986698865890503,
        14.056732932726542,
        18.503031094868977,
        20.973267793655396,
        26.015300750732422,
        24.0797678232193,
        19.5125249226888,
        19.734495123227436,
        25.327517827351887,
        14.638028780619303,
        17.881486137708027,
        15.455308338006338,
        19.489252696434658,
        17.776585300763447,
        28.11250638961792,
        22.193856577078503,
        21.133472601572674,
        16.070149898529053,
        17.39252758026123,
        25.95769500732422,
        20.05308457215627,
        19.018596649169922,
        31.426265001296997,
        16.55015691121419,
        16.4335199991862,
        14.439327001571655,
        10.019128779570261,
        20.868658383687336,
        25.863728761672974,
        29.6881898244222,
        19.67305064201355,
        13.17438292503357
    ],