{
    "num_conv_blocks": 2,
    "initial_channels": 32,
    "dropout_rate": 0.33,
    "learning_rate": 0.0001,
    "best_test_r2": 0.8450049161911011,
    "best_test_loss": 6.728606224060059,
    "final_train_r2": 0.4680057764053345,
    "train_r2_history": [
        -0.234533429145813,
        -0.11246693134307861,
        0.002227962017059326,
        -0.013029813766479492,
        0.10278832912445068,
        0.0665234923362732,
        0.195378839969635,
        0.11421817541122437,
        0.23430365324020386,
        0.20904308557510376,
        0.272988498210907,
        0.35047876834869385,
        0.32433998584747314,
        0.17500728368759155,
        0.2068353295326233,
        0.07355087995529175,
        0.2973824739456177,
        0.34441936016082764,
        0.2531641125679016,
        0.18222564458847046,
        0.35325515270233154,
        0.39640551805496216,
        0.44486743211746216,
        0.4170505404472351,
        0.3835320472717285,
        0.2047240138053894,
        0.3113158941268921,
        0.5903910994529724,
        0.432147741317749,
        0.4964364767074585,
        0.4297972321510315,
        0.39261120557785034,
        0.4884699583053589,
        0.6931082010269165,
        0.3120492100715637,
        0.4656614661216736,
        0.4422866106033325,
        0.5531319379806519,
        0.4359402060508728,
        0.5841606855392456,
        0.7204941511154175,
        0.5278218388557434,
        0.6339941620826721,
        0.300117552280426,
        0.470633864402771,
        0.48620522022247314,
        0.5285812616348267,
        0.49884307384490967,
        0.48788172006607056,
        0.5712050795555115,
        0.6580053567886353,
        0.4967517852783203,
        0.6547714471817017,
        0.5554271936416626,
        0.4680057764053345
    ],
    "test_r2_history": [
        -0.3291550874710083,
        -0.2676476240158081,
        -0.19376790523529053,
        -0.1481637954711914,
        -0.09280753135681152,
        -0.028122663497924805,
        0.018581867218017578,
        0.07107740640640259,
        0.161149263381958,
        0.2959670424461365,
        0.36852043867111206,
        0.4053415060043335,
        0.50023353099823,
        0.46220606565475464,
        0.5334075093269348,
        0.5572383403778076,
        0.5553010702133179,
        0.40238654613494873,
        0.29450106620788574,
        0.571258544921875,
        0.5790132284164429,
        0.6015356779098511,
        0.6142644882202148,
        0.6677857637405396,
        0.579716145992279,
        0.7367488145828247,
        0.7500730156898499,
        0.7154693603515625,
        0.6336120367050171,
        0.7399579286575317,
        0.7389819622039795,
        0.7549903392791748,
        0.7600544095039368,
        0.7927881479263306,
        0.8011624217033386,
        0.8450049161911011,
        0.7778782844543457,
        0.6365255117416382,
        0.8205990791320801,
        0.7671688199043274,
        0.5966424942016602,
        0.6329023838043213,
        0.7720048427581787,
        0.8313838839530945,
        0.8302926421165466,
        0.8316988348960876,
        0.7957339882850647,
        0.6455284357070923,
        0.6623058319091797,
        0.7546684741973877,
        0.7863707542419434,
        0.7877785563468933,
        0.7621299028396606,
        0.7893455624580383,
        0.7705102562904358
    ],
    "train_loss_history": [
        73.26899882157643,
        64.9145139058431,
        62.52533531188965,
        63.25042176246643,
        55.41064421335856,
        52.281498193740845,
        41.16931867599487,
        45.30017121632894,
        39.36381085713705,
        41.69972801208496,
        36.18458763758341,
        26.52796999613444,
        33.53001038233439,
        37.34023014704386,
        46.525696754455566,
        39.12077935536703,
        25.278211275736492,
        37.348894913991295,
        38.43548043568929,
        39.694984436035156,
        38.23169565200806,
        27.223991235097248,
        30.347370783487957,
        35.08645089467367,
        26.245726108551025,
        38.31062126159668,
        40.442702293395996,
        22.014202117919922,
        34.836126486460365,
        23.76735778649648,
        22.60059889157613,
        33.08294121424357,
        17.895771702130634,
        11.359473387400309,
        31.08115816116333,
        23.761884053548176,
        27.729389746983845,
        29.056784709294636,
        21.115388870239258,
        20.238977591196697,
        13.006858746210733,
        17.74991798400879,
        12.979696532090506,
        25.816967805226643,
        29.486752430597942,
        23.589446187019348,
        16.20950507124265,
        19.924197912216187,
        17.9193195104599,
        20.641430775324505,
        15.095199823379517,
        28.935990293820698,
        12.242227911949158,
        17.218619108200073,
        20.881710052490234
    ],
    "test_loss_history": [
        57.7009391784668,
        55.030792236328125,
        51.823551177978516,
        49.84379577636719,
        47.440677642822266,
        44.63259506225586,
        42.60506820678711,
        40.32615661621094,
        36.41597366333008,
        30.563295364379883,
        27.413631439208984,
        25.815162658691406,
        21.69573211669922,
        23.34657096862793,
        20.255592346191406,
        19.221057891845703,
        19.305156707763672,
        25.94344139099121,
        30.62693977355957,
        18.612415313720703,
        18.275768280029297,
        17.29803466796875,
        16.74544906616211,
        14.42199993133545,
        18.245256423950195,
        11.428194999694824,
        10.849766731262207,
        12.351970672607422,
        15.905542373657227,
        11.2888822555542,
        11.331247329711914,
        10.636296272277832,
        10.416458129882812,
        8.995427131652832,
        8.631885528564453,
        6.728606224060059,
        9.642692565917969,
        15.779058456420898,
        7.7881059646606445,
        10.107608795166016,
        17.510452270507812,
        15.936347961425781,
        9.897665977478027,
        7.319919586181641,
        7.367291450500488,
        7.306248664855957,
        8.86754322052002,
        15.388230323791504,
        14.659894943237305,
        10.6502685546875,
        9.274020195007324,
        9.21290397644043,
        10.32635498046875,
        9.144876480102539,
        9.96255111694336
    ]
}