{
    "num_conv_blocks": 2,
    "initial_channels": 32,
    "dropout_rate": 0.33,
    "learning_rate": 0.0001,
    "best_test_r2": 0.8488172292709351,
    "best_test_loss": 6.563108444213867,
    "final_train_r2": 0.6964268684387207,
    "train_r2_history": [
        -0.23963427543640137,
        -0.1233283281326294,
        0.028779685497283936,
        0.052968740463256836,
        0.0973886251449585,
        0.15485668182373047,
        0.08950412273406982,
        0.21212798357009888,
        0.11837786436080933,
        0.1712082028388977,
        0.22514015436172485,
        0.20630532503128052,
        0.4002288579940796,
        0.11237698793411255,
        0.18741726875305176,
        0.18106162548065186,
        0.4798290729522705,
        0.43938666582107544,
        0.3074004650115967,
        0.4698176980018616,
        0.5017107725143433,
        0.37668293714523315,
        0.38440048694610596,
        0.43280255794525146,
        0.39712995290756226,
        0.4955989718437195,
        0.5570554733276367,
        0.44699233770370483,
        0.2657153010368347,
        0.572726309299469,
        0.3793741464614868,
        0.4730461835861206,
        0.38732844591140747,
        0.6936638355255127,
        0.6704809069633484,
        0.5149781703948975,
        0.49124646186828613,
        0.5099928975105286,
        0.7111399173736572,
        0.5880815982818604,
        0.3765633702278137,
        0.506003737449646,
        0.640177845954895,
        0.6183627843856812,
        0.7406134605407715,
        0.6996209025382996,
        0.7178386449813843,
        0.4755425453186035,
        0.5747525691986084,
        0.6468825340270996,
        0.5181943774223328,
        0.6719003915786743,
        0.483575701713562,
        0.3187299966812134,
        0.5592785477638245,
        0.6460162401199341,
        0.4078443646430969,
        0.5752507448196411,
        0.6449834108352661,
        0.6251394748687744,
        0.5539199113845825,
        0.4525338411331177,
        0.5480480790138245,
        0.6360760927200317,
        0.5976831912994385,
        0.6341828107833862,
        0.6326177716255188,
        0.6815457344055176,
        0.7132307887077332,
        0.6471685767173767,
        0.5449047088623047,
        0.6373775005340576,
        0.6964268684387207
    ],
    "test_r2_history": [
        -0.32189249992370605,
        -0.2691774368286133,
        -0.1989603042602539,
        -0.13201940059661865,
        -0.05665111541748047,
        -0.0078657865524292,
        0.08414387702941895,
        0.17947787046432495,
        0.2547033429145813,
        0.2933228611946106,
        0.3407660722732544,
        0.379977822303772,
        0.4288061857223511,
        0.46376919746398926,
        0.4669089913368225,
        0.47784721851348877,
        0.5351146459579468,
        0.5932767391204834,
        0.661260187625885,
        0.6526969075202942,
        0.6589163541793823,
        0.7035506367683411,
        0.7307184934616089,
        0.6974424123764038,
        0.7186024188995361,
        0.6790096163749695,
        0.5669783353805542,
        0.551884114742279,
        0.5936194658279419,
        0.5935224890708923,
        0.6376800537109375,
        0.6900107860565186,
        0.7148518562316895,
        0.674177885055542,
        0.6892050504684448,
        0.7086241245269775,
        0.6768614053726196,
        0.6996995806694031,
        0.7397823333740234,
        0.7714812755584717,
        0.7645016312599182,
        0.7675381302833557,
        0.7687422037124634,
        0.7576243877410889,
        0.7855206727981567,
        0.7515237331390381,
        0.7147438526153564,
        0.6953625679016113,
        0.71501225233078,
        0.7934709191322327,
        0.7959738969802856,
        0.8117333650588989,
        0.8357797861099243,
        0.8488172292709351,
        0.8476201295852661,
        0.8411661386489868,
        0.8142105937004089,
        0.7904531359672546,
        0.7860423922538757,
        0.7893211841583252,
        0.7854433059692383,
        0.7514949440956116,
        0.7152091264724731,
        0.7264153957366943,
        0.7497906684875488,
        0.7361941933631897,
        0.7569650411605835,
        0.7694482803344727,
        0.7841315865516663,
        0.7965940237045288,
        0.7926973700523376,
        0.7864115238189697,
        0.7818924188613892
    ],
    "train_loss_history": [
        74.35795505841573,
        68.66470559438069,
        61.81305166085561,
        61.626662254333496,
        58.99159415562948,
        56.51851797103882,
        56.40241686503092,
        46.13875516255697,
        52.600525538126625,
        49.64721171061198,
        43.969833056131996,
        47.23103555043539,
        34.83743190765381,
        45.74623839060465,
        43.42899131774902,
        37.226033210754395,
        25.672046343485516,
        32.64275630315145,
        30.30541737874349,
        26.661596139272053,
        23.68987512588501,
        31.592689990997314,
        29.896093368530273,
        24.600983301798504,
        30.34964895248413,
        18.26899250348409,
        23.00224459171295,
        21.27823281288147,
        31.54140869776408,
        24.391317129135132,
        29.485773245493572,
        29.167407910029095,
        32.27507289250692,
        19.140430053075153,
        15.063010017077128,
        19.555657188097637,
        24.00373109181722,
        17.236271341641743,
        12.882418711980185,
        14.335934380690256,
        26.40080499649048,
        20.965586980183918,
        13.601921876271566,
        14.5229701201121,
        10.116026679674784,
        11.842790842056274,
        11.641480485598246,
        18.122413218021393,
        20.009895344575245,
        12.23301786184311,
        21.46966020266215,
        15.821828762690226,
        22.238995949427288,
        31.59078009923299,
        18.002033670743305,
        19.136000434557598,
        24.075475374857586,
        20.240498701731365,
        14.120988051096598,
        13.187710920969645,
        20.810800751050312,
        30.34003146489461,
        20.631027936935425,
        12.88987910747528,
        21.44592825571696,
        16.4823296268781,
        22.549500286579132,
        11.096897602081299,
        9.790597250685096,
        12.603166023890177,
        23.91452383995056,
        16.717415412267048,
        12.75021113952001
    ],