{
    "num_conv_blocks": 4,
    "initial_channels": 16,
    "dropout_rate": 0.33,
    "learning_rate": 0.001,
    "best_test_r2": 0.3702172040939331,
    "best_test_loss": 27.33997344970703,
    "final_train_r2": 0.1052735447883606,
    "train_r2_history": [
        -0.25351154804229736,
        -0.06829333305358887,
        0.030538499355316162,
        -0.06998980045318604,
        -0.0342555046081543,
        0.1722790002822876,
        -0.24232983589172363,
        -0.012575387954711914,
        0.10653930902481079,
        0.020765304565429688,
        -0.29127585887908936,
        -0.008731603622436523,
        -0.06330859661102295,
        0.21938472986221313,
        0.18703144788742065,
        0.23287361860275269,
        0.1190139651298523,
        0.05737411975860596,
        0.20933300256729126,
        -0.010251164436340332,
        -0.00479578971862793,
        0.27498477697372437,
        0.08017081022262573,
        0.24810725450515747,
        0.07202726602554321,
        0.3603143095970154,
        0.16271108388900757,
        0.20916175842285156,
        0.3182721734046936,
        0.0716291069984436,
        -0.00378262996673584,
        0.25892889499664307,
        0.33754318952560425,
        0.2140607237815857,
        0.2894880175590515,
        0.23552429676055908,
        -0.05575668811798096,
        0.31400513648986816,
        0.2490878701210022,
        0.15295028686523438,
        0.28250086307525635,
        0.3540579676628113,
        0.18404436111450195,
        0.3172374367713928,
        0.3389788269996643,
        0.13168281316757202,
        0.26664048433303833,
        0.1052735447883606
    ],
    "test_r2_history": [
        -0.3263235092163086,
        -0.17291152477264404,
        -0.03691422939300537,
        -0.029422521591186523,
        0.15020054578781128,
        0.23533415794372559,
        -0.09073340892791748,
        -0.008860111236572266,
        -0.10926342010498047,
        0.15659981966018677,
        0.3319786787033081,
        0.2427709698677063,
        0.020385801792144775,
        0.023769855499267578,
        0.06928831338882446,
        0.06033122539520264,
        0.2712099552154541,
        0.23879379034042358,
        0.25725191831588745,
        0.2556573152542114,
        0.25511622428894043,
        0.2601422667503357,
        0.252206027507782,
        0.26039910316467285,
        0.2996530532836914,
        0.33273613452911377,
        0.3418424129486084,
        0.366935133934021,
        0.3702172040939331,
        0.33947283029556274,
        0.3369099497795105,
        0.31303292512893677,
        0.30911797285079956,
        0.33687859773635864,
        0.32154160737991333,
        0.33938658237457275,
        0.2622508406639099,
        0.25912028551101685,
        0.2510169744491577,
        0.27139556407928467,
        0.22230112552642822,
        0.228380024433136,
        0.21522057056427002,
        0.16390389204025269,
        0.2531043291091919,
        0.26500141620635986,
        0.29664772748947144,
        0.280520498752594
    ],
    "train_loss_history": [
        73.3490510781606,
        59.705406506856285,
        48.772650400797524,
        52.38989988962809,
        51.25233379999796,
        34.41378132502238,
        50.70078055063883,
        50.442164738972984,
        38.66626866658529,
        48.95432265599569,
        56.705033938090004,
        49.10033496220907,
        59.68479983011881,
        35.60897159576416,
        31.927013397216797,
        35.06751108169556,
        37.223070780436196,
        51.437235514322914,
        32.18053754170736,
        41.76245530446371,
        44.39431190490723,
        26.06056610743205,
        34.13044579823812,
        35.74961519241333,
        38.193034410476685,
        23.884252786636353,
        30.892168203989666,
        27.33895468711853,
        24.631691773732502,
        46.19149525960287,
        36.287002881368004,
        27.31910316149394,
        24.452057123184204,
        29.033433596293133,
        30.524503866831463,
        31.808427333831787,
        46.08927170435587,
        23.711058417956036,
        31.748828093210857,
        31.792840480804443,
        25.48499623934428,
        22.15884620944659,
        43.609140952428184,
        26.27059030532837,
        27.959410746892292,
        43.75611972808838,
        29.425842086474102,
        36.364381631215416
    ],
    "test_loss_history": [
        57.57802200317383,
        50.91813659667969,
        45.014259338378906,
        44.68903350830078,
        36.89128112792969,
        33.19548034667969,
        47.35063552856445,
        43.7963752746582,
        48.15505599975586,
        36.61347579956055,
        28.999971389770508,
        32.87263488769531,
        42.52676010131836,
        42.379859924316406,
        40.4038200378418,
        40.79265594482422,
        31.638046264648438,
        33.045291900634766,
        32.243988037109375,
        32.31321334838867,
        32.33670425415039,
        32.11851501464844,
        32.463043212890625,
        32.10736846923828,
        30.403282165527344,
        28.967086791992188,
        28.57176971435547,
        27.48244857788086,
        27.33997344970703,
        28.674636840820312,
        28.7858943939209,
        29.82244110107422,
        29.992393493652344,
        28.787254333496094,
        29.453065872192383,
        28.678380966186523,
        32.0269775390625,
        32.162879943847656,
        32.5146598815918,
        31.629989624023438,
        33.761260986328125,
        33.497371673583984,
        34.06864547729492,
        36.29639434814453,
        32.424041748046875,
        31.907577514648438,
        30.533748626708984,
        31.233858108520508
    ]
}