{
    "num_conv_blocks": 2,
    "initial_channels": 16,
    "dropout_rate": 0.33,
    "learning_rate": 0.0001,
    "best_test_r2": 0.060687482357025146,
    "best_test_loss": 3.6982996463775635,
    "final_train_r2": 0.20117086172103882,
    "train_r2_history": [
        -1.4118528366088867,
        -0.8121248483657837,
        -0.02487623691558838,
        -0.24208438396453857,
        -0.22716104984283447,
        -0.11483359336853027,
        -0.32901978492736816,
        -0.2500959634780884,
        -0.39989352226257324,
        0.06486088037490845,
        -0.3882101774215698,
        -0.3351402282714844,
        0.09075111150741577,
        -0.20113861560821533,
        -0.17986011505126953,
        0.02952873706817627,
        0.0516168475151062,
        0.00909733772277832,
        0.2587195038795471,
        -0.016891002655029297,
        -0.06396925449371338,
        0.16441702842712402,
        0.26124459505081177,
        0.05490976572036743,
        0.23233217000961304,
        -0.15842878818511963,
        -0.013205289840698242,
        -0.24303102493286133,
        0.29303616285324097,
        0.09108483791351318,
        -0.45942556858062744,
        0.14286017417907715,
        0.17968112230300903,
        0.13298183679580688,
        -0.1959676742553711,
        0.2899060845375061,
        0.14662694931030273,
        0.00125044584274292,
        0.022222459316253662,
        0.11967331171035767,
        0.2886236310005188,
        -0.03687942028045654,
        -0.016083955764770508,
        0.20117086172103882
    ],
    "test_r2_history": [
        -1.3707096576690674,
        -1.0974619388580322,
        -0.9548264741897583,
        -0.8313494920730591,
        -0.6666569709777832,
        -0.5058077573776245,
        -0.4944732189178467,
        -0.41418302059173584,
        -0.30162572860717773,
        -0.2698568105697632,
        -0.26681792736053467,
        -0.30263209342956543,
        -0.2835712432861328,
        -0.26949405670166016,
        -0.2567523717880249,
        -0.17352664470672607,
        -0.1584763526916504,
        -0.19003307819366455,
        -0.1622018814086914,
        -0.15126335620880127,
        -0.14705324172973633,
        -0.12900888919830322,
        -0.08481335639953613,
        -0.030005812644958496,
        0.060687482357025146,
        0.00790947675704956,
        -0.003918051719665527,
        -0.04403531551361084,
        0.017741501331329346,
        0.006248116493225098,
        -0.05020177364349365,
        -0.001450181007385254,
        -0.03949117660522461,
        -0.04785573482513428,
        -0.058496832847595215,
        -0.02798593044281006,
        -0.024437308311462402,
        -0.05531442165374756,
        -0.061638832092285156,
        -0.09673035144805908,
        -0.09979903697967529,
        -0.08186888694763184,
        -0.08096921443939209,
        -0.0802229642868042
    ],
    "train_loss_history": [
        3.558532198270162,
        2.799127519130707,
        1.486369550228119,
        1.7826674096286297,
        1.7869463538130124,
        1.761172239979108,
        1.9588178545236588,
        1.8021074483791988,
        2.081274559100469,
        1.4831397483746211,
        2.0448635866244635,
        1.925385169684887,
        1.342538778980573,
        1.7598389089107513,
        1.7190838853518169,
        1.5301319261391957,
        1.3814243028561275,
        1.5073966284592946,
        1.097767432530721,
        1.4630687242994707,
        1.5258939193251233,
        1.2905790557463963,
        1.1507865190505981,
        1.3616979581614335,
        1.1448727150758107,
        1.6646890404323738,
        1.4829501037796338,
        1.7853132529805105,
        1.1111398736635845,
        1.3089195229113102,
        2.1353002736965814,
        1.3146251738071442,
        1.2446742256482441,
        1.3348882695039113,
        1.7385499303539593,
        1.036099801460902,
        1.4066226681073506,
        1.446841577688853,
        1.4029298275709152,
        1.2968710213899612,
        1.0295614649852116,
        1.590508719285329,
        1.5398419350385666,
        1.2009076476097107
    ],
    "test_loss_history": [
        9.334053039550781,
        8.25821304321289,
        7.696622371673584,
        7.210463523864746,
        6.5620293617248535,
        5.928726673126221,
        5.884100914001465,
        5.567979335784912,
        5.124813079833984,
        4.999731540679932,
        4.987767219543457,
        5.1287760734558105,
        5.053729057312012,
        4.99830436706543,
        4.948136806488037,
        4.620457649230957,
        4.5612006187438965,
        4.685446739196777,
        4.575868606567383,
        4.532800674438477,
        4.5162248611450195,
        4.4451799392700195,
        4.271171569824219,
        4.055380821228027,
        3.6982996463775635,
        3.906099319458008,
        3.952667236328125,
        4.1106181144714355,
        3.8673882484436035,
        3.9126405715942383,
        4.134896755218506,
        3.9429497718811035,
        4.092727184295654,
        4.1256608963012695,
        4.1675567626953125,
        4.047427654266357,
        4.033456325531006,
        4.155026912689209,
        4.179927825927734,
        4.31809139251709,
        4.330173015594482,
        4.259578227996826,
        4.256036281585693,
        4.2530975341796875
    ]
}