{
    "num_conv_blocks": 4,
    "initial_channels": 64,
    "dropout_rate": 0.33,
    "learning_rate": 0.001,
    "best_test_r2": -0.09894466400146484,
    "best_test_loss": 4.326810359954834,
    "final_train_r2": -0.34404730796813965,
    "train_r2_history": [
        -1.732388973236084,
        -2.6032137870788574,
        -0.6485947370529175,
        -0.8053258657455444,
        -0.7724754810333252,
        -0.4520561695098877,
        -0.4981834888458252,
        -0.06157219409942627,
        -0.16114592552185059,
        -0.3804229497909546,
        0.0413057804107666,
        -0.32200193405151367,
        -0.16614961624145508,
        -0.5168914794921875,
        -0.26470649242401123,
        0.006143689155578613,
        -0.3159860372543335,
        -0.29221582412719727,
        -0.08533775806427002,
        -0.11608481407165527,
        -0.2938607931137085,
        -0.34404730796813965
    ],
    "test_r2_history": [
        -0.2158135175704956,
        -0.4207184314727783,
        -0.09894466400146484,
        -0.49986588954925537,
        -0.9638878107070923,
        -0.24520647525787354,
        -0.29055094718933105,
        -0.2381148338317871,
        -0.513327956199646,
        -0.43295907974243164,
        -0.3521440029144287,
        -0.32449960708618164,
        -0.3219410181045532,
        -0.4333885908126831,
        -0.33878326416015625,
        -0.31518006324768066,
        -0.28614354133605957,
        -0.25371670722961426,
        -0.2762892246246338,
        -0.2329862117767334,
        -0.24999642372131348,
        -0.2914668321609497
    ],
    "train_loss_history": [
        4.0541618665059405,
        5.2343477209409075,
        2.363977037370205,
        3.651301840941111,
        2.604444613059362,
        2.0991630206505456,
        2.4371703267097473,
        1.5541944975654285,
        1.745073288679123,
        2.5181858142217,
        1.3766520073016484,
        1.9187190358837445,
        1.732676622768243,
        2.245429297288259,
        1.9585646589597066,
        1.593041700621446,
        2.131811738014221,
        1.8919222205877304,
        1.560548880447944,
        1.7624185184637706,
        1.8651373224953811,
        2.1192380289236703
    ],
    "test_loss_history": [
        4.786950588226318,
        5.593710422515869,
        4.326810359954834,
        5.905332565307617,
        7.7322998046875,
        4.902677536010742,
        5.081209659576416,
        4.874756813049316,
        5.958337306976318,
        5.641905307769775,
        5.323716640472412,
        5.214873313903809,
        5.204799175262451,
        5.643595218658447,
        5.271111965179443,
        5.17818021774292,
        5.063856601715088,
        4.936184883117676,
        5.025057792663574,
        4.8545637130737305,
        4.921537399291992,
        5.08481502532959
    ]
}