{
    "num_conv_blocks": 4,
    "initial_channels": 16,
    "dropout_rate": 0.33,
    "learning_rate": 0.001,
    "best_test_r2": 0.3865348696708679,
    "best_test_loss": 26.631589889526367,
    "final_train_r2": 0.4115476608276367,
    "train_r2_history": [
        -0.23850345611572266,
        -0.0705493688583374,
        0.04592221975326538,
        -0.16288352012634277,
        0.0661512017250061,
        0.00998687744140625,
        0.12065744400024414,
        -0.016547322273254395,
        -0.0742197036743164,
        -0.06766188144683838,
        0.15061885118484497,
        -0.02224898338317871,
        0.1676841378211975,
        0.022943973541259766,
        -0.10678601264953613,
        0.06948643922805786,
        -0.04328763484954834,
        -0.023274779319763184,
        0.1480776071548462,
        -0.21207547187805176,
        0.20219957828521729,
        0.06376266479492188,
        0.21302634477615356,
        0.1640472412109375,
        0.17787212133407593,
        0.11008697748184204,
        0.31830835342407227,
        0.07993996143341064,
        -0.1209554672241211,
        0.3452266454696655,
        0.3157457709312439,
        0.3368791937828064,
        0.3084084391593933,
        0.19717729091644287,
        0.2484835386276245,
        0.33852797746658325,
        0.1927485466003418,
        0.14655178785324097,
        0.36996567249298096,
        0.21789032220840454,
        0.2703937292098999,
        0.4565606713294983,
        0.2846592664718628,
        0.36281704902648926,
        0.1852431297302246,
        0.24321699142456055,
        0.4198693633079529,
        0.4016979932785034,
        0.2829594016075134,
        0.37104129791259766,
        0.2313726544380188,
        0.38131654262542725,
        0.4115476608276367
    ],
    "test_r2_history": [
        -0.31541013717651367,
        -0.056392669677734375,
        -0.01197350025177002,
        -0.14358901977539062,
        -0.12532317638397217,
        -0.11661636829376221,
        -0.026987314224243164,
        -0.1790715456008911,
        0.042161643505096436,
        -0.2189958095550537,
        0.06733661890029907,
        0.026718080043792725,
        -0.05422770977020264,
        0.11422610282897949,
        0.21377521753311157,
        0.12294924259185791,
        0.30395185947418213,
        0.0781029462814331,
        0.15330904722213745,
        0.20657950639724731,
        0.07651674747467041,
        -0.071921706199646,
        0.02345198392868042,
        0.0038857460021972656,
        -0.007226705551147461,
        0.05389297008514404,
        0.12618017196655273,
        0.12546902894973755,
        0.21825367212295532,
        -0.03154170513153076,
        -0.01733386516571045,
        0.18911218643188477,
        0.3437066674232483,
        0.3865348696708679,
        0.3701435923576355,
        0.3180656433105469,
        0.2903110980987549,
        0.2843540906906128,
        0.2644084095954895,
        0.28415054082870483,
        0.3187679648399353,
        0.3449987769126892,
        0.33817267417907715,
        0.3690693974494934,
        0.351607084274292,
        0.37277376651763916,
        0.35541653633117676,
        0.29303330183029175,
        0.32875680923461914,
        0.34040266275405884,
        0.36644870042800903,
        0.35425740480422974,
        0.3679194450378418
    ],
    "train_loss_history": [
        72.46674470106761,
        61.056317249933876,
        45.2149387995402,
        54.8999408086141,
        38.56577968597412,
        61.29275862375895,
        45.68098203341166,
        50.06452624003092,
        49.6516965230306,
        51.085134506225586,
        35.97005971272787,
        47.19069480895996,
        38.01723496119181,
        44.64080047607422,
        40.377241134643555,
        41.15599505106608,
        57.62230269114176,
        46.094696362813316,
        38.92501417795817,
        49.57433001200358,
        32.20496002833048,
        39.211074670155845,
        29.03454303741455,
        28.69647417465846,
        36.64355500539144,
        39.32124503453573,
        29.61769978205363,
        36.783246994018555,
        39.07900301615397,
        23.91211191813151,
        24.556885719299316,
        26.02583948771159,
        29.071641445159912,
        27.437647531429928,
        25.84198882182439,
        22.661791851123173,
        38.185951471328735,
        29.441181858380634,
        35.76566139856974,
        36.036059538523354,
        30.591659148534138,
        20.176593621571858,
        30.780644575754803,
        24.617794195810955,
        28.43678895632426,
        26.434508959452312,
        26.651516437530518,
        22.86379798253377,
        24.9962721268336,
        22.985319932301838,
        30.773606936136883,
        21.51142160097758,
        22.52777560551961
    ],
    "test_loss_history": [
        57.104251861572266,
        45.85984802246094,
        43.93153762817383,
        49.64519500732422,
        48.85224533081055,
        48.47426223754883,
        44.58330535888672,
        51.185550689697266,
        41.58143997192383,
        52.918739318847656,
        40.48854446411133,
        42.25187683105469,
        45.765865325927734,
        38.45299530029297,
        34.13139343261719,
        38.074302673339844,
        30.21666717529297,
        40.02116394042969,
        36.75633239746094,
        34.44376754760742,
        40.09001922607422,
        46.533992767333984,
        42.393646240234375,
        43.24305725097656,
        43.725467681884766,
        41.07216262817383,
        37.93404769897461,
        37.96491622924805,
        33.93696975708008,
        44.78102111816406,
        44.16423797607422,
        35.20205307006836,
        28.4908390045166,
        26.631589889526367,
        27.343164443969727,
        29.603961944580078,
        30.808834075927734,
        31.06743621826172,
        31.933313369750977,
        31.07627296447754,
        29.573474884033203,
        28.43474578857422,
        28.731081008911133,
        27.389799118041992,
        28.147865295410156,
        27.22898292541504,
        27.982492446899414,
        30.690658569335938,
        29.13983917236328,
        28.6342716217041,
        27.50356674194336,
        28.032812118530273,
        27.439720153808594
    ]
}