{
    "num_conv_blocks": 4,
    "initial_channels": 64,
    "dropout_rate": 0.33,
    "learning_rate": 0.0001,
    "best_test_r2": 0.687198281288147,
    "best_test_loss": 13.579270362854004,
    "final_train_r2": 0.6331455707550049,
    "train_r2_history": [
        -0.2577822208404541,
        -0.033559441566467285,
        0.0415574312210083,
        0.03497058153152466,
        0.1329173445701599,
        0.0913705825805664,
        0.17063844203948975,
        0.021684348583221436,
        0.28964054584503174,
        0.27259451150894165,
        0.1775224208831787,
        0.06441879272460938,
        0.27417272329330444,
        0.21468263864517212,
        0.2889566421508789,
        0.3128548264503479,
        0.2179383635520935,
        0.11281329393386841,
        0.23384064435958862,
        0.3599475622177124,
        0.4147389531135559,
        0.39816737174987793,
        0.23127985000610352,
        0.4141709804534912,
        0.32766568660736084,
        0.5490394830703735,
        0.6325623393058777,
        0.46958625316619873,
        0.3547355532646179,
        0.5817230939865112,
        0.561184287071228,
        0.5162793397903442,
        0.501558780670166,
        0.446834921836853,
        0.6014039516448975,
        0.49530255794525146,
        0.2746348977088928,
        0.6844333410263062,
        0.5953853726387024,
        0.7088085412979126,
        0.7013328075408936,
        0.6118306517601013,
        0.5485507249832153,
        0.5625467300415039,
        0.6289306879043579,
        0.6521938443183899,
        0.6331455707550049
    ],
    "test_r2_history": [
        -0.35094594955444336,
        -0.27390897274017334,
        -0.13493752479553223,
        -0.010488271713256836,
        0.028682053089141846,
        0.019972681999206543,
        0.08913373947143555,
        0.3128460645675659,
        0.3876696825027466,
        0.11906707286834717,
        0.09979629516601562,
        0.19681406021118164,
        0.3013855814933777,
        0.04509115219116211,
        0.4258732199668884,
        0.5074931979179382,
        0.520485520362854,
        0.3944893479347229,
        0.39989739656448364,
        0.649233341217041,
        0.5134010314941406,
        0.5305434465408325,
        0.5743218660354614,
        0.5427212715148926,
        0.49958550930023193,
        0.4847513437271118,
        0.5806252956390381,
        0.687198281288147,
        0.6290044188499451,
        0.36012834310531616,
        0.4260757565498352,
        0.5366498231887817,
        0.5595080852508545,
        0.42607247829437256,
        0.318777859210968,
        0.31457066535949707,
        0.28399306535720825,
        0.295492947101593,
        0.35140031576156616,
        0.39108461141586304,
        0.4417111873626709,
        0.47012096643447876,
        0.4357144832611084,
        0.4745699167251587,
        0.46960824728012085,
        0.4959867000579834,
        0.47853541374206543
    ],
    "train_loss_history": [
        73.5937187274297,
        64.49500322341919,
        56.489858865737915,
        54.133549451828,
        46.10472456614176,
        49.79753065109253,
        39.361160596211754,
        47.080416997273765,
        36.146432081858315,
        34.245319843292236,
        37.928497632344566,
        44.0130468805631,
        34.754263401031494,
        39.22830228010813,
        33.70050160090128,
        34.137486139933266,
        29.858121236165363,
        43.04728905359904,
        39.167247692743935,
        25.946278889973957,
        28.0456698735555,
        23.338091055552166,
        36.48469591140747,
        20.025745670000713,
        27.779598871866863,
        19.585131883621216,
        12.759224355220795,
        20.405398845672607,
        25.159111340840656,
        18.15746800104777,
        14.982616523901621,
        23.104788303375244,
        17.18498706817627,
        21.326443354288738,
        19.290077050526936,
        17.24556616942088,
        34.082314332326256,
        11.980693221092224,
        14.23865294456482,
        12.10214122136434,
        10.537808577219645,
        15.331649541854858,
        19.123719056447346,
        15.159453709920248,
        13.094483693440756,
        12.230384945869446,
        13.217583656311035
    ],
    "test_loss_history": [
        58.64691925048828,
        55.302616119384766,
        49.26961898803711,
        43.86705780029297,
        42.16660690307617,
        42.54469680786133,
        39.542293548583984,
        29.83055305480957,
        26.582324981689453,
        38.242835998535156,
        39.07941436767578,
        34.867698669433594,
        30.328073501586914,
        41.454261779785156,
        24.92384147644043,
        21.380578994750977,
        20.816558837890625,
        26.28626823425293,
        26.051502227783203,
        15.22739028930664,
        21.124109268188477,
        20.379926681518555,
        18.479434967041016,
        19.851266860961914,
        21.72386932373047,
        22.367841720581055,
        18.20578956604004,
        13.579270362854004,
        16.105566024780273,
        27.777942657470703,
        24.91505241394043,
        20.11484146118164,
        19.12252426147461,
        24.91519546508789,
        29.573043823242188,
        29.75568389892578,
        31.083110809326172,
        30.583881378173828,
        28.156845092773438,
        26.434078216552734,
        24.236289978027344,
        23.002971649169922,
        24.496618270874023,
        22.809837341308594,
        23.02522850036621,
        21.88010025024414,
        22.63768768310547
    ]
}