{
    "num_conv_blocks": 2,
    "initial_channels": 64,
    "dropout_rate": 0.33,
    "learning_rate": 0.0001,
    "best_test_r2": 0.17145377397537231,
    "best_test_loss": 3.26218581199646,
    "final_train_r2": 0.368152379989624,
    "train_r2_history": [
        -1.1729204654693604,
        -0.41393303871154785,
        -0.4455679655075073,
        -0.10081565380096436,
        -0.07309448719024658,
        -0.3450270891189575,
        -0.20391333103179932,
        -0.31443941593170166,
        -0.10536420345306396,
        -0.33276498317718506,
        -0.4119069576263428,
        0.008797824382781982,
        0.0368579626083374,
        -0.20445120334625244,
        0.11544233560562134,
        -0.19601714611053467,
        0.13749724626541138,
        0.019201219081878662,
        -0.09331679344177246,
        0.10385847091674805,
        -0.059886932373046875,
        -0.0058040618896484375,
        -0.04354095458984375,
        -0.05152392387390137,
        0.19220316410064697,
        -0.08444833755493164,
        0.18700498342514038,
        0.15516197681427002,
        0.04624652862548828,
        0.14014655351638794,
        0.19032931327819824,
        -0.04517769813537598,
        0.1586991548538208,
        0.39333009719848633,
        0.35607510805130005,
        0.11892431974411011,
        0.37574082612991333,
        0.017383933067321777,
        0.24412423372268677,
        0.16481250524520874,
        0.3827195167541504,
        0.4365076422691345,
        0.231065571308136,
        0.35498619079589844,
        0.05936688184738159,
        0.38381659984588623,
        0.31183427572250366,
        0.33606576919555664,
        0.3360787034034729,
        0.41850632429122925,
        0.498370885848999,
        0.13413095474243164,
        0.368152379989624
    ],
    "test_r2_history": [
        -1.3606619834899902,
        -1.3150920867919922,
        -0.94353187084198,
        -0.7027703523635864,
        -0.6059525012969971,
        -0.6197385787963867,
        -0.38736748695373535,
        -0.3720695972442627,
        -0.4489074945449829,
        -0.20557856559753418,
        -0.09982740879058838,
        -0.11627340316772461,
        -0.14448893070220947,
        -0.21097147464752197,
        -0.22533464431762695,
        -0.14877355098724365,
        -0.12955808639526367,
        -0.13116121292114258,
        -0.12370193004608154,
        -0.1141202449798584,
        -0.098655104637146,
        -0.17728614807128906,
        -0.21294593811035156,
        -0.24477696418762207,
        -0.13269925117492676,
        -0.08462393283843994,
        -0.03802382946014404,
        -0.009403824806213379,
        0.009125471115112305,
        0.0206030011177063,
        0.11058610677719116,
        0.13296723365783691,
        0.13153952360153198,
        0.17145377397537231,
        0.13657855987548828,
        0.046980082988739014,
        0.017276883125305176,
        0.005719482898712158,
        -0.015059113502502441,
        0.04261517524719238,
        0.052764952182769775,
        0.010445654392242432,
        -0.011502504348754883,
        -0.016638875007629395,
        -0.013334989547729492,
        0.02132737636566162,
        0.06765800714492798,
        0.11113548278808594,
        0.08521884679794312,
        0.0635271668434143,
        0.048478782176971436,
        0.012865304946899414,
        0.026261985301971436
    ],
    "train_loss_history": [
        3.607410495479902,
        2.067265604933103,
        2.207472642262777,
        1.6424881716569264,
        1.9949587484200795,
        2.0042176147301993,
        1.7659643441438675,
        2.3319304386774697,
        1.5963650234043598,
        1.9289282361666362,
        2.0580005049705505,
        1.5110577543576558,
        1.5870386610428493,
        1.7957994937896729,
        1.3048716684182484,
        1.761960546175639,
        1.2568494826555252,
        1.5897801965475082,
        1.6000192364056904,
        1.35746435324351,
        1.7050928225119908,
        1.4589647178848584,
        1.7589388191699982,
        1.5132718868553638,
        1.180989829202493,
        1.657314012447993,
        1.216173564394315,
        1.2808140416940053,
        1.463911493619283,
        1.234915928915143,
        1.2093139936526616,
        1.5028980219115813,
        1.238218441605568,
        0.959145744641622,
        1.0133269627888997,
        1.315981075167656,
        0.9091389924287796,
        1.4162274940560262,
        1.1535957902669907,
        1.2248991876840591,
        0.9399301211039225,
        0.8238017149269581,
        1.1246265818675358,
        0.928505627438426,
        1.3724172090490658,
        0.9005842506885529,
        1.0218401749928792,
        0.9864189674456915,
        0.9627467778821787,
        0.9402543157339096,
        0.8036923060814539,
        1.2443478129183252,
        1.0795501867930095
    ],
    "test_loss_history": [
        9.29449462890625,
        9.115076065063477,
        7.652153491973877,
        6.704217433929443,
        6.323022365570068,
        6.377299785614014,
        5.462399482727051,
        5.4021687507629395,
        5.704698085784912,
        4.746653079986572,
        4.330286026000977,
        4.3950371742248535,
        4.506128311157227,
        4.767886161804199,
        4.824437618255615,
        4.522997856140137,
        4.4473419189453125,
        4.453653812408447,
        4.424285411834717,
        4.38655948638916,
        4.325669765472412,
        4.63525915145874,
        4.775660037994385,
        4.900987148284912,
        4.459709644317627,
        4.270425796508789,
        4.086949348449707,
        3.9742660522460938,
        3.9013118743896484,
        3.8561222553253174,
        3.5018370151519775,
        3.4137165546417236,
        3.419337749481201,
        3.26218581199646,
        3.399498224258423,
        3.7522690296173096,
        3.86921763420105,
        3.914721727371216,
        3.9965319633483887,
        3.7694544792175293,
        3.729492425918579,
        3.896113395690918,
        3.982529401779175,
        4.00275182723999,
        3.989744186401367,
        3.8532700538635254,
        3.6708550453186035,
        3.4996731281280518,
        3.6017136573791504,
        3.6871190071105957,
        3.7463676929473877,
        3.886587381362915,
        3.8338406085968018
    ]
}