{
    "num_conv_blocks": 2,
    "initial_channels": 64,
    "dropout_rate": 0.33,
    "learning_rate": 0.0001,
    "best_test_r2": 0.9225849509239197,
    "best_test_loss": 3.360722780227661,
    "final_train_r2": 0.8119542598724365,
    "train_r2_history": [
        -0.21333730220794678,
        -0.02875542640686035,
        0.04337877035140991,
        0.19125866889953613,
        0.08274608850479126,
        0.25597572326660156,
        0.15931600332260132,
        0.2251071333885193,
        0.4448276162147522,
        0.20908039808273315,
        0.3989628553390503,
        0.22839069366455078,
        0.4407511353492737,
        0.3314821720123291,
        0.4220317006111145,
        0.53178870677948,
        0.603271484375,
        0.4318070411682129,
        0.5825886130332947,
        0.5571062564849854,
        0.6147079467773438,
        0.5435358881950378,
        0.5232463479042053,
        0.3062858581542969,
        0.47548073530197144,
        0.6479499936103821,
        0.4808637499809265,
        0.7001134157180786,
        0.4670402407646179,
        0.5981814861297607,
        0.6301256418228149,
        0.6881440281867981,
        0.5738018751144409,
        0.8025078177452087,
        0.6944963932037354,
        0.6473796367645264,
        0.7617260813713074,
        0.7572357058525085,
        0.8119542598724365
    ],
    "test_r2_history": [
        -0.31947171688079834,
        -0.2451692819595337,
        -0.15407168865203857,
        -0.05332374572753906,
        0.02459895610809326,
        0.10725283622741699,
        0.24151957035064697,
        0.348724901676178,
        0.43005579710006714,
        0.4844919443130493,
        0.5675958395004272,
        0.6466372013092041,
        0.7051547765731812,
        0.7489756941795349,
        0.7235386967658997,
        0.7700820565223694,
        0.8773826360702515,
        0.8511767983436584,
        0.8697967529296875,
        0.9225849509239197,
        0.7292101383209229,
        0.7208304405212402,
        0.8224935531616211,
        0.8927575945854187,
        0.8121999502182007,
        0.7953318953514099,
        0.8369115591049194,
        0.8856390118598938,
        0.8878551721572876,
        0.8950069546699524,
        0.8895162343978882,
        0.8729550242424011,
        0.8350023627281189,
        0.7810256481170654,
        0.7701098322868347,
        0.7601454854011536,
        0.794488787651062,
        0.8337060213088989,
        0.8472435474395752
    ],
    "train_loss_history": [
        72.12387255827586,
        62.85926175117493,
        55.20272000630697,
        48.793208281199135,
        46.7289973894755,
        38.52197106679281,
        44.20175631841024,
        45.09734312693278,
        31.0581374168396,
        41.982230981191,
        22.006873607635498,
        46.12107753753662,
        25.82295862833659,
        35.40121523539225,
        30.91769576072693,
        25.483924865722656,
        13.992490410804749,
        19.553973217805225,
        15.138641198476156,
        22.535008907318115,
        16.465845505396526,
        22.14818541208903,
        22.56654405593872,
        25.906853516896565,
        18.868576327959698,
        16.844892899195354,
        23.200764417648315,
        14.129681388537088,
        24.492071708043415,
        15.072725395361582,
        14.710191249847412,
        10.731054157018661,
        24.347982088724773,
        7.533871988455455,
        17.71379892031352,
        14.679091771443685,
        8.454727609952291,
        12.943678359190622,
        8.928318083286285
    ],
    "test_loss_history": [
        57.28057098388672,
        54.054969787597656,
        50.10026550292969,
        45.726627349853516,
        42.34386444091797,
        38.755714416503906,
        32.92695617675781,
        28.272987365722656,
        24.742271423339844,
        22.37910270690918,
        18.771421432495117,
        15.340097427368164,
        12.799744606018066,
        10.897403717041016,
        12.001667976379395,
        9.981138229370117,
        5.323034286499023,
        6.460673809051514,
        5.6523518562316895,
        3.360722780227661,
        11.75545883178711,
        12.11923885345459,
        7.705864429473877,
        4.655579566955566,
        8.152728080749512,
        8.884998321533203,
        7.079952239990234,
        4.9646100997924805,
        4.868402481079102,
        4.557930946350098,
        4.79629373550415,
        5.515244483947754,
        7.162835121154785,
        9.506059646606445,
        9.979934692382812,
        10.412501335144043,
        8.921600341796875,
        7.219110488891602,
        6.631422996520996
    ]
}