{
    "num_conv_blocks": 4,
    "initial_channels": 16,
    "dropout_rate": 0.33,
    "learning_rate": 0.001,
    "best_test_r2": 0.3284125328063965,
    "best_test_loss": 24.90497398376465,
    "final_train_r2": 0.45415109395980835,
    "train_r2_history": [
        -1.7778534889221191,
        -0.17042863368988037,
        -0.12290501594543457,
        -0.05524802207946777,
        -0.24564862251281738,
        -0.081565260887146,
        -0.236564040184021,
        -0.007846355438232422,
        0.11041873693466187,
        0.20664167404174805,
        0.23168635368347168,
        0.13845312595367432,
        0.027421295642852783,
        0.13190734386444092,
        0.030326664447784424,
        -0.21772849559783936,
        0.08282631635665894,
        0.15317153930664062,
        0.236078143119812,
        0.3525696396827698,
        0.16057991981506348,
        0.3951979875564575,
        0.33250296115875244,
        0.2670150399208069,
        0.25715184211730957,
        0.3126215934753418,
        0.2534797191619873,
        -0.009299755096435547,
        0.26461148262023926,
        0.3972848057746887,
        0.3851853013038635,
        0.20677322149276733,
        0.1918531060218811,
        0.17423439025878906,
        0.15722274780273438,
        0.5161434412002563,
        0.3849688172340393,
        0.23123103380203247,
        0.3836877942085266,
        0.4326576590538025,
        0.2487269639968872,
        0.45960456132888794,
        0.476066529750824,
        0.4791068434715271,
        0.3669655919075012,
        0.34250372648239136,
        0.2975296974182129,
        0.45415109395980835
    ],
    "test_r2_history": [
        -4.040250301361084,
        -2.604182243347168,
        -1.6360738277435303,
        -0.5866056680679321,
        -0.4022378921508789,
        -1.2110068798065186,
        -1.0864078998565674,
        0.11929386854171753,
        0.20861077308654785,
        -0.21806156635284424,
        -0.11590051651000977,
        -0.1677250862121582,
        -0.07350420951843262,
        0.13018131256103516,
        0.0924493670463562,
        0.10829991102218628,
        0.08063220977783203,
        0.15809065103530884,
        0.045978665351867676,
        0.004022538661956787,
        -0.026821255683898926,
        -0.007516264915466309,
        0.007922649383544922,
        -0.1557166576385498,
        -0.03999066352844238,
        0.0690801739692688,
        0.24504637718200684,
        0.26766568422317505,
        0.3284125328063965,
        0.311828076839447,
        0.2369002103805542,
        0.14078348875045776,
        0.061330318450927734,
        -0.020582199096679688,
        0.052986204624176025,
        0.0711674690246582,
        0.07904016971588135,
        0.09410083293914795,
        0.14891213178634644,
        0.18191421031951904,
        0.19896143674850464,
        0.13955801725387573,
        0.11631530523300171,
        0.07336848974227905,
        0.04792994260787964,
        0.021217763423919678,
        0.042296648025512695,
        0.059938788414001465
    ],
    "train_loss_history": [
        206.72962458928427,
        96.2960278193156,
        83.50648089249928,
        79.94953346252441,
        98.66982205708821,
        86.26546510060628,
        92.94424947102864,
        74.89714133739471,
        69.19291559855144,
        60.52208296457926,
        64.83576965332031,
        69.73670244216919,
        76.57420873641968,
        68.66623338063557,
        83.5071005821228,
        92.69319089253743,
        69.86443328857422,
        67.00524012247722,
        66.73794714609782,
        49.8344669342041,
        64.23483721415202,
        45.32169997692108,
        56.28474775950114,
        56.68514760335287,
        55.99002242088318,
        57.73558314641317,
        60.45893065134684,
        76.95934359232585,
        54.58855753143629,
        48.61874643961588,
        46.85383749008179,
        65.82190481821696,
        61.41900142033895,
        63.51064292589823,
        65.45356114705403,
        39.89185873667399,
        46.627986113230385,
        59.7616662979126,
        50.03145853678385,
        45.72993087768555,
        60.55736684799194,
        43.5425763130188,
        44.239769299825035,
        40.365394274393715,
        48.17335510253906,
        50.43205340703329,
        54.06822061538696,
        46.102395375569664
    ],
    "test_loss_history": [
        186.9113311767578,
        133.65655517578125,
        97.7554702758789,
        58.837284088134766,
        52.00022888183594,
        81.9924087524414,
        77.37181091308594,
        32.659881591796875,
        29.347673416137695,
        45.17028045654297,
        41.38176727294922,
        43.30361557006836,
        39.80955505371094,
        32.25613021850586,
        33.655372619628906,
        33.06757354736328,
        34.09359359741211,
        31.22115135192871,
        35.37868118286133,
        36.93457794189453,
        38.0783805847168,
        37.36247253417969,
        36.78994369506836,
        42.85830307006836,
        38.566741943359375,
        34.52199172973633,
        27.99650764465332,
        27.157695770263672,
        24.90497398376465,
        25.51999282836914,
        28.298599243164062,
        31.86296272277832,
        34.80938720703125,
        37.847007751464844,
        35.11881637573242,
        34.44458770751953,
        34.15263748168945,
        33.59413146972656,
        31.561519622802734,
        30.337682723999023,
        29.705509185791016,
        31.90840721130371,
        32.77033233642578,
        34.362972259521484,
        35.30632019042969,
        36.296905517578125,
        35.51522445678711,
        34.860984802246094
    ]
}