{
    "num_conv_blocks": 3,
    "initial_channels": 32,
    "dropout_rate": 0.33,
    "learning_rate": 0.001,
    "best_test_r2": -0.009928107261657715,
    "best_test_loss": 3.976330041885376,
    "final_train_r2": -0.2378772497177124,
    "train_r2_history": [
        -2.2280020713806152,
        -0.6309707164764404,
        -0.6790460348129272,
        -0.6721163988113403,
        -0.3386188745498657,
        -0.5817279815673828,
        -0.3789125680923462,
        -1.0544054508209229,
        -0.7632632255554199,
        -0.3471052646636963,
        -0.4123513698577881,
        -0.210241436958313,
        -0.6842755079269409,
        -0.1747422218322754,
        -0.4626108407974243,
        -0.2926894426345825,
        -0.2874089479446411,
        -0.20823264122009277,
        -0.37638533115386963,
        -0.12705063819885254,
        -0.3967256546020508,
        -0.4803539514541626,
        -0.2546488046646118,
        -0.12106168270111084,
        -0.2679663896560669,
        -0.4192016124725342,
        -0.38681185245513916,
        -0.2094796895980835,
        -0.2378772497177124
    ],
    "test_r2_history": [
        -1.1954591274261475,
        -1.080160140991211,
        -0.6243394613265991,
        -0.3754833936691284,
        -0.28119754791259766,
        -0.5134379863739014,
        -1.0110526084899902,
        -0.25150537490844727,
        -0.23165833950042725,
        -0.009928107261657715,
        -0.2506828308105469,
        -0.48388099670410156,
        -0.9035800695419312,
        -0.7539818286895752,
        -0.43644750118255615,
        -0.23191452026367188,
        -0.4744061231613159,
        -0.6819297075271606,
        -0.6787452697753906,
        -0.5338191986083984,
        -0.40359675884246826,
        -0.2215893268585205,
        -0.2003026008605957,
        -0.2819247245788574,
        -0.29936420917510986,
        -0.38020968437194824,
        -0.4070972204208374,
        -0.4165611267089844,
        -0.40160179138183594
    ],
    "train_loss_history": [
        4.9596434235572815,
        2.570557792981466,
        2.6416637897491455,
        2.550715525945028,
        2.049670626719793,
        2.505074977874756,
        2.1564076443513236,
        3.222637355327606,
        2.626481572786967,
        2.0951384926835694,
        2.048636943101883,
        2.2180503408114114,
        2.4739660769701004,
        1.6882110703736544,
        2.101132602120439,
        2.249826709429423,
        2.0224251051743827,
        1.8804298142592113,
        1.9834012389183044,
        1.6605254064003627,
        2.0787647366523743,
        2.3295764525731406,
        1.8707283635934193,
        1.762286255757014,
        1.8787635117769241,
        2.1483097672462463,
        2.044660265247027,
        1.7414269223809242,
        1.7974525888760884
    ],
    "test_loss_history": [
        8.644050598144531,
        8.190091133117676,
        6.395415306091309,
        5.415609359741211,
        5.044382572174072,
        5.958769798278809,
        7.91799783706665,
        4.9274773597717285,
        4.849335670471191,
        3.976330041885376,
        4.924239158630371,
        5.8423967361450195,
        7.494853973388672,
        6.905848026275635,
        5.655640602111816,
        4.850344181060791,
        5.8050923347473145,
        6.622160911560059,
        6.609623908996582,
        6.039015293121338,
        5.526298999786377,
        4.809691429138184,
        4.7258806228637695,
        5.04724645614624,
        5.115910530090332,
        5.4342169761657715,
        5.540080547332764,
        5.5773420333862305,
        5.5184431076049805
    ]
}