{
    "num_conv_blocks": 4,
    "initial_channels": 32,
    "dropout_rate": 0.33,
    "learning_rate": 0.0001,
    "best_test_r2": -0.04987525939941406,
    "best_test_loss": 3.72326397895813,
    "final_train_r2": -6.126287460327148,
    "train_r2_history": [
        -217.748779296875,
        -197.78329467773438,
        -169.43743896484375,
        -137.1687469482422,
        -98.04076385498047,
        -60.485130310058594,
        -31.175994873046875,
        -11.754501342773438,
        -12.376531600952148,
        -10.7687406539917,
        -7.869073867797852,
        -7.8179779052734375,
        -12.543570518493652,
        -10.448610305786133,
        -9.54453182220459,
        -7.057733535766602,
        -8.286687850952148,
        -9.552083015441895,
        -7.408991813659668,
        -8.090302467346191,
        -8.232948303222656,
        -6.025434494018555,
        -7.47283935546875,
        -9.935742378234863,
        -8.657181739807129,
        -4.871463298797607,
        -7.592907905578613,
        -10.821185111999512,
        -4.511050701141357,
        -8.361961364746094,
        -5.3864827156066895,
        -6.748530864715576,
        -11.000967025756836,
        -6.030296325683594,
        -5.8545942306518555,
        -5.214259624481201,
        -6.898725986480713,
        -7.815201759338379,
        -9.612858772277832,
        -7.581464767456055,
        -9.27736759185791,
        -6.0716142654418945,
        -7.043461799621582,
        -8.900052070617676,
        -9.66680908203125,
        -5.24437952041626,
        -6.126287460327148
    ],
    "test_r2_history": [
        -240.8636016845703,
        -235.04701232910156,
        -222.9949493408203,
        -200.74935913085938,
        -164.2408905029297,
        -114.09454345703125,
        -56.19110870361328,
        -20.231948852539062,
        -11.644259452819824,
        -7.2809553146362305,
        -8.444291114807129,
        -10.967790603637695,
        -10.180320739746094,
        -12.230321884155273,
        -9.434245109558105,
        -5.64497709274292,
        -1.4049935340881348,
        -1.2021162509918213,
        -3.8497467041015625,
        -4.361547946929932,
        -4.695167064666748,
        -3.420860767364502,
        -3.978872776031494,
        -3.9057531356811523,
        -2.1041078567504883,
        -0.664772629737854,
        -0.18647515773773193,
        -0.04987525939941406,
        -0.4726083278656006,
        -0.5291897058486938,
        -1.2882328033447266,
        -1.0537714958190918,
        -0.6443396806716919,
        -0.8771531581878662,
        -1.0510811805725098,
        -0.8678988218307495,
        -1.1871092319488525,
        -1.309570550918579,
        -1.5264580249786377,
        -1.8294246196746826,
        -2.1305673122406006,
        -1.8441898822784424,
        -1.6482768058776855,
        -1.4972000122070312,
        -1.3382132053375244,
        -0.8647258281707764,
        -1.3483142852783203
    ],
    "train_loss_history": [
        848.6795552571615,
        773.6847432454427,
        664.455078125,
        527.6333770751953,
        364.32039133707684,
        227.18483225504556,
        119.21977233886719,
        45.662698109944664,
        48.9167693456014,
        45.82649485270182,
        30.357219060262043,
        30.002015681316454,
        48.458210945129395,
        45.3103666305542,
        37.305883248647056,
        30.278969446818035,
        34.2698647181193,
        47.753533045450844,
        28.86331121126811,
        32.37369314829508,
        47.18882465362549,
        28.444493293762207,
        31.61109717686971,
        37.576943238576256,
        39.21713670094808,
        20.046624610821407,
        36.724120457967125,
        45.3226703008016,
        23.676488637924194,
        36.653845151265465,
        23.335785071055096,
        28.760170936584473,
        50.91934045155843,
        24.206072211265564,
        24.618438800175984,
        26.997697671254475,
        37.958574533462524,
        41.19157791137695,
        44.482184727986656,
        31.160489718119305,
        38.76205825805664,
        24.923794110616047,
        28.81895860036214,
        47.54388236999512,
        41.73556168874105,
        24.355494181315105,
        24.804362217585247
    ],
    "test_loss_history": [
        857.7418823242188,
        837.114013671875,
        794.3726806640625,
        715.481201171875,
        586.0081176757812,
        408.1697998046875,
        202.8218231201172,
        75.29670715332031,
        44.84143829345703,
        29.367467880249023,
        33.49311065673828,
        42.442420959472656,
        39.64974594116211,
        46.919837951660156,
        37.00386428833008,
        23.565662384033203,
        8.529037475585938,
        7.80955696105957,
        17.199077606201172,
        19.014122009277344,
        20.197265625,
        15.678082466125488,
        17.657007217407227,
        17.397701263427734,
        11.008368492126465,
        5.903928279876709,
        4.207699775695801,
        3.72326397895813,
        5.222438335418701,
        5.423098087310791,
        8.114958763122559,
        7.283468246459961,
        5.831464767456055,
        6.657111167907715,
        7.273928165435791,
        6.624291896820068,
        7.7563347816467285,
        8.190631866455078,
        8.959795951843262,
        10.034235954284668,
        11.102202415466309,
        10.08659839630127,
        9.391814231872559,
        8.856037139892578,
        8.29220962524414,
        6.613039016723633,
        8.328030586242676
    ]
}