{
    "num_conv_blocks": 2,
    "initial_channels": 64,
    "dropout_rate": 0.33,
    "learning_rate": 0.001,
    "best_test_r2": -0.28560149669647217,
    "best_test_loss": 5.061722755432129,
    "final_train_r2": -0.16276812553405762,
    "train_r2_history": [
        -23.962696075439453,
        -4.151496887207031,
        -3.4332170486450195,
        -1.5661511421203613,
        -0.8727977275848389,
        -0.802852988243103,
        -1.1711761951446533,
        -0.7173968553543091,
        -1.5729990005493164,
        -0.9932727813720703,
        -0.3759729862213135,
        -0.9401843547821045,
        -0.969689130783081,
        -0.7138776779174805,
        -0.5596948862075806,
        -1.0322833061218262,
        -0.6979237794876099,
        -0.5729060173034668,
        -0.5530636310577393,
        -0.8035945892333984,
        -0.5261167287826538,
        -0.45433998107910156,
        -0.16276812553405762
    ],
    "test_r2_history": [
        -1.5914306640625,
        -1.7405660152435303,
        -1.023979902267456,
        -0.28560149669647217,
        -1.1862695217132568,
        -0.8965456485748291,
        -0.5882997512817383,
        -0.34752941131591797,
        -0.3572392463684082,
        -0.6736454963684082,
        -0.7752708196640015,
        -0.8986995220184326,
        -0.8595898151397705,
        -0.5890053510665894,
        -0.6977635622024536,
        -0.6575280427932739,
        -0.5999002456665039,
        -0.5252771377563477,
        -0.4706845283508301,
        -0.4058955907821655,
        -0.35292792320251465,
        -0.39190542697906494,
        -0.37287700176239014
    ],
    "train_loss_history": [
        37.28232753276825,
        9.027947505315145,
        7.348039587338765,
        4.067477027575175,
        2.713919796049595,
        2.693964252869288,
        3.944117526213328,
        2.592625707387924,
        4.06425937016805,
        3.0442229410012565,
        2.1860878666241965,
        2.8171913077433905,
        2.9348884224891663,
        2.644811769326528,
        2.2495390648643174,
        3.103882521390915,
        2.468521455923716,
        2.2666233194371066,
        2.2354767943422,
        2.989311471581459,
        2.5558578173319497,
        2.170667310555776,
        1.7380885183811188
    ],
    "test_loss_history": [
        10.203085899353027,
        10.790268898010254,
        7.968896389007568,
        5.061722755432129,
        8.607870101928711,
        7.467156887054443,
        6.253518581390381,
        5.305547714233398,
        5.343777656555176,
        6.589545249938965,
        6.989667892456055,
        7.475636959075928,
        7.321652412414551,
        6.2562971115112305,
        6.68450403213501,
        6.526086330413818,
        6.299192428588867,
        6.005383491516113,
        5.790439128875732,
        5.535349369049072,
        5.3268022537231445,
        5.480266094207764,
        5.40534782409668
    ]
}