{
    "num_conv_blocks": 2,
    "initial_channels": 32,
    "dropout_rate": 0.33,
    "learning_rate": 0.0001,
    "best_test_r2": -0.1434035301208496,
    "best_test_loss": 4.501855373382568,
    "final_train_r2": 0.0631367564201355,
    "train_r2_history": [
        -1.4087324142456055,
        -0.5481812953948975,
        -0.40555477142333984,
        -0.3985555171966553,
        -0.5730812549591064,
        -0.09186089038848877,
        -0.3027092218399048,
        -0.19621896743774414,
        0.16937154531478882,
        -0.21412861347198486,
        -0.4522082805633545,
        -0.0845346450805664,
        -0.23057043552398682,
        -0.34395933151245117,
        -0.046068787574768066,
        -0.09877657890319824,
        0.012931585311889648,
        -0.047516584396362305,
        -0.27157139778137207,
        0.036905765533447266,
        0.18822044134140015,
        0.0033481717109680176,
        -0.10097825527191162,
        0.15112406015396118,
        -0.1983332633972168,
        -0.1864333152770996,
        0.07098329067230225,
        0.0018826127052307129,
        0.0825837254524231,
        -0.21909844875335693,
        -0.16766762733459473,
        -0.1383885145187378,
        0.06395715475082397,
        0.011203944683074951,
        -0.03365015983581543,
        0.00521165132522583,
        0.12937307357788086,
        -0.22092831134796143,
        -0.3214726448059082,
        0.29583364725112915,
        0.10251641273498535,
        -0.029928922653198242,
        0.0604434609413147,
        0.03486454486846924,
        0.1373281478881836,
        0.08580189943313599,
        -0.3634934425354004,
        0.031012296676635742,
        0.030872881412506104,
        0.02278846502304077,
        0.0631367564201355
    ],
    "test_r2_history": [
        -1.4950060844421387,
        -1.3722481727600098,
        -1.2355201244354248,
        -0.9386669397354126,
        -0.7155807018280029,
        -0.636534571647644,
        -0.6363346576690674,
        -0.4705861806869507,
        -0.3411520719528198,
        -0.40134942531585693,
        -0.43021345138549805,
        -0.32221078872680664,
        -0.21799910068511963,
        -0.2666177749633789,
        -0.36636805534362793,
        -0.3291815519332886,
        -0.2527512311935425,
        -0.26211977005004883,
        -0.3841245174407959,
        -0.3780944347381592,
        -0.3732123374938965,
        -0.2980771064758301,
        -0.3172527551651001,
        -0.29879438877105713,
        -0.24559378623962402,
        -0.23012614250183105,
        -0.2211822271347046,
        -0.21264874935150146,
        -0.17843735218048096,
        -0.16129815578460693,
        -0.14519381523132324,
        -0.1434035301208496,
        -0.17126798629760742,
        -0.16036152839660645,
        -0.14352810382843018,
        -0.187933087348938,
        -0.19699442386627197,
        -0.19752013683319092,
        -0.21759986877441406,
        -0.22894692420959473,
        -0.20283734798431396,
        -0.22696733474731445,
        -0.22813796997070312,
        -0.18988680839538574,
        -0.19027245044708252,
        -0.17511963844299316,
        -0.19975495338439941,
        -0.20708215236663818,
        -0.1539783477783203,
        -0.16073036193847656,
        -0.1518915891647339
    ],
    "train_loss_history": [
        3.6624422470728555,
        2.3683117727438607,
        2.0408395156264305,
        2.0535932133595147,
        2.2728678112228713,
        1.815783719221751,
        1.8751293917496998,
        1.7967309753100078,
        1.297946274280548,
        1.7698920667171478,
        2.0823401159917316,
        1.5929698248704274,
        1.7830615093310673,
        1.9749414920806885,
        1.52544055134058,
        1.6564191083113353,
        1.4206949168195326,
        1.546891490618388,
        1.8413821856180828,
        1.3994661370913188,
        1.1926066428422928,
        1.4746084958314896,
        1.623414973417918,
        1.2366044769684474,
        1.7419791519641876,
        1.7046431805938482,
        1.3693833326299985,
        1.4397638998925686,
        1.351055125395457,
        1.794602284828822,
        1.7997814913590748,
        1.6700094044208527,
        1.3767424722512562,
        1.418802035972476,
        1.5378548502922058,
        1.4707221786181133,
        1.2615535110235214,
        1.8254634737968445,
        1.8991050788511832,
        1.0217091913024585,
        1.2994941845536232,
        1.5522991915543873,
        1.372995525598526,
        1.3991521957019966,
        1.279171459376812,
        1.3146948522577684,
        1.971328688164552,
        1.4046645636359851,
        1.448758194843928,
        1.4095383745928605,
        1.5579834133386612
    ],
    "test_loss_history": [
        9.823439598083496,
        9.340110778808594,
        8.80178165435791,
        7.632998466491699,
        6.754655361175537,
        6.443429946899414,
        6.4426445960998535,
        5.790051460266113,
        5.280438423156738,
        5.517450332641602,
        5.631094455718994,
        5.205862045288086,
        4.795555114746094,
        4.9869794845581055,
        5.379720687866211,
        5.2333083152771,
        4.932383060455322,
        4.9692702293396,
        5.449631690979004,
        5.425889015197754,
        5.406667709350586,
        5.110841751098633,
        5.186341285705566,
        5.11366605758667,
        4.904202461242676,
        4.843303203582764,
        4.8080878257751465,
        4.7744903564453125,
        4.639791488647461,
        4.572310447692871,
        4.508903503417969,
        4.501855373382568,
        4.6115641593933105,
        4.568622589111328,
        4.502345561981201,
        4.677178859710693,
        4.712854862213135,
        4.714925289154053,
        4.793984413146973,
        4.838659286499023,
        4.735860347747803,
        4.830865383148193,
        4.835474491119385,
        4.684870719909668,
        4.686388969421387,
        4.6267290115356445,
        4.723723888397217,
        4.752573490142822,
        4.543490409851074,
        4.570075035095215,
        4.535274505615234
    ]
}