{
    "num_conv_blocks": 4,
    "initial_channels": 32,
    "dropout_rate": 0.33,
    "learning_rate": 0.0001,
    "best_test_r2": 0.43617719411849976,
    "best_test_loss": 20.908660888671875,
    "final_train_r2": 0.3479200601577759,
    "train_r2_history": [
        -2.7101712226867676,
        -2.281203031539917,
        -1.8285202980041504,
        -1.1481380462646484,
        -0.4104011058807373,
        -0.3480886220932007,
        0.09541839361190796,
        0.13548988103866577,
        0.1662653088569641,
        0.3501601219177246,
        0.34600043296813965,
        0.08965283632278442,
        -0.09345400333404541,
        0.10394161939620972,
        0.2568524479866028,
        0.1762315034866333,
        0.34202975034713745,
        0.2828778028488159,
        0.2624134421348572,
        0.35006213188171387,
        -0.05053997039794922,
        0.18664920330047607,
        0.2942544221878052,
        0.15062308311462402,
        0.19094723463058472,
        0.2744790315628052,
        0.08654630184173584,
        0.3255741000175476,
        0.28315216302871704,
        0.1286919116973877,
        0.4434419870376587,
        0.36132001876831055,
        0.4243737459182739,
        0.2750577926635742,
        0.3247864842414856,
        0.4012531638145447,
        0.18369293212890625,
        0.2773439288139343,
        0.4244299530982971,
        0.47710466384887695,
        0.2706509232521057,
        0.17821484804153442,
        0.3386903405189514,
        0.4914727807044983,
        0.30065906047821045,
        0.43128758668899536,
        0.2007582187652588,
        0.46722519397735596,
        0.37371253967285156,
        0.27294284105300903,
        0.2740060091018677,
        0.3810136914253235,
        0.3822205066680908,
        0.354849636554718,
        0.40439510345458984,
        0.16437774896621704,
        0.3221760392189026,
        0.11145365238189697,
        0.37294232845306396,
        0.15431159734725952,
        0.3881852626800537,
        0.374300479888916,
        0.34662771224975586,
        0.45318979024887085,
        0.5071299076080322,
        0.35530728101730347,
        0.3479200601577759
    ],
    "test_r2_history": [
        -4.697633743286133,
        -4.542754650115967,
        -4.327478885650635,
        -4.065995693206787,
        -3.8551487922668457,
        -3.449275493621826,
        -2.601325750350952,
        -1.4560444355010986,
        -0.7881972789764404,
        -0.11145663261413574,
        0.10772961378097534,
        0.12435072660446167,
        0.03661012649536133,
        -0.03361475467681885,
        0.0360792875289917,
        0.21737819910049438,
        0.30028969049453735,
        0.294717013835907,
        0.3465081453323364,
        0.13629645109176636,
        0.09198504686355591,
        0.012413561344146729,
        0.10873180627822876,
        0.14304035902023315,
        0.12289953231811523,
        0.10327738523483276,
        0.19487696886062622,
        0.23321503400802612,
        0.327090859413147,
        0.3727545738220215,
        0.4172993302345276,
        0.3654978275299072,
        0.2414088249206543,
        0.17735666036605835,
        0.1028868556022644,
        0.12530285120010376,
        0.24402344226837158,
        0.26485979557037354,
        0.30568307638168335,
        0.3363882303237915,
        0.3618561625480652,
        0.36813461780548096,
        0.39567577838897705,
        0.3913387656211853,
        0.39445942640304565,
        0.41591840982437134,
        0.43606996536254883,
        0.43617719411849976,
        0.4282817244529724,
        0.4235473871231079,
        0.3955724239349365,
        0.40449243783950806,
        0.38246846199035645,
        0.3691892623901367,
        0.3961690068244934,
        0.36447304487228394,
        0.32193654775619507,
        0.3508602976799011,
        0.3664558529853821,
        0.3701432943344116,
        0.3901333212852478,
        0.346233606338501,
        0.3786610960960388,
        0.3371286988258362,
        0.34211188554763794,
        0.3435835838317871,
        0.3708091378211975
    ],
    "train_loss_history": [
        294.98902893066406,
        260.40159861246747,
        220.58350245157877,
        164.496363957723,
        107.46206442515056,
        100.01728506882985,
        68.98728720347087,
        68.99970610936482,
        68.32223161061604,
        53.020301818847656,
        51.616472244262695,
        69.02673451105754,
        85.78088156382243,
        69.97282727559407,
        58.691920598347984,
        65.42763710021973,
        54.777480920155845,
        53.92510541280111,
        57.73351319630941,
        49.44081942240397,
        84.10583718617757,
        66.58209832509358,
        54.46343390146891,
        65.17935434977214,
        62.009724934895836,
        57.27480745315552,
        75.36730575561523,
        54.6702888806661,
        56.61833715438843,
        67.16131623586018,
        45.53609561920166,
        50.504099210103355,
        46.10054238637289,
        60.150602181752525,
        51.14680576324463,
        46.08924229939779,
        63.75172201792399,
        71.7109489440918,
        43.86706797281901,
        40.636691411336265,
        55.713192303975426,
        61.035475393136345,
        49.886998414993286,
        42.53409147262573,
        52.34442710876465,
        44.24305550257365,
        61.203378677368164,
        42.27429389953613,
        48.72795550028483,
        57.01996580759684,
        55.070923487345375,
        53.25152047475179,
        49.543020248413086,
        49.3082488377889,
        46.11364730199178,
        65.55535157521565,
        54.79447650909424,
        70.21168740590413,
        48.46445941925049,
        66.66441822052002,
        48.62641461690267,
        53.933505058288574,
        55.221009254455566,
        47.873818715413414,
        41.052432696024574,
        50.39695326487223,
        52.620921770731606
    ],
    "test_loss_history": [
        211.2895965576172,
        205.54608154296875,
        197.56285095214844,
        187.86607360839844,
        180.04708862304688,
        164.9957733154297,
        133.55064392089844,
        91.07931518554688,
        66.31304931640625,
        41.21696853637695,
        33.088722229003906,
        32.47235107421875,
        35.72610092163086,
        38.33030319213867,
        35.745784759521484,
        29.022544860839844,
        25.947877883911133,
        26.154529571533203,
        24.233922958374023,
        32.029361724853516,
        33.67258834838867,
        36.62339782714844,
        33.05155944824219,
        31.779272079467773,
        32.52616882324219,
        33.25382995605469,
        29.856975555419922,
        28.435256958007812,
        24.95398712158203,
        23.260608673095703,
        21.608722686767578,
        23.52971649169922,
        28.13140106201172,
        30.50669288635254,
        33.268310546875,
        32.43704605102539,
        28.034439086914062,
        27.261751174926758,
        25.74786949157715,
        24.60920524597168,
        23.664762496948242,
        23.431934356689453,
        22.41060447692871,
        22.57143783569336,
        22.45570945739746,
        21.659931182861328,
        20.912635803222656,
        20.908660888671875,
        21.201454162597656,
        21.37701988220215,
        22.41443634033203,
        22.083650588989258,
        22.900379180908203,
        23.392824172973633,
        22.39231300354004,
        23.567720413208008,
        25.145130157470703,
        24.072528839111328,
        23.494184494018555,
        23.35744285583496,
        22.616138458251953,
        24.244102478027344,
        23.041574478149414,
        24.58174705505371,
        24.396955490112305,
        24.342374801635742,
        23.332752227783203
    ]
}