{
    "num_conv_blocks": 2,
    "initial_channels": 16,
    "dropout_rate": 0.33,
    "learning_rate": 0.0001,
    "best_test_r2": -0.43508481979370117,
    "best_test_loss": 5.089365482330322,
    "final_train_r2": -13.8549165725708,
    "train_r2_history": [
        -220.53160095214844,
        -200.6655731201172,
        -172.77877807617188,
        -139.09317016601562,
        -112.58546447753906,
        -75.653564453125,
        -49.56880187988281,
        -37.38654708862305,
        -23.54384994506836,
        -10.874897956848145,
        -20.586002349853516,
        -13.047357559204102,
        -16.382001876831055,
        -24.167051315307617,
        -10.628955841064453,
        -16.316600799560547,
        -12.097269058227539,
        -15.115957260131836,
        -10.657082557678223,
        -17.467565536499023,
        -12.930851936340332,
        -17.128610610961914,
        -16.346561431884766,
        -12.299630165100098,
        -17.962018966674805,
        -13.403007507324219,
        -13.683778762817383,
        -10.141451835632324,
        -12.40115737915039,
        -11.938209533691406,
        -10.480592727661133,
        -12.704534530639648,
        -12.71677017211914,
        -8.599282264709473,
        -17.722360610961914,
        -13.995076179504395,
        -11.625654220581055,
        -11.460088729858398,
        -13.204492568969727,
        -10.514456748962402,
        -16.652019500732422,
        -14.431539535522461,
        -19.54541015625,
        -11.573946952819824,
        -12.444974899291992,
        -13.815061569213867,
        -11.113800048828125,
        -8.029621124267578,
        -10.158109664916992,
        -12.399585723876953,
        -12.859577178955078,
        -17.687898635864258,
        -13.8549165725708
    ],
    "test_r2_history": [
        -241.55068969726562,
        -235.5370635986328,
        -222.98265075683594,
        -208.25718688964844,
        -187.8762664794922,
        -168.73814392089844,
        -139.10147094726562,
        -105.18733978271484,
        -74.9200668334961,
        -47.66532516479492,
        -33.82880783081055,
        -29.732460021972656,
        -25.760496139526367,
        -26.337879180908203,
        -20.239662170410156,
        -15.293937683105469,
        -9.49470043182373,
        -5.38816499710083,
        -6.020234107971191,
        -7.4221343994140625,
        -6.096571922302246,
        -4.652804851531982,
        -9.188480377197266,
        -10.573472023010254,
        -9.466188430786133,
        -4.920849323272705,
        -4.447084903717041,
        -5.399149417877197,
        -4.603853702545166,
        -4.176569938659668,
        -5.401279926300049,
        -4.409834861755371,
        -1.967764139175415,
        -0.43508481979370117,
        -0.7142518758773804,
        -2.7264528274536133,
        -3.933417797088623,
        -4.9827189445495605,
        -5.409197807312012,
        -3.1429176330566406,
        -3.6834874153137207,
        -3.310476303100586,
        -3.660907745361328,
        -2.6315395832061768,
        -2.261699676513672,
        -2.3752763271331787,
        -2.0499107837677,
        -1.7432329654693604,
        -1.6484510898590088,
        -1.7045905590057373,
        -1.955733299255371,
        -1.867044448852539,
        -2.318307876586914
    ],
    "train_loss_history": [
        861.9867858886719,
        779.3296712239584,
        659.9983622233073,
        528.6060485839844,
        438.1283671061198,
        295.05963643391925,
        189.17013041178384,
        137.46424865722656,
        88.55143356323242,
        40.856963435808815,
        80.63899930318196,
        48.803526957829796,
        82.37013880411784,
        87.13884131113689,
        43.55580377578735,
        62.685739517211914,
        49.673182805379234,
        66.37221463521321,
        48.798075358072914,
        63.40978757540385,
        56.41900952657064,
        112.61771965026855,
        61.04856522878011,
        46.822024981180824,
        72.72423044840495,
        79.84166272481282,
        52.466660817464195,
        41.249544302622475,
        49.02694829305013,
        52.186767578125,
        44.99258009592692,
        52.70167922973633,
        47.795460065205894,
        38.296362241109215,
        89.26091639200847,
        69.65908304850261,
        55.888048807779946,
        47.02598857879639,
        55.1250638961792,
        41.114118893941246,
        69.01710065205891,
        54.39613119761149,
        77.31336339314778,
        56.30092112223307,
        51.134512742360435,
        54.19965330759684,
        54.50280316670736,
        33.74673620859782,
        43.22770118713379,
        50.143378257751465,
        57.21027628580729,
        71.65815734863281,
        58.37205123901367
    ],
    "test_loss_history": [
        860.1785888671875,
        838.8518676757812,
        794.3291625976562,
        742.1068725585938,
        669.8283081054688,
        601.9571533203125,
        496.8540344238281,
        376.58135986328125,
        269.2419128417969,
        172.58607482910156,
        123.51641845703125,
        108.98918914794922,
        94.90308380126953,
        96.95069122314453,
        75.32405853271484,
        57.78459930419922,
        37.2182731628418,
        22.654903411865234,
        24.896467208862305,
        29.86814308166504,
        25.167192459106445,
        20.047033309936523,
        36.13229751586914,
        41.04400634765625,
        37.117156982421875,
        20.997623443603516,
        19.31747055053711,
        22.69386100769043,
        19.873432159423828,
        18.358121871948242,
        22.701412200927734,
        19.18536949157715,
        10.524840354919434,
        5.089365482330322,
        6.079400539398193,
        13.21544361114502,
        17.495807647705078,
        21.2170352935791,
        22.729496002197266,
        14.692387580871582,
        16.60945701599121,
        15.286615371704102,
        16.529380798339844,
        12.878844261169434,
        11.567249298095703,
        11.970036506652832,
        10.81616497039795,
        9.728565216064453,
        9.392433166503906,
        9.591525077819824,
        10.482175827026367,
        10.167648315429688,
        11.7680025100708
    ]
}