{
    "num_conv_blocks": 2,
    "initial_channels": 64,
    "dropout_rate": 0.33,
    "learning_rate": 0.0001,
    "best_test_r2": 0.05966842174530029,
    "best_test_loss": 3.7023115158081055,
    "final_train_r2": 0.17793959379196167,
    "train_r2_history": [
        -1.608041524887085,
        -0.9816718101501465,
        -0.601447582244873,
        -0.4490065574645996,
        -0.003857254981994629,
        -0.49467766284942627,
        -0.280200719833374,
        -0.3516695499420166,
        -0.4082859754562378,
        -0.007685303688049316,
        0.032640695571899414,
        -0.621406078338623,
        -0.30879390239715576,
        -0.15360355377197266,
        0.07474261522293091,
        -0.1703956127166748,
        0.14049631357192993,
        -0.0919564962387085,
        -0.1876899003982544,
        -0.14254510402679443,
        -0.01787114143371582,
        0.21877539157867432,
        -0.09787499904632568,
        0.16406965255737305,
        0.21208882331848145,
        0.10562634468078613,
        -0.024680018424987793,
        0.12603038549423218,
        0.10203391313552856,
        0.4135414958000183,
        0.15323364734649658,
        -0.10688579082489014,
        -0.17893242835998535,
        0.17793959379196167
    ],
    "test_r2_history": [
        -1.1891894340515137,
        -1.0449881553649902,
        -0.8590725660324097,
        -0.6473069190979004,
        -0.3510558605194092,
        -0.24994075298309326,
        -0.24033546447753906,
        -0.18504202365875244,
        -0.17706584930419922,
        -0.3015859127044678,
        -0.41213691234588623,
        -0.3969663381576538,
        -0.20540952682495117,
        0.014590024948120117,
        0.05966842174530029,
        -0.10591769218444824,
        -0.2873424291610718,
        -0.27276551723480225,
        -0.2046833038330078,
        -0.17992568016052246,
        -0.18428707122802734,
        -0.12915098667144775,
        -0.08019387722015381,
        -0.02719402313232422,
        -0.013316631317138672,
        -0.07850766181945801,
        -0.04016721248626709,
        -0.029375672340393066,
        -0.020226716995239258,
        -0.009388089179992676,
        0.0353313684463501,
        0.014072000980377197,
        -0.06370306015014648,
        -0.1132655143737793
    ],
    "train_loss_history": [
        4.669233749310176,
        2.8873752703269324,
        2.3728090673685074,
        2.111890489856402,
        1.5109505007664363,
        2.262565682331721,
        2.197424923380216,
        1.9408070693413417,
        2.1676218609015145,
        1.507414976755778,
        1.4571289718151093,
        2.4530499378840127,
        1.8912085369229317,
        1.6777214631438255,
        1.4227477610111237,
        1.754193792740504,
        1.4133315583070118,
        1.6629384805758793,
        1.8323066433270772,
        1.705700953801473,
        1.6149715582529705,
        1.1588946431875229,
        1.585073256244262,
        1.2202816580732663,
        1.3360869189103444,
        1.2922197990119457,
        1.48991526166598,
        1.3368147959311802,
        1.393244981765747,
        0.8478912928452095,
        1.2333827515443165,
        1.7663780649503071,
        1.695892550672094,
        1.1811854500944416
    ],
    "test_loss_history": [
        8.619365692138672,
        8.051609992980957,
        7.319615840911865,
        6.485844612121582,
        5.319431304931641,
        4.921317100524902,
        4.8834991455078125,
        4.665796279907227,
        4.6343913078308105,
        5.124655723571777,
        5.5599236488342285,
        5.500192165374756,
        4.745987892150879,
        3.879796266555786,
        3.7023115158081055,
        4.354264259338379,
        5.068577766418457,
        5.011184215545654,
        4.743128299713135,
        4.645651817321777,
        4.662823677062988,
        4.445739269256592,
        4.252983093261719,
        4.044310092926025,
        3.9896717071533203,
        4.246344089508057,
        4.095389366149902,
        4.052899360656738,
        4.016878128051758,
        3.9742038249969482,
        3.79813289642334,
        3.8818352222442627,
        4.188055038452148,
        4.383194923400879
    ]
}