{
    "num_conv_blocks": 2,
    "initial_channels": 64,
    "dropout_rate": 0.33,
    "learning_rate": 0.001,
    "best_test_r2": 0.28940045833587646,
    "best_test_loss": 2.5200605392456055,
    "final_train_r2": -7.666121482849121,
    "train_r2_history": [
        -99.98969268798828,
        -27.50945281982422,
        -29.10751724243164,
        -22.302812576293945,
        -26.365575790405273,
        -19.924116134643555,
        -19.486289978027344,
        -17.661880493164062,
        -15.918075561523438,
        -16.621185302734375,
        -22.23919105529785,
        -22.59973907470703,
        -18.972225189208984,
        -20.42634391784668,
        -13.822660446166992,
        -16.705739974975586,
        -13.317170143127441,
        -9.162177085876465,
        -15.772449493408203,
        -22.96739387512207,
        -16.42394256591797,
        -13.025358200073242,
        -9.554864883422852,
        -12.424298286437988,
        -13.200029373168945,
        -11.501771926879883,
        -12.561132431030273,
        -18.965829849243164,
        -8.544295310974121,
        -10.431507110595703,
        -19.157405853271484,
        -10.260433197021484,
        -7.7054643630981445,
        -10.925239562988281,
        -16.168350219726562,
        -18.05684471130371,
        -13.53626537322998,
        -11.815277099609375,
        -12.390905380249023,
        -8.537410736083984,
        -6.836132049560547,
        -8.372174263000488,
        -13.55943489074707,
        -12.243791580200195,
        -8.284442901611328,
        -7.620325088500977,
        -13.350638389587402,
        -10.369857788085938,
        -9.616096496582031,
        -11.256034851074219,
        -13.80758285522461,
        -10.942012786865234,
        -9.838366508483887,
        -9.520135879516602,
        -9.352777481079102,
        -9.868937492370605,
        -10.348072052001953,
        -8.453446388244629,
        -8.465103149414062,
        -8.249495506286621,
        -7.666121482849121
    ],
    "test_r2_history": [
        -173.48526000976562,
        -111.5105209350586,
        -27.3419132232666,
        -14.273353576660156,
        -14.827415466308594,
        -7.36906623840332,
        -12.59168815612793,
        -3.7498865127563477,
        -13.182541847229004,
        -9.159859657287598,
        -13.90993595123291,
        -6.20638370513916,
        -3.7878847122192383,
        -0.6661853790283203,
        -17.737064361572266,
        -2.940152645111084,
        -3.437779426574707,
        -5.126942157745361,
        -1.2125520706176758,
        -9.494780540466309,
        -1.3631844520568848,
        -0.3592648506164551,
        -4.330671787261963,
        -3.930309295654297,
        -1.512784719467163,
        -2.082641839981079,
        -11.148451805114746,
        -1.090843677520752,
        -1.6160919666290283,
        -3.6256446838378906,
        -0.42185866832733154,
        0.02652031183242798,
        -0.6198945045471191,
        -0.9682567119598389,
        -0.1962212324142456,
        -0.8335962295532227,
        -1.894592046737671,
        -0.6610136032104492,
        0.002344846725463867,
        0.23096907138824463,
        0.20955169200897217,
        0.28940045833587646,
        0.07339662313461304,
        -0.11046957969665527,
        -0.31281423568725586,
        -0.4195593595504761,
        -0.6180121898651123,
        -0.12215280532836914,
        -0.34897518157958984,
        -0.8666186332702637,
        -0.6194784641265869,
        -0.6384352445602417,
        -0.38297903537750244,
        -0.34823596477508545,
        -0.2082538604736328,
        0.07016682624816895,
        -0.19508826732635498,
        -0.27599215507507324,
        -0.10794973373413086,
        0.1500614881515503,
        0.017475605010986328
    ],
    "train_loss_history": [
        387.029972076416,
        128.7249959309896,
        108.94644228617351,
        82.21408335367839,
        95.98675791422527,
        89.76501719156902,
        70.83496300379436,
        79.7355686823527,
        67.66221300760905,
        62.46696408589681,
        82.83198165893555,
        89.34179623921712,
        83.04128519694011,
        101.97618166605632,
        51.697606563568115,
        80.59392102559407,
        59.666745821634926,
        41.87977822621664,
        83.18929354349773,
        84.76888974507649,
        86.48060671488444,
        50.82867113749186,
        38.28360525767008,
        47.13040145238241,
        52.08319218953451,
        74.50577227274577,
        58.55523999532064,
        84.4817492167155,
        40.32808748881022,
        40.613611380259194,
        68.5908274948597,
        49.195224126180015,
        38.49630037943522,
        44.9662078221639,
        65.39931805928548,
        74.74122619628906,
        54.80395189921061,
        54.12857468922933,
        52.11963685353597,
        37.80432923634847,
        28.706456661224365,
        32.36280616124471,
        51.12314828236898,
        54.414910634358726,
        35.7661239306132,
        31.480950991312664,
        54.66102600097656,
        38.944187800089516,
        52.57183361053467,
        49.98092746734619,
        56.3057435353597,
        42.66064087549845,
        43.92053953806559,
        40.11658573150635,
        40.62809610366821,
        61.68160057067871,
        41.33183892567953,
        36.41307576497396,
        34.693505922953285,
        34.34545930226644,
        33.679025967915855
    ],
    "test_loss_history": [
        618.792236328125,
        399.0058288574219,
        100.51140594482422,
        54.165225982666016,
        56.1301383972168,
        29.679950714111328,
        48.20138168334961,
        16.844932556152344,
        50.29677963256836,
        36.03079605102539,
        52.87639617919922,
        25.55662727355957,
        16.97968864440918,
        5.908937931060791,
        66.4488754272461,
        13.973305702209473,
        15.738080978393555,
        21.72850799560547,
        7.846564292907715,
        37.21854782104492,
        8.380764961242676,
        4.820478916168213,
        18.904624938964844,
        17.484783172607422,
        8.911306381225586,
        10.93224048614502,
        43.08311080932617,
        7.414939880371094,
        9.277673721313477,
        16.404327392578125,
        5.042460918426514,
        3.452335834503174,
        5.744772911071777,
        6.980199813842773,
        4.242262840270996,
        6.502641677856445,
        10.265342712402344,
        5.890596389770508,
        3.5380711555480957,
        2.727280855178833,
        2.8032352924346924,
        2.5200605392456055,
        3.2860939502716064,
        3.938155174255371,
        4.655747890472412,
        5.03430700302124,
        5.738097190856934,
        3.979588270187378,
        4.783987998962402,
        6.619751930236816,
        5.7432966232299805,
        5.810525417327881,
        4.90457820892334,
        4.781366348266602,
        4.284934997558594,
        3.2975480556488037,
        4.238245487213135,
        4.5251617431640625,
        3.92921781539917,
        3.0142104625701904,
        3.4844117164611816
    ]
}