{
    "num_conv_blocks": 2,
    "initial_channels": 64,
    "dropout_rate": 0.33,
    "learning_rate": 0.0001,
    "best_test_r2": 0.8563730716705322,
    "best_test_loss": 6.235097408294678,
    "final_train_r2": 0.3706454634666443,
    "train_r2_history": [
        -0.2779359817504883,
        -0.11244726181030273,
        0.025003254413604736,
        0.015349268913269043,
        0.17492085695266724,
        0.04384052753448486,
        0.23350071907043457,
        0.054001808166503906,
        0.2722700238227844,
        0.2269112467765808,
        0.2500384449958801,
        0.36965644359588623,
        0.2579752206802368,
        0.1798369288444519,
        0.1568012237548828,
        0.37470924854278564,
        0.17973321676254272,
        0.3625950813293457,
        0.42628753185272217,
        0.3578071594238281,
        0.3244609236717224,
        0.4835206866264343,
        0.46563756465911865,
        0.37247395515441895,
        0.2879161834716797,
        0.20246165990829468,
        0.69554603099823,
        0.6292494535446167,
        0.34647107124328613,
        0.5437091588973999,
        0.5823954343795776,
        0.4772343635559082,
        0.4709950089454651,
        0.6044038534164429,
        0.4684014916419983,
        0.5122697949409485,
        0.5261446833610535,
        0.6609029173851013,
        0.4970649480819702,
        0.5674424171447754,
        0.541529655456543,
        0.6932497620582581,
        0.6271075010299683,
        0.5840504169464111,
        0.7271379232406616,
        0.7266703844070435,
        0.6084431409835815,
        0.6470482349395752,
        0.6381546258926392,
        0.7342113256454468,
        0.5974474549293518,
        0.3706454634666443
    ],
    "test_r2_history": [
        -0.3392612934112549,
        -0.272418737411499,
        -0.19279444217681885,
        -0.12704086303710938,
        -0.058948636054992676,
        0.03878659009933472,
        0.1518041491508484,
        0.2794206738471985,
        0.37602829933166504,
        0.4231707453727722,
        0.46459025144577026,
        0.5170447826385498,
        0.44346266984939575,
        0.4364704489707947,
        0.5428184866905212,
        0.5195205211639404,
        0.5644571185112,
        0.5617989301681519,
        0.5796377062797546,
        0.5361350774765015,
        0.4136059284210205,
        0.6615004539489746,
        0.7465497851371765,
        0.3211010694503784,
        0.5341261029243469,
        0.4502115845680237,
        0.5112947225570679,
        0.6203554272651672,
        0.5492345094680786,
        0.6182786226272583,
        0.7189726829528809,
        0.8084233999252319,
        0.8563730716705322,
        0.8127261996269226,
        0.8298447132110596,
        0.8434462547302246,
        0.819964587688446,
        0.7847511768341064,
        0.8097294569015503,
        0.813084602355957,
        0.8060920834541321,
        0.8136458992958069,
        0.8381425142288208,
        0.8341631889343262,
        0.8258885741233826,
        0.8229625225067139,
        0.7713273763656616,
        0.7317602634429932,
        0.7512353658676147,
        0.7764294147491455,
        0.8078814744949341,
        0.798857569694519
    ],
    "train_loss_history": [
        75.51484942436218,
        67.59853092829387,
        64.88708829879761,
        63.13046248753866,
        51.229970614115395,
        54.14967425664266,
        41.655731519063316,
        52.172984759012856,
        39.62754408518473,
        39.443676153818764,
        39.48026371002197,
        29.203431765238445,
        40.72191381454468,
        40.0060609181722,
        46.03728707631429,
        30.77473783493042,
        39.82532183329264,
        34.78203006585439,
        26.716448704401653,
        31.833553075790405,
        28.965734879175823,
        21.480530579884846,
        21.58292148510615,
        31.658883571624756,
        32.02045408884684,
        29.16650390625,
        19.279655297597248,
        13.89329218864441,
        22.423459192117054,
        18.429437796274822,
        21.094363927841187,
        17.97805593411128,
        18.852218468983967,
        15.48092778523763,
        24.47637430826823,
        16.88290210564931,
        18.227906465530396,
        15.230135043462118,
        21.69237470626831,
        16.620197733243305,
        19.858035405476887,
        10.631339013576508,
        12.884590744972229,
        14.290972699721655,
        9.423169453938803,
        9.625706195831299,
        14.840083281199137,
        17.008127689361572,
        12.496647973855337,
        14.29217517375946,
        22.650941967964172,
        26.05492623647054
    ],
    "test_loss_history": [
        58.13966751098633,
        55.237918853759766,
        51.781288146972656,
        48.92681121826172,
        45.97080993652344,
        41.727943420410156,
        36.8216552734375,
        31.281606674194336,
        27.08769989013672,
        25.04116439819336,
        23.24306869506836,
        20.965925216674805,
        24.160259246826172,
        24.463802337646484,
        19.8470458984375,
        20.85845375061035,
        18.907678604125977,
        19.0230712890625,
        18.2486629486084,
        20.13718605041504,
        25.45638656616211,
        14.694857597351074,
        11.002717971801758,
        29.47218894958496,
        20.224395751953125,
        23.86727523803711,
        21.215545654296875,
        16.481033325195312,
        19.568517684936523,
        16.571191787719727,
        12.199885368347168,
        8.316675186157227,
        6.235097408294678,
        8.129884719848633,
        7.386737823486328,
        6.7962727546691895,
        7.8156514167785645,
        9.34432601928711,
        8.25997543334961,
        8.114322662353516,
        8.417880058288574,
        8.089957237243652,
        7.026516914367676,
        7.199263572692871,
        7.558481693267822,
        7.685506343841553,
        9.92707633972168,
        11.644754409790039,
        10.799306869506836,
        9.705591201782227,
        8.340200424194336,
        8.73194408416748
    ]
}