{
    "num_conv_blocks": 4,
    "initial_channels": 64,
    "dropout_rate": 0.33,
    "learning_rate": 0.001,
    "best_test_r2": 0.5581573247909546,
    "best_test_loss": 19.18115997314453,
    "final_train_r2": 0.5824255347251892,
    "train_r2_history": [
        -0.28997957706451416,
        0.011409580707550049,
        -0.10686838626861572,
        0.026673972606658936,
        -0.03186535835266113,
        -0.1828402280807495,
        -0.1576322317123413,
        -0.004838466644287109,
        -0.13193213939666748,
        0.12153244018554688,
        0.06857812404632568,
        0.1277572512626648,
        0.3395739197731018,
        0.10051065683364868,
        0.16240370273590088,
        0.1461406946182251,
        0.25043153762817383,
        0.24094897508621216,
        0.06902968883514404,
        0.26573044061660767,
        0.36731940507888794,
        0.2512086033821106,
        0.4745640754699707,
        0.35013484954833984,
        0.32627326250076294,
        0.4513043165206909,
        0.26172488927841187,
        0.44109809398651123,
        0.2441195249557495,
        0.4183778762817383,
        0.3011398911476135,
        0.46181631088256836,
        0.32089293003082275,
        0.5061788558959961,
        0.4065852761268616,
        0.5110069513320923,
        0.5612401962280273,
        0.16769134998321533,
        0.4091617465019226,
        0.4265248775482178,
        0.39183878898620605,
        0.47235798835754395,
        0.3802976608276367,
        0.46879690885543823,
        0.5824255347251892
    ],
    "test_r2_history": [
        -0.21693158149719238,
        0.03978532552719116,
        0.12428402900695801,
        -0.0485306978225708,
        -0.18797969818115234,
        0.26637542247772217,
        -0.0022780895233154297,
        0.133472740650177,
        -0.3212493658065796,
        -0.8788827657699585,
        -0.46565568447113037,
        0.19141918420791626,
        0.33739256858825684,
        0.35132312774658203,
        0.3792092800140381,
        0.43014973402023315,
        0.40463805198669434,
        0.4151510000228882,
        0.2756783962249756,
        0.28882157802581787,
        0.43000006675720215,
        0.44725680351257324,
        0.20782065391540527,
        0.3180084228515625,
        0.5443720817565918,
        0.5581573247909546,
        0.4658404588699341,
        0.44543975591659546,
        0.4616768956184387,
        0.4926428198814392,
        0.4635899066925049,
        0.34231632947921753,
        0.4577983021736145,
        0.4898361563682556,
        0.5578845739364624,
        0.5563986301422119,
        0.47766560316085815,
        0.44731515645980835,
        0.4226307272911072,
        0.42184334993362427,
        0.43504422903060913,
        0.45153534412384033,
        0.43465763330459595,
        0.38185131549835205,
        0.3790682554244995
    ],
    "train_loss_history": [
        76.2262480656306,
        52.82603152592977,
        55.38932577768961,
        47.63683040936788,
        46.32223208745321,
        51.985439936319985,
        52.81265687942505,
        38.70473988850912,
        49.183026472727455,
        51.68319129943848,
        35.44974581400553,
        36.57146946589152,
        25.75107542673747,
        32.36953608194987,
        37.19340387980143,
        29.91736356417338,
        30.233590761820476,
        29.747099717458088,
        39.9339919090271,
        26.599851926167805,
        22.159153779347736,
        25.647614359855652,
        18.0695157845815,
        33.02728319168091,
        37.629698753356934,
        20.464083115259807,
        26.980402946472168,
        19.90306035677592,
        36.73985528945923,
        20.756869316101074,
        24.78734477361043,
        37.361363768577576,
        24.100717067718506,
        17.92196559906006,
        22.509631156921387,
        18.354369640350342,
        15.574199755986532,
        29.671857198079426,
        20.180498744050663,
        20.5194939772288,
        21.65958793958028,
        26.02541383107503,
        21.900848547617596,
        22.80792474746704,
        23.695437222719193
    ],
    "test_loss_history": [
        52.82912063598633,
        41.68458938598633,
        38.016353607177734,
        45.51854705810547,
        51.57227325439453,
        31.847923278808594,
        43.51063919067383,
        37.61745834350586,
        57.357749938964844,
        81.56558990478516,
        63.626678466796875,
        35.10190200805664,
        28.76494598388672,
        28.16019630432129,
        26.949607849121094,
        24.738195419311523,
        25.845701217651367,
        25.389314651489258,
        31.444067001342773,
        30.873497009277344,
        24.744691848754883,
        23.995546340942383,
        34.389888763427734,
        29.6064453125,
        19.77960205078125,
        19.18115997314453,
        23.188800811767578,
        24.074424743652344,
        23.369543075561523,
        22.02526092529297,
        23.286497116088867,
        28.551197052001953,
        23.537921905517578,
        22.1471004486084,
        19.1929988861084,
        19.25750732421875,
        22.675447463989258,
        23.993013381958008,
        25.064607620239258,
        25.098791122436523,
        24.52571678161621,
        23.8098087310791,
        24.542503356933594,
        26.834917068481445,
        26.95572853088379
    ]
}