{
    "num_conv_blocks": 3,
    "initial_channels": 32,
    "dropout_rate": 0.33,
    "learning_rate": 0.0001,
    "best_test_r2": 0.7176303267478943,
    "best_test_loss": 12.258159637451172,
    "final_train_r2": 0.4712180495262146,
    "train_r2_history": [
        -0.2674593925476074,
        -0.18444490432739258,
        -0.07248818874359131,
        -0.026007413864135742,
        0.006602346897125244,
        -0.04017233848571777,
        0.06928861141204834,
        0.0581398606300354,
        0.12836772203445435,
        0.09686458110809326,
        0.19247394800186157,
        -0.004477858543395996,
        0.016282379627227783,
        0.11649578809738159,
        0.1988600492477417,
        0.1127394437789917,
        0.2507239580154419,
        0.17322558164596558,
        0.29882341623306274,
        0.15089458227157593,
        0.24215412139892578,
        0.27134883403778076,
        0.07177412509918213,
        0.0928235650062561,
        0.25962382555007935,
        0.2516977787017822,
        0.039610207080841064,
        0.23622971773147583,
        0.37598931789398193,
        0.2768925428390503,
        0.15851277112960815,
        0.4078289866447449,
        0.3308470845222473,
        0.3667182922363281,
        0.33266741037368774,
        0.449840784072876,
        0.321367084980011,
        0.23632067441940308,
        0.2039356231689453,
        0.42233550548553467,
        0.3386082649230957,
        0.4001864790916443,
        0.37163424491882324,
        0.46415865421295166,
        0.5350290536880493,
        0.574979305267334,
        0.3754321336746216,
        0.3407857418060303,
        0.44983798265457153,
        0.34752601385116577,
        0.3210229277610779,
        0.6256065964698792,
        0.5256679058074951,
        0.3977776765823364,
        0.45018094778060913,
        0.32518911361694336,
        0.41303062438964844,
        0.5912233591079712,
        0.19102388620376587,
        0.3317756652832031,
        0.6108137369155884,
        0.36184829473495483,
        0.2704930901527405,
        0.44591426849365234,
        0.35635948181152344,
        0.5734812021255493,
        0.46647316217422485,
        0.5428067445755005,
        0.39143121242523193,
        0.42239129543304443,
        0.5875135660171509,
        0.39251571893692017,
        0.48408961296081543,
        0.2889293432235718,
        0.4810429811477661,
        0.47643542289733887,
        0.23855739831924438,
        0.5215845108032227,
        0.6369461417198181,
        0.42037999629974365,
        0.3333747386932373,
        0.4788150191307068,
        0.644635796546936,
        0.47757184505462646,
        0.5507429838180542,
        0.5307120084762573,
        0.5389537811279297,
        0.415466845035553,
        0.6453350782394409,
        0.365710973739624,
        0.467149019241333,
        0.5082396268844604,
        0.6667638421058655,
        0.6052161455154419,
        0.40966397523880005,
        0.4977530241012573,
        0.2948148250579834,
        0.5715557336807251,
        0.5378732085227966,
        0.6201909780502319,
        0.4711860418319702,
        0.45789188146591187,
        0.6602668166160583,
        0.5768415927886963,
        0.42507869005203247,
        0.3561404347419739,
        0.5231423377990723,
        0.40022701025009155,
        0.4076537489891052,
        0.5370339155197144,
        0.5432984828948975,
        0.5098955631256104,
        0.6189351677894592,
        0.4731948971748352,
        0.4350906014442444,
        0.6335713267326355,
        0.4405096173286438,
        0.517547607421875,
        0.4712180495262146
    ],
    "test_r2_history": [
        -0.34471797943115234,
        -0.3068021535873413,
        -0.25546717643737793,
        -0.18496978282928467,
        -0.09832108020782471,
        -0.04276692867279053,
        0.010137557983398438,
        0.08416789770126343,
        0.14169418811798096,
        0.2004649043083191,
        0.2484782338142395,
        0.27283579111099243,
        0.265244722366333,
        0.2913265824317932,
        0.3333294987678528,
        0.30979984998703003,
        0.35858941078186035,
        0.42500901222229004,
        0.4911149740219116,
        0.44636106491088867,
        0.4673270583152771,
        0.4662121534347534,
        0.4402836561203003,
        0.4281374216079712,
        0.5069297552108765,
        0.5690881013870239,
        0.49592965841293335,
        0.4973453879356384,
        0.4864926338195801,
        0.5271896123886108,
        0.533225417137146,
        0.5427427887916565,
        0.540331244468689,
        0.5583689212799072,
        0.5772382020950317,
        0.5234642624855042,
        0.5105212330818176,
        0.5274744629859924,
        0.5332084894180298,
        0.5183209180831909,
        0.4893530607223511,
        0.5136024951934814,
        0.5500799417495728,
        0.5766077637672424,
        0.5782090425491333,
        0.6016384363174438,
        0.6207817792892456,
        0.6055291891098022,
        0.606316328048706,
        0.613491415977478,
        0.6216025948524475,
        0.6141271591186523,
        0.6542571187019348,
        0.6065082550048828,
        0.6149102449417114,
        0.6721532344818115,
        0.6972191333770752,
        0.6844180226325989,
        0.6777573823928833,
        0.6565097570419312,
        0.6418042182922363,
        0.6522452235221863,
        0.6712683439254761,
        0.6798344850540161,
        0.6712738871574402,
        0.6624236702919006,
        0.6663179397583008,
        0.6561787128448486,
        0.6880203485488892,
        0.6744506359100342,
        0.6809167265892029,
        0.6876519918441772,
        0.682066798210144,
        0.6807012557983398,
        0.6741754412651062,
        0.6760466694831848,
        0.6977107524871826,
        0.6850216388702393,
        0.6959967017173767,
        0.6799623370170593,
        0.6887314915657043,
        0.693882942199707,
        0.6890798807144165,
        0.6857786178588867,
        0.6979633569717407,
        0.681126594543457,
        0.6965161561965942,
        0.7008150815963745,
        0.7030637264251709,
        0.6909579038619995,
        0.6828774213790894,
        0.6907210350036621,
        0.6940364837646484,
        0.7023708820343018,
        0.7007091045379639,
        0.7074728012084961,
        0.7172383666038513,
        0.7131870985031128,
        0.7126452922821045,
        0.7176303267478943,
        0.7065240144729614,
        0.7077620029449463,
        0.7035683989524841,
        0.6983816623687744,
        0.6912198066711426,
        0.6917309761047363,
        0.6794205904006958,
        0.709450364112854,
        0.69318687915802,
        0.6920536756515503,
        0.6906125545501709,
        0.6762850284576416,
        0.6849020719528198,
        0.7040263414382935,
        0.6919416785240173,
        0.6857765316963196,
        0.6956940293312073,
        0.6964699029922485,
        0.6936676502227783
    ],