{
    "num_conv_blocks": 3,
    "initial_channels": 64,
    "dropout_rate": 0.33,
    "learning_rate": 0.001,
    "best_test_r2": 0.5835536122322083,
    "best_test_loss": 15.443389892578125,
    "final_train_r2": 0.5195721983909607,
    "train_r2_history": [
        -0.8635671138763428,
        -0.40427064895629883,
        -0.15134084224700928,
        0.23724150657653809,
        -0.24269163608551025,
        -0.14825439453125,
        -0.14884638786315918,
        -0.15544235706329346,
        0.0316198468208313,
        0.2162187099456787,
        0.08712071180343628,
        -0.2978442907333374,
        0.3579719662666321,
        -0.012112855911254883,
        -0.26983916759490967,
        -0.058707237243652344,
        0.05169177055358887,
        0.0076926350593566895,
        0.36380600929260254,
        0.3117544651031494,
        0.2664150595664978,
        0.2901766896247864,
        0.4527472257614136,
        0.5457017421722412,
        0.4826779365539551,
        0.20616692304611206,
        0.4573143720626831,
        0.40398961305618286,
        0.36782747507095337,
        0.4886714220046997,
        0.526868999004364,
        0.2517402172088623,
        0.3525235056877136,
        0.14425444602966309,
        0.5195721983909607
    ],
    "test_r2_history": [
        -2.915709972381592,
        -1.583878755569458,
        -0.15521645545959473,
        -0.3127933740615845,
        -1.1231262683868408,
        0.07030236721038818,
        -0.024369239807128906,
        -0.04518425464630127,
        0.23171985149383545,
        0.18768584728240967,
        0.2349076271057129,
        0.3890204429626465,
        -0.03548848628997803,
        0.402763307094574,
        0.4505072832107544,
        0.5835536122322083,
        0.36861270666122437,
        0.36754441261291504,
        -0.03162097930908203,
        0.5263110399246216,
        0.5196717381477356,
        0.5408378839492798,
        0.28913629055023193,
        0.1644054651260376,
        0.16055142879486084,
        0.45511430501937866,
        0.5146809816360474,
        0.3358575701713562,
        0.22461730241775513,
        0.19964826107025146,
        0.35582083463668823,
        0.5056731700897217,
        0.5089902877807617,
        0.5041087865829468,
        0.49877017736434937
    ],
    "train_loss_history": [
        145.33047835032144,
        104.42015087604523,
        98.80755933125813,
        62.26653162638346,
        93.79678026835124,
        86.98960018157959,
        97.01459725697835,
        99.04428005218506,
        75.66965198516846,
        61.9102471669515,
        80.71499411265056,
        105.53113873799641,
        57.15225919087728,
        77.04630120595296,
        95.48951784769694,
        79.17718585332234,
        73.31302897135417,
        82.09327252705891,
        50.263059298197426,
        51.92005022366842,
        59.13343524932861,
        55.534813245137535,
        41.430478731791176,
        34.304113467534386,
        39.49510176976522,
        61.77993551890055,
        42.00406074523926,
        49.56780179341634,
        49.91112740834554,
        41.47157541910807,
        35.641445318857826,
        58.73874314626058,
        48.90917634963989,
        64.39097468058269,
        39.24027649561564
    ],
    "test_loss_history": [
        145.20916748046875,
        95.81987762451172,
        42.83974838256836,
        48.683292388916016,
        78.73347473144531,
        34.47666549682617,
        37.98744583129883,
        38.75934982299805,
        28.49070167541504,
        30.12364959716797,
        28.37248992919922,
        22.657407760620117,
        38.3997917175293,
        22.14777183532715,
        20.377246856689453,
        15.443389892578125,
        23.414203643798828,
        23.45381736755371,
        38.25636672973633,
        17.566158294677734,
        17.812368392944336,
        17.027448654174805,
        26.361482620239258,
        30.986974716186523,
        31.129892349243164,
        20.206401824951172,
        17.997446060180664,
        24.62888526916504,
        28.754091262817383,
        29.680038452148438,
        23.888572692871094,
        18.33148765563965,
        18.208477020263672,
        18.389501571655273,
        18.587474822998047
    ]
}