{
    "num_conv_blocks": 3,
    "initial_channels": 32,
    "dropout_rate": 0.33,
    "learning_rate": 0.001,
    "best_test_r2": 0.6821836233139038,
    "best_test_loss": 13.796960830688477,
    "final_train_r2": 0.5413197875022888,
    "train_r2_history": [
        -0.23880505561828613,
        -0.07781600952148438,
        -0.10742902755737305,
        -0.19370567798614502,
        -0.1536773443222046,
        -0.04323732852935791,
        0.23522859811782837,
        0.04309874773025513,
        0.03763705492019653,
        0.12069672346115112,
        0.01025170087814331,
        0.08746498823165894,
        0.17536687850952148,
        0.00875180959701538,
        0.2793780565261841,
        0.3258683681488037,
        0.2749500274658203,
        0.1680697798728943,
        0.27731406688690186,
        0.3561363220214844,
        0.11770862340927124,
        0.18470102548599243,
        0.28696680068969727,
        0.39093732833862305,
        0.08824467658996582,
        0.10141944885253906,
        0.15139877796173096,
        0.2704489231109619,
        0.25899916887283325,
        0.17796862125396729,
        0.14595568180084229,
        0.4538956880569458,
        0.21485954523086548,
        0.42806535959243774,
        0.28980153799057007,
        0.1459958553314209,
        0.2959192395210266,
        0.39247846603393555,
        0.3033314347267151,
        0.3425096273422241,
        0.40588629245758057,
        0.4867512583732605,
        0.4135203957557678,
        0.2417944073677063,
        0.5302004814147949,
        0.5523582696914673,
        0.38718146085739136,
        0.5707665681838989,
        0.4766530394554138,
        0.47100764513015747,
        0.4030464291572571,
        0.4528394937515259,
        0.39188188314437866,
        0.39408230781555176,
        0.348333477973938,
        0.4822959899902344,
        0.4676589369773865,
        0.47696465253829956,
        0.32889366149902344,
        0.3844495415687561,
        0.48409199714660645,
        0.3717634677886963,
        0.3234146237373352,
        0.41831493377685547,
        0.3974802494049072,
        0.3845086097717285,
        0.5413197875022888
    ],
    "test_r2_history": [
        -0.2559608221054077,
        0.012969374656677246,
        -0.08479416370391846,
        -0.20072829723358154,
        -0.027603864669799805,
        0.12808984518051147,
        0.3800361156463623,
        0.3232663869857788,
        0.21794289350509644,
        0.20755213499069214,
        -0.15367698669433594,
        -0.09235084056854248,
        0.07648980617523193,
        0.05798429250717163,
        -0.029315829277038574,
        0.029206931591033936,
        0.02865368127822876,
        0.5374006032943726,
        0.2898595929145813,
        0.4882311224937439,
        0.4894610643386841,
        0.5202988386154175,
        0.5914600491523743,
        0.6238460540771484,
        0.3314160704612732,
        0.23705625534057617,
        0.24587351083755493,
        0.4833981394767761,
        0.618387758731842,
        0.5530762672424316,
        0.5360594391822815,
        0.4515661597251892,
        0.4477815628051758,
        0.48828864097595215,
        0.5629450082778931,
        0.6685688495635986,
        0.6494616270065308,
        0.6310204267501831,
        0.5480691194534302,
        0.5411235690116882,
        0.4934893250465393,
        0.4224982261657715,
        0.3742073178291321,
        0.41027188301086426,
        0.5603359937667847,
        0.6594362258911133,
        0.6766681671142578,
        0.6821836233139038,
        0.6645324230194092,
        0.6165921688079834,
        0.6173001527786255,
        0.5653402805328369,
        0.5859616994857788,
        0.5927497148513794,
        0.5993387699127197,
        0.6041030287742615,
        0.6348733901977539,
        0.6504600048065186,
        0.6457406282424927,
        0.6643946170806885,
        0.6780530214309692,
        0.6506102085113525,
        0.6443761587142944,
        0.6368266344070435,
        0.5967411994934082,
        0.5998774766921997,
        0.6240118741989136
    ],
    "train_loss_history": [
        73.28734719753265,
        52.7725830078125,
        53.00438117980957,
        68.67433961232503,
        55.92409737904867,
        46.77715269724528,
        38.98552020390829,
        37.59319496154785,
        48.1992244720459,
        45.89515336354574,
        37.872642834981285,
        44.78878657023112,
        31.307151476542156,
        34.02933524052302,
        33.06015920639038,
        32.46849966049194,
        30.269967476526897,
        35.88300593694051,
        45.171877225240074,
        21.98915382474661,
        46.52690331141154,
        36.23059868812561,
        29.97947947184245,
        23.29521910349528,
        31.11548547943433,
        31.164061268170673,
        46.42008010546366,
        35.420846462249756,
        25.882261673609417,
        31.8898123105367,
        30.441816647847492,
        24.503609975179035,
        33.491912206014,
        24.906808376312256,
        30.220886667569477,
        37.62029298146566,
        36.14459276199341,
        20.836524208386738,
        27.53250281016032,
        26.055023352305096,
        22.96433488527934,
        22.225872039794922,
        28.96540633837382,
        45.62915857632955,
        17.891067504882812,
        16.029257774353027,
        20.936180310944717,
        15.329970598220825,
        17.989247739315033,
        20.093709150950115,
        23.197749932607014,
        18.841101745764416,
        34.37236340840658,
        20.961291988690693,
        24.68671417236328,
        18.058266242345173,
        18.75471266110738,
        22.356723229090374,
        23.353373567263287,
        22.691285014152527,
        17.84754854440689,
        30.271410544713337,
        23.82724968592326,
        21.56844695409139,
        23.500991423924763,
        21.07018581032753,
        17.551699598630268
    ],
    "test_loss_history": [
        54.5234489440918,
        42.84872055053711,
        47.092811584472656,
        52.125709533691406,
        44.61007308959961,
        37.85114669799805,
        26.913715362548828,
        29.378189086914062,
        33.95046615600586,
        34.40154266357422,
        50.083133697509766,
        47.420860290527344,
        40.091182708740234,
        40.89454650878906,
        44.68439865112305,
        42.14381408691406,
        42.16783905029297,
        20.082244873046875,
        30.828433990478516,
        22.216779708862305,
        22.163387298583984,
        20.824665069580078,
        17.73543357849121,
        16.329498291015625,
        29.02439308166504,
        33.12071990966797,
        32.73794937133789,
        22.42658805847168,
        16.566452026367188,
        19.40174102783203,
        20.14046859741211,
        23.808467864990234,
        23.972768783569336,
        22.214282989501953,
        18.97332000732422,
        14.388005256652832,
        15.21748161315918,
        16.018047332763672,
        19.619108200073242,
        19.92062759399414,
        21.98851203918457,
        25.070356369018555,
        27.1667537689209,
        25.60112762451172,
        19.08658218383789,
        14.784470558166504,
        14.03640079498291,
        13.796960830688477,
        14.563233375549316,
        16.64440155029297,
        16.613670349121094,
        18.86933708190918,
        17.974124908447266,
        17.679445266723633,
        17.393402099609375,
        17.18657875061035,
        15.850781440734863,
        15.174142837524414,
        15.37901782989502,
        14.569217681884766,
        13.976280212402344,
        15.167618751525879,
        15.438249588012695,
        15.7659912109375,
        17.50617027282715,
        17.37001609802246,
        16.32229995727539
    ]
}