{
    "num_conv_blocks": 3,
    "initial_channels": 32,
    "dropout_rate": 0.33,
    "learning_rate": 0.0001,
    "best_test_r2": 0.9216560125350952,
    "best_test_loss": 3.401048421859741,
    "final_train_r2": 0.6024163961410522,
    "train_r2_history": [
        -0.2554800510406494,
        -0.11445629596710205,
        -0.04179954528808594,
        0.017795026302337646,
        0.07732367515563965,
        0.034478187561035156,
        0.0023162364959716797,
        0.02435964345932007,
        0.12961900234222412,
        0.15703219175338745,
        0.12083512544631958,
        0.2359357476234436,
        0.19540441036224365,
        0.07497233152389526,
        0.23901289701461792,
        0.23443132638931274,
        0.32208263874053955,
        0.03533095121383667,
        0.4004238247871399,
        0.23091286420822144,
        0.1674286127090454,
        0.4027658700942993,
        0.12122154235839844,
        0.20434582233428955,
        0.3664739727973938,
        0.31219130754470825,
        0.40979844331741333,
        0.05458199977874756,
        0.44500768184661865,
        0.4272923469543457,
        0.49198365211486816,
        0.4226863980293274,
        0.23520499467849731,
        0.4561782479286194,
        0.5534452795982361,
        0.21694165468215942,
        0.3248421549797058,
        0.4598115086555481,
        0.43150806427001953,
        0.571467936038971,
        0.5526391267776489,
        0.5573914051055908,
        0.49769890308380127,
        0.6039689779281616,
        0.5776916742324829,
        0.5063883662223816,
        0.5913037657737732,
        0.6100927591323853,
        0.7057052850723267,
        0.7104411125183105,
        0.5730343461036682,
        0.4463115930557251,
        0.5731874704360962,
        0.6356080770492554,
        0.45649218559265137,
        0.49170631170272827,
        0.5982767343521118,
        0.7583211660385132,
        0.6529269814491272,
        0.656728982925415,
        0.6911863088607788,
        0.7487179040908813,
        0.7173221111297607,
        0.5484611988067627,
        0.6427147388458252,
        0.7110463976860046,
        0.6508047580718994,
        0.6069095134735107,
        0.6939762830734253,
        0.615826427936554,
        0.8017315864562988,
        0.6388928890228271,
        0.767258882522583,
        0.6726368069648743,
        0.7018119096755981,
        0.6220958232879639,
        0.6618344783782959,
        0.5717489719390869,
        0.5941768884658813,
        0.6024163961410522
    ],
    "test_r2_history": [
        -0.3272794485092163,
        -0.29185712337493896,
        -0.2335953712463379,
        -0.17872798442840576,
        -0.11581718921661377,
        -0.07335591316223145,
        -0.0065659284591674805,
        0.08200299739837646,
        0.1615389585494995,
        0.22340410947799683,
        0.2790558338165283,
        0.36534374952316284,
        0.42128121852874756,
        0.4428892135620117,
        0.45182108879089355,
        0.3393458127975464,
        0.3980028033256531,
        0.43634217977523804,
        0.5007122159004211,
        0.5231003761291504,
        0.5256905555725098,
        0.5586223006248474,
        0.6676907539367676,
        0.701750636100769,
        0.7403981685638428,
        0.7301005125045776,
        0.7530152201652527,
        0.7059479355812073,
        0.5043907761573792,
        0.497031569480896,
        0.6566780805587769,
        0.6685322523117065,
        0.6588634252548218,
        0.689854085445404,
        0.7150034308433533,
        0.682036280632019,
        0.6813693046569824,
        0.7629526853561401,
        0.7120521068572998,
        0.7000688910484314,
        0.7819786667823792,
        0.8093745112419128,
        0.7673455476760864,
        0.7750535607337952,
        0.786873996257782,
        0.8677555918693542,
        0.8939403891563416,
        0.8270867466926575,
        0.8581499457359314,
        0.8498209714889526,
        0.8639920353889465,
        0.8293942809104919,
        0.7363250255584717,
        0.7555017471313477,
        0.7579429745674133,
        0.8259972333908081,
        0.8553181290626526,
        0.8910900354385376,
        0.8898825645446777,
        0.9013864994049072,
        0.9216560125350952,
        0.9149641394615173,
        0.8770826458930969,
        0.8913707137107849,
        0.8766067028045654,
        0.8682025074958801,
        0.8883950114250183,
        0.8671735525131226,
        0.8660537004470825,
        0.8876825571060181,
        0.8783961534500122,
        0.9018263220787048,
        0.8847694993019104,
        0.860166609287262,
        0.8471407294273376,
        0.8555769920349121,
        0.8499192595481873,
        0.8636976480484009,
        0.8635184168815613,
        0.8823514580726624
    ],
    "train_loss_history": [
        74.54893394311269,
        68.76717515786488,
        64.51486003398895,
        62.279139280319214,
        55.28475777308146,
        57.29889837900797,
        60.84920597076416,
        53.377230167388916,
        52.40566555658976,
        50.68443520863851,
        42.66270637512207,
        44.63640817006429,
        41.678160985310875,
        43.3767614364624,
        32.00252183278402,
        31.558231830596924,
        29.29625368118286,
        47.994059562683105,
        36.64101711908976,
        36.652719497680664,
        43.65512879689535,
        25.838589509328205,
        36.25770346323649,
        41.87490971883138,
        33.82305955886841,
        27.820096015930176,
        28.000332196553547,
        40.68307630221049,
        23.171226978302002,
        27.693649927775066,
        26.322596311569214,
        25.222936789194744,
        42.70940073331197,
        27.787208080291748,
        26.954318920771282,
        28.774134635925293,
        25.71067762374878,
        18.51977734764417,
        21.19828732808431,
        24.551230669021606,
        28.484376589457195,
        21.049645741780598,
        18.190923929214478,
        23.372538805007935,
        18.20923948287964,
        21.591848413149517,
        18.93124787012736,
        17.623283227284748,
        10.356120665868124,
        11.186420520146688,
        23.490171432495117,
        19.845791816711426,
        25.16496229171753,
        13.88138779004415,
        24.064228614171345,
        28.85194230079651,
        17.60765798886617,
        8.502385338147482,
        13.907391409079233,
        16.509801864624023,
        10.748626093069712,
        10.464600960413614,
        11.693605184555054,
        17.461708704630535,
        13.575595378875732,
        10.204200188318888,
        14.086676915486654,
        15.69265874226888,
        13.09436140457789,
        13.436596393585205,
        7.210363745689392,
        14.36466677983602,
        8.318457166353861,
        18.798719882965088,
        10.362803876399994,
        18.428288102149963,
        11.65367337067922,
        22.946024179458618,
        16.227806250254314,
        13.592993532617887
    ],