{
    "num_conv_blocks": 2,
    "initial_channels": 64,
    "dropout_rate": 0.33,
    "learning_rate": 0.001,
    "best_test_r2": 0.29807811975479126,
    "best_test_loss": 2.4892868995666504,
    "final_train_r2": -9.482528686523438,
    "train_r2_history": [
        -98.83373260498047,
        -34.56920623779297,
        -11.884010314941406,
        -28.892807006835938,
        -24.097482681274414,
        -22.249296188354492,
        -21.92437744140625,
        -17.20213508605957,
        -18.274185180664062,
        -22.0391845703125,
        -14.948975563049316,
        -9.001927375793457,
        -18.257352828979492,
        -13.556815147399902,
        -17.51576042175293,
        -13.135214805603027,
        -12.937324523925781,
        -11.950338363647461,
        -16.05153465270996,
        -19.843183517456055,
        -14.77554988861084,
        -25.43730926513672,
        -18.0609073638916,
        -18.673738479614258,
        -18.925294876098633,
        -12.36418628692627,
        -27.759389877319336,
        -15.841360092163086,
        -13.795673370361328,
        -16.620079040527344,
        -10.80876350402832,
        -10.774657249450684,
        -14.036293983459473,
        -12.369342803955078,
        -14.427156448364258,
        -11.086445808410645,
        -6.820419788360596,
        -14.686688423156738,
        -9.482528686523438
    ],
    "test_r2_history": [
        -183.15228271484375,
        -77.4620132446289,
        -22.497583389282227,
        -28.819786071777344,
        -15.738330841064453,
        -16.396411895751953,
        -3.1200642585754395,
        -9.998744010925293,
        -12.063691139221191,
        -9.089743614196777,
        -8.918212890625,
        -4.576748371124268,
        -2.111581325531006,
        -11.559417724609375,
        -3.4179272651672363,
        -1.929966926574707,
        -6.204927444458008,
        -0.4872782230377197,
        -4.470198631286621,
        0.29807811975479126,
        -10.014081001281738,
        -13.352608680725098,
        -2.742499828338623,
        -12.459394454956055,
        -2.438876152038574,
        -7.736677169799805,
        -14.029227256774902,
        -12.6489839553833,
        -3.5900630950927734,
        -4.751422882080078,
        -11.166804313659668,
        -8.367487907409668,
        -2.999270439147949,
        -1.9301817417144775,
        -6.079280376434326,
        -9.383703231811523,
        -8.640386581420898,
        -4.559979438781738,
        -2.4254841804504395
    ],
    "train_loss_history": [
        342.28173637390137,
        140.28694279988608,
        55.35070673624674,
        109.1854731241862,
        96.93186442057292,
        89.6619218190511,
        82.80303128560384,
        68.55299123128255,
        67.46501127878825,
        119.67506790161133,
        77.24674987792969,
        39.37337080637614,
        81.62128829956055,
        58.098718325297035,
        73.64741961161296,
        50.1155948638916,
        50.34241167704264,
        52.559096018473305,
        68.09953594207764,
        80.19966061909993,
        115.7111587524414,
        109.32700030008952,
        88.54935264587402,
        73.24860254923503,
        82.2203311920166,
        59.961168924967446,
        117.35825093587239,
        72.36925983428955,
        65.70746739705403,
        60.87442000706991,
        43.66664409637451,
        53.8999989827474,
        58.660156885782875,
        58.97824954986572,
        57.10532188415527,
        53.72623952229818,
        28.245898882548016,
        56.343743324279785,
        40.874722162882485
    ],
    "test_loss_history": [
        653.0751953125,
        278.2566833496094,
        83.33152770996094,
        105.75249481201172,
        59.360599517822266,
        61.69440460205078,
        14.611344337463379,
        39.00579833984375,
        46.32889938354492,
        35.782135009765625,
        35.17382049560547,
        19.777307510375977,
        11.034871101379395,
        44.54055404663086,
        15.667678833007812,
        10.39079761505127,
        25.551462173461914,
        5.274463653564453,
        19.39944076538086,
        2.4892868995666504,
        39.06019592285156,
        50.899906158447266,
        13.272353172302246,
        47.73222351074219,
        12.195586204528809,
        30.9836368560791,
        53.29945755004883,
        48.404579162597656,
        16.278139114379883,
        20.396770477294922,
        43.148189544677734,
        33.22073745727539,
        14.182961463928223,
        10.391560554504395,
        25.10586166381836,
        36.82463073730469,
        34.18853759765625,
        19.71783447265625,
        12.148093223571777
    ]
}