{
    "num_conv_blocks": 4,
    "initial_channels": 16,
    "dropout_rate": 0.33,
    "learning_rate": 0.0001,
    "best_test_r2": -0.20827746391296387,
    "best_test_loss": 4.7572784423828125,
    "final_train_r2": -0.11085212230682373,
    "train_r2_history": [
        -2.4469282627105713,
        -1.2217044830322266,
        -0.47878193855285645,
        -0.4403707981109619,
        -0.2098482847213745,
        -0.26173901557922363,
        -0.045765042304992676,
        -0.19828450679779053,
        -0.5096981525421143,
        -0.3598593473434448,
        -0.1479787826538086,
        0.02804267406463623,
        -0.30599451065063477,
        0.05605262517929077,
        -0.049143314361572266,
        -0.21939313411712646,
        0.11737525463104248,
        0.09104287624359131,
        0.10833650827407837,
        -0.1513158082962036,
        0.017631351947784424,
        -0.08798789978027344,
        -0.027400970458984375,
        -0.3840245008468628,
        -0.13608479499816895,
        -0.12078320980072021,
        0.01643460988998413,
        0.10102903842926025,
        -0.1733860969543457,
        0.01532977819442749,
        -0.10375678539276123,
        -0.1113276481628418,
        -0.03025805950164795,
        -0.0784996747970581,
        -0.14496755599975586,
        0.03332144021987915,
        -0.12531423568725586,
        -0.02367866039276123,
        0.0055969953536987305,
        0.0433192253112793,
        -0.06355297565460205,
        -0.31080853939056396,
        -0.11008775234222412,
        -0.05232417583465576,
        -0.1370542049407959,
        -0.1313643455505371,
        -0.10537195205688477,
        -0.11085212230682373
    ],
    "test_r2_history": [
        -1.5343742370605469,
        -1.3595528602600098,
        -1.0841948986053467,
        -0.8079493045806885,
        -0.587016224861145,
        -0.4448723793029785,
        -0.34340763092041016,
        -0.2575259208679199,
        -0.23597872257232666,
        -0.21633851528167725,
        -0.2288895845413208,
        -0.23805582523345947,
        -0.26020538806915283,
        -0.2608375549316406,
        -0.2704871892929077,
        -0.2788076400756836,
        -0.2492295503616333,
        -0.23617851734161377,
        -0.2259303331375122,
        -0.23552095890045166,
        -0.2224562168121338,
        -0.21772801876068115,
        -0.22889339923858643,
        -0.2342061996459961,
        -0.25624096393585205,
        -0.24633586406707764,
        -0.24750888347625732,
        -0.23418200016021729,
        -0.20827746391296387,
        -0.2355654239654541,
        -0.23237597942352295,
        -0.21536970138549805,
        -0.21159517765045166,
        -0.22323250770568848,
        -0.25524914264678955,
        -0.23581528663635254,
        -0.2208704948425293,
        -0.21462631225585938,
        -0.23011314868927002,
        -0.2376319169998169,
        -0.21636366844177246,
        -0.21286940574645996,
        -0.2310173511505127,
        -0.22075188159942627,
        -0.2274177074432373,
        -0.21979713439941406,
        -0.21568048000335693,
        -0.24113690853118896
    ],
    "train_loss_history": [
        5.021280497312546,
        3.215177536010742,
        2.1239996924996376,
        2.1178556382656097,
        1.906212309996287,
        1.90245321393013,
        1.5527145663897197,
        1.7665550410747528,
        2.4069493611653647,
        1.9545753666510184,
        1.6481515811756253,
        1.4839675078789394,
        1.899872695406278,
        1.422122339407603,
        1.571023240685463,
        1.7586614613731701,
        1.3279852072397869,
        1.3371166586875916,
        1.319288119673729,
        1.6547105920811493,
        1.4685345093409221,
        1.6122955282529194,
        1.4915578315655391,
        2.450852115948995,
        1.6698202788829803,
        1.6176929101347923,
        1.4369670326511066,
        1.3591494063536327,
        1.7776664694150288,
        1.5028725614150364,
        1.64899077018102,
        1.593872848432511,
        1.491323643674453,
        1.6341048181056976,
        1.726041575272878,
        1.564912478129069,
        1.6930550932884216,
        1.5002789348363876,
        1.5496247311433156,
        1.3870538398623466,
        1.6007462243239086,
        2.021179427703222,
        1.6811798612276714,
        1.6137058834234874,
        1.6404110093911488,
        1.7005578875541687,
        1.6991254885991414,
        1.765315552552541
    ],
    "test_loss_history": [
        9.978443145751953,
        9.29012680053711,
        8.205977439880371,
        7.1183319091796875,
        6.248464584350586,
        5.688810348510742,
        5.289319038391113,
        4.951181411743164,
        4.866345405578613,
        4.789018154144287,
        4.83843469619751,
        4.874523162841797,
        4.961732387542725,
        4.9642205238342285,
        5.002213954925537,
        5.034974098205566,
        4.918517589569092,
        4.867132186889648,
        4.8267822265625,
        4.864543437957764,
        4.813104629516602,
        4.794488430023193,
        4.838449954986572,
        4.859367370605469,
        4.946122646331787,
        4.9071245193481445,
        4.9117431640625,
        4.85927152633667,
        4.7572784423828125,
        4.864717960357666,
        4.852160930633545,
        4.785203456878662,
        4.7703423500061035,
        4.816160678863525,
        4.9422173500061035,
        4.865702152252197,
        4.806861400604248,
        4.782275676727295,
        4.843252182006836,
        4.872854232788086,
        4.789116859436035,
        4.775358200073242,
        4.846811294555664,
        4.806394100189209,
        4.832639217376709,
        4.802634239196777,
        4.786426067352295,
        4.886654853820801
    ]
}