{
    "num_conv_blocks": 3,
    "initial_channels": 16,
    "dropout_rate": 0.33,
    "learning_rate": 0.0001,
    "best_test_r2": -0.08822667598724365,
    "best_test_loss": 4.284610748291016,
    "final_train_r2": 0.3668748736381531,
    "train_r2_history": [
        -2.0768988132476807,
        -0.5422552824020386,
        -0.43903160095214844,
        -0.10620951652526855,
        -0.09514832496643066,
        -0.3030010461807251,
        -0.20895922183990479,
        -0.1586449146270752,
        -0.13916099071502686,
        -0.06540775299072266,
        -0.33823931217193604,
        -0.17138421535491943,
        -0.41254258155822754,
        -0.04931628704071045,
        -0.10611367225646973,
        0.08783614635467529,
        0.0036551356315612793,
        -0.08387088775634766,
        0.0027960538864135742,
        -0.07603943347930908,
        -0.08292090892791748,
        -0.15851831436157227,
        -0.10597562789916992,
        -0.19718265533447266,
        -0.29697489738464355,
        -0.18323051929473877,
        -0.1962881088256836,
        0.050491273403167725,
        -0.016705751419067383,
        0.11844146251678467,
        0.20662802457809448,
        -0.16533982753753662,
        -0.01035916805267334,
        0.16205322742462158,
        0.029494047164916992,
        -0.020199179649353027,
        0.0771600604057312,
        0.39644116163253784,
        -0.1231539249420166,
        0.0076517462730407715,
        -0.13127350807189941,
        -0.0034505128860473633,
        0.13147276639938354,
        0.07832658290863037,
        0.2323986291885376,
        0.07229363918304443,
        0.044486165046691895,
        0.3489677309989929,
        0.3668748736381531
    ],
    "test_r2_history": [
        -1.5889065265655518,
        -1.2933659553527832,
        -0.9865390062332153,
        -0.7898731231689453,
        -0.6901053190231323,
        -0.6116126775741577,
        -0.43179070949554443,
        -0.2828950881958008,
        -0.2536630630493164,
        -0.26943886280059814,
        -0.3261561393737793,
        -0.3528940677642822,
        -0.3072413206100464,
        -0.28413844108581543,
        -0.1721407175064087,
        -0.17892324924468994,
        -0.1896047592163086,
        -0.16493618488311768,
        -0.1560746431350708,
        -0.18758130073547363,
        -0.2174137830734253,
        -0.20870447158813477,
        -0.23076903820037842,
        -0.19535624980926514,
        -0.15208697319030762,
        -0.1577211618423462,
        -0.2015167474746704,
        -0.16071701049804688,
        -0.09108185768127441,
        -0.08822667598724365,
        -0.1189037561416626,
        -0.14217901229858398,
        -0.14768540859222412,
        -0.13114428520202637,
        -0.14982759952545166,
        -0.2103201150894165,
        -0.19818294048309326,
        -0.20278501510620117,
        -0.17895972728729248,
        -0.20708632469177246,
        -0.19380104541778564,
        -0.1579371690750122,
        -0.15741455554962158,
        -0.13068151473999023,
        -0.14396679401397705,
        -0.16953516006469727,
        -0.14433705806732178,
        -0.13653576374053955,
        -0.13368630409240723
    ],
    "train_loss_history": [
        4.430247997244199,
        2.222062033911546,
        2.8267948031425476,
        1.6320850104093552,
        1.6790869235992432,
        1.8907431960105896,
        1.7437418041129906,
        1.738747924566269,
        1.7558284401893616,
        1.5342962568004925,
        1.9397652794917424,
        1.725974400838216,
        2.065076549847921,
        1.5511079480250676,
        1.860833927989006,
        1.3381838500499725,
        1.4572339082757633,
        1.6315002193053563,
        1.4994940360387166,
        1.5526312527557213,
        1.5845522979895275,
        1.674994245171547,
        1.6462993522485097,
        1.7291537448763847,
        1.9675865868727367,
        1.8093926807244618,
        1.7507116198539734,
        1.3651249185204506,
        1.5972328980763753,
        1.3613945245742798,
        1.1879971822102864,
        1.6853292994201183,
        1.4600741676986217,
        1.243947039047877,
        1.4383928527434666,
        1.4882187470793724,
        1.416299432516098,
        0.887349267800649,
        1.8360485633214314,
        1.428291776527961,
        1.6864306330680847,
        1.4443653269360464,
        1.3978460828463237,
        1.329769888271888,
        1.1577165871858597,
        1.534211794535319,
        1.4057694772879283,
        0.9453538010517756,
        1.0136540085077286
    ],
    "test_loss_history": [
        10.193148612976074,
        9.029534339904785,
        7.821482181549072,
        7.04716157913208,
        6.654351711273193,
        6.345306873321533,
        5.63730525970459,
        5.0510663986206055,
        4.935973167419434,
        4.998086452484131,
        5.221396446228027,
        5.326670169830322,
        5.146923065185547,
        5.055962562561035,
        4.615000247955322,
        4.641704559326172,
        4.683759689331055,
        4.586634159088135,
        4.551743984222412,
        4.675793647766113,
        4.793251991271973,
        4.758959770202637,
        4.845834732055664,
        4.7064056396484375,
        4.536043643951416,
        4.558227062225342,
        4.730660915374756,
        4.570023536682129,
        4.295852184295654,
        4.284610748291016,
        4.405393600463867,
        4.497033596038818,
        4.518714427947998,
        4.453586578369141,
        4.5271477699279785,
        4.765321731567383,
        4.717534065246582,
        4.735654354095459,
        4.641848087310791,
        4.752589702606201,
        4.700282573699951,
        4.559077739715576,
        4.55702018737793,
        4.451765060424805,
        4.504072666168213,
        4.604742050170898,
        4.50553035736084,
        4.474815368652344,
        4.463595390319824
    ]
}