{
    "num_conv_blocks": 2,
    "initial_channels": 16,
    "dropout_rate": 0.33,
    "learning_rate": 0.001,
    "best_test_r2": -0.2722731828689575,
    "best_test_loss": 5.0092453956604,
    "final_train_r2": -0.23325467109680176,
    "train_r2_history": [
        -2.0122363567352295,
        -1.125232458114624,
        -1.1413824558258057,
        -0.6059850454330444,
        -0.8880244493484497,
        -0.6112333536148071,
        -0.492473840713501,
        -0.5930899381637573,
        -0.7318127155303955,
        -0.9688839912414551,
        -0.5311446189880371,
        -1.0429556369781494,
        -0.46447157859802246,
        -0.42373108863830566,
        -0.6301865577697754,
        -0.3490915298461914,
        -0.31383347511291504,
        -0.6541036367416382,
        -0.3000180721282959,
        -0.41267895698547363,
        -0.06043827533721924,
        -0.1405806541442871,
        -0.13915753364562988,
        -0.2985299825668335,
        0.07704079151153564,
        -0.23325467109680176
    ],
    "test_r2_history": [
        -1.4496386051177979,
        -1.3688974380493164,
        -1.0706787109375,
        -0.5323374271392822,
        -0.3328542709350586,
        -0.6829414367675781,
        -0.2722731828689575,
        -0.4616941213607788,
        -0.3056926727294922,
        -0.4906487464904785,
        -0.43964898586273193,
        -0.45279526710510254,
        -0.6948971748352051,
        -0.5718628168106079,
        -0.5210658311843872,
        -0.46402037143707275,
        -0.3739030361175537,
        -0.4441260099411011,
        -0.44741809368133545,
        -0.4310070276260376,
        -0.41115570068359375,
        -0.46765339374542236,
        -0.4634305238723755,
        -0.45712852478027344,
        -0.434368371963501,
        -0.4649648666381836
    ],
    "train_loss_history": [
        4.763607343037923,
        3.579921950896581,
        3.5020264983177185,
        2.3084050392111144,
        3.2342004776000977,
        2.3254187181591988,
        2.2079421232144036,
        2.296439898510774,
        2.770347078641256,
        2.941089302301407,
        2.2081606884797416,
        3.451343297958374,
        2.123793880144755,
        2.1087175011634827,
        2.3612790554761887,
        2.096436530351639,
        1.9289459387461345,
        2.4595598578453064,
        2.010363062222799,
        2.1651791681845984,
        1.535932246595621,
        1.699439284702142,
        1.656808281938235,
        1.9353414078553517,
        1.518082171678543,
        1.7688027926099796
    ],
    "test_loss_history": [
        9.644816398620605,
        9.326921463012695,
        8.152762413024902,
        6.033181667327881,
        5.247767448425293,
        6.626145839691162,
        5.0092453956604,
        5.755041122436523,
        5.140826225280762,
        5.869043827056885,
        5.6682448387146,
        5.720004558563232,
        6.673218250274658,
        6.1888017654418945,
        5.988802909851074,
        5.7642011642456055,
        5.409387111663818,
        5.6858720779418945,
        5.698834419250488,
        5.634219646453857,
        5.55605936050415,
        5.778505325317383,
        5.76187801361084,
        5.737066745758057,
        5.647453784942627,
        5.767919540405273
    ]
}