{
    "num_conv_blocks": 3,
    "initial_channels": 16,
    "dropout_rate": 0.33,
    "learning_rate": 0.001,
    "best_test_r2": 0.6570175886154175,
    "best_test_loss": 1.21634840965271,
    "final_train_r2": -7.345842361450195,
    "train_r2_history": [
        -157.62156677246094,
        -35.98878860473633,
        -16.887372970581055,
        -22.311243057250977,
        -16.596948623657227,
        -11.879536628723145,
        -11.642043113708496,
        -18.301477432250977,
        -15.392841339111328,
        -15.828662872314453,
        -14.751546859741211,
        -12.307616233825684,
        -15.065605163574219,
        -17.735843658447266,
        -13.996855735778809,
        -8.8890380859375,
        -11.411152839660645,
        -11.836796760559082,
        -10.341766357421875,
        -14.144639015197754,
        -10.41893482208252,
        -12.07906436920166,
        -14.384845733642578,
        -12.868985176086426,
        -18.57770347595215,
        -11.403234481811523,
        -12.306473731994629,
        -11.308640480041504,
        -9.194387435913086,
        -5.239758014678955,
        -9.78331184387207,
        -5.327739715576172,
        -8.676264762878418,
        -8.57776927947998,
        -9.481306076049805,
        -14.964149475097656,
        -14.199003219604492,
        -10.4757080078125,
        -10.332854270935059,
        -12.224627494812012,
        -10.337152481079102,
        -10.749918937683105,
        -15.051511764526367,
        -9.097461700439453,
        -7.766273498535156,
        -8.9378023147583,
        -10.476522445678711,
        -7.231733322143555,
        -9.02706241607666,
        -9.17542839050293,
        -8.907429695129395,
        -7.593069076538086,
        -10.80758285522461,
        -9.981927871704102,
        -11.592467308044434,
        -7.345842361450195
    ],
    "test_r2_history": [
        -208.84063720703125,
        -115.47975158691406,
        -97.48186492919922,
        -84.22132873535156,
        -29.74799156188965,
        -7.307002067565918,
        -2.5602264404296875,
        -7.917949676513672,
        -1.3621478080749512,
        -5.376375675201416,
        -1.4599037170410156,
        -5.811477184295654,
        -12.289397239685059,
        -3.3861751556396484,
        -1.5495150089263916,
        -1.6299035549163818,
        -1.4913549423217773,
        -0.2375248670578003,
        -2.6202735900878906,
        -2.5687577724456787,
        -0.9101189374923706,
        -2.5105042457580566,
        0.11648225784301758,
        -1.0388438701629639,
        -7.854789733886719,
        -6.998003959655762,
        -3.3678784370422363,
        -3.564177989959717,
        0.0005220174789428711,
        -0.036176204681396484,
        0.5768481492996216,
        0.5391741991043091,
        0.37740302085876465,
        -0.012447237968444824,
        0.580537736415863,
        0.6518325805664062,
        0.6570175886154175,
        0.45467936992645264,
        0.3289586305618286,
        0.449792742729187,
        0.22911006212234497,
        -0.45639097690582275,
        -0.8203593492507935,
        0.1532841920852661,
        0.5664271116256714,
        0.6230024099349976,
        0.4120757579803467,
        -0.07693231105804443,
        -0.3438488245010376,
        -0.024020791053771973,
        0.09640121459960938,
        0.1668567657470703,
        0.19688481092453003,
        0.42040330171585083,
        0.45203930139541626,
        0.4985838532447815
    ],
    "train_loss_history": [
        548.5719095865885,
        143.4212964375814,
        73.21201960245769,
        89.99755986531575,
        79.7429968516032,
        47.41798082987467,
        44.72802416483561,
        72.63788255055745,
        82.07777404785156,
        60.63422870635986,
        55.80039564768473,
        48.721848805745445,
        55.194237311681114,
        65.84609667460124,
        58.173661867777504,
        35.765562216440834,
        43.21452856063843,
        51.10406525929769,
        50.3260768254598,
        56.069979985555015,
        62.12517007191976,
        46.18441883722941,
        61.7261536916097,
        66.96519978841145,
        72.35979588826497,
        50.542839686075844,
        50.665295918782554,
        45.693250020345054,
        42.36697006225586,
        27.8038436571757,
        45.60092735290527,
        29.567849318186443,
        33.585921128590904,
        36.25288041432699,
        35.6740083694458,
        57.76115798950195,
        59.31747277577718,
        41.1769905090332,
        44.27106730143229,
        57.021525382995605,
        51.19118086496989,
        52.39551305770874,
        78.33883666992188,
        39.02099736531576,
        31.735589504241943,
        36.258091608683266,
        46.5695432027181,
        31.564975261688232,
        38.788062731424965,
        37.574487368265785,
        35.98460245132446,
        30.383556683858234,
        40.78400810559591,
        50.31156317392985,
        44.34586048126221,
        30.183140913645428
    ],
    "test_loss_history": [
        744.1761474609375,
        413.08221435546875,
        349.2547912597656,
        302.22784423828125,
        109.04426574707031,
        29.4598445892334,
        12.625940322875977,
        31.626501083374023,
        8.377090454101562,
        22.613094329833984,
        8.723769187927246,
        24.156131744384766,
        47.12934494018555,
        15.555073738098145,
        9.041566848754883,
        9.326655387878418,
        8.835308074951172,
        4.388741970062256,
        12.838889122009277,
        12.656197547912598,
        6.774020671844482,
        12.449604988098145,
        3.1332955360412598,
        7.23052978515625,
        31.402511596679688,
        28.364017486572266,
        15.490184783935547,
        16.18634033203125,
        3.5445356369018555,
        3.6746816635131836,
        1.5006600618362427,
        1.63426673412323,
        2.2079696655273438,
        3.590529203414917,
        1.4875752925872803,
        1.2347363233566284,
        1.21634840965271,
        1.9339179992675781,
        2.379772186279297,
        1.9512479305267334,
        2.7338743209838867,
        5.164926052093506,
        6.455698490142822,
        3.002781629562378,
        1.5376173257827759,
        1.3369792699813843,
        2.0850067138671875,
        3.819218635559082,
        4.765807151794434,
        3.6315736770629883,
        3.2045111656188965,
        2.954648017883301,
        2.8481576442718506,
        2.055474042892456,
        1.9432806968688965,
        1.7782156467437744
    ]
}