{
    "num_conv_blocks": 4,
    "initial_channels": 32,
    "dropout_rate": 0.33,
    "learning_rate": 0.001,
    "best_test_r2": 0.6885378360748291,
    "best_test_loss": 13.52111530303955,
    "final_train_r2": 0.5126086473464966,
    "train_r2_history": [
        -0.18534469604492188,
        -0.14931881427764893,
        -0.041167259216308594,
        0.05916643142700195,
        -0.0004538297653198242,
        -0.13291919231414795,
        0.022328317165374756,
        -0.03209483623504639,
        0.07513713836669922,
        0.05296587944030762,
        0.12731611728668213,
        -0.004183530807495117,
        0.18466293811798096,
        0.24486541748046875,
        0.004433989524841309,
        0.1499139666557312,
        0.09566986560821533,
        -0.005548715591430664,
        -0.01582777500152588,
        -0.11743521690368652,
        0.2006635069847107,
        0.265611469745636,
        0.2985435128211975,
        0.3346620798110962,
        0.315956711769104,
        0.24890226125717163,
        0.15392714738845825,
        0.26216161251068115,
        0.3014488220214844,
        0.25675296783447266,
        0.27140843868255615,
        0.2966609001159668,
        0.4047616124153137,
        0.38846856355667114,
        0.12681037187576294,
        0.258805513381958,
        0.312958300113678,
        0.4542674422264099,
        0.35319262742996216,
        0.6295443773269653,
        0.553627073764801,
        0.4602879285812378,
        0.4938625693321228,
        0.4217536449432373,
        0.5491340160369873,
        0.45011675357818604,
        0.5133503675460815,
        0.42244601249694824,
        0.47621768712997437,
        0.5354963541030884,
        0.4615303874015808,
        0.5998703837394714,
        0.4086700677871704,
        0.4115269184112549,
        0.48231297731399536,
        0.6114208698272705,
        0.463783323764801,
        0.645209789276123,
        0.621770977973938,
        0.39870065450668335,
        0.4598725438117981,
        0.42876511812210083,
        0.5048375129699707,
        0.5237334966659546,
        0.5105272531509399,
        0.5487618446350098,
        0.4354211091995239,
        0.6281356811523438,
        0.4015153646469116,
        0.46141207218170166,
        0.6873313784599304,
        0.4268341064453125,
        0.6340770721435547,
        0.5151915550231934,
        0.3322902321815491,
        0.3812825679779053,
        0.5585472583770752,
        0.4685928225517273,
        0.5415887236595154,
        0.4597358703613281,
        0.5962827205657959,
        0.42830944061279297,
        0.45285338163375854,
        0.41823136806488037,
        0.4388986825942993,
        0.6083376407623291,
        0.45705175399780273,
        0.5359233617782593,
        0.5859757661819458,
        0.5710039138793945,
        0.38045477867126465,
        0.5508776903152466,
        0.44339966773986816,
        0.5328792333602905,
        0.5837193727493286,
        0.5392333269119263,
        0.5136358141899109,
        0.5869965553283691,
        0.6407807469367981,
        0.6515858173370361,
        0.5126086473464966
    ],
    "test_r2_history": [
        -0.24642395973205566,
        9.340047836303711e-05,
        0.01318436861038208,
        0.045737385749816895,
        0.07382631301879883,
        0.1102340817451477,
        -0.017598628997802734,
        -0.2934744358062744,
        -0.14400243759155273,
        -0.11431407928466797,
        0.28582775592803955,
        0.3415534496307373,
        0.27913761138916016,
        0.33350473642349243,
        0.30241119861602783,
        -0.2734788656234741,
        -0.17726826667785645,
        -0.040474534034729004,
        0.029429733753204346,
        0.12129020690917969,
        0.20856177806854248,
        0.36685454845428467,
        0.3753814101219177,
        0.36381542682647705,
        0.40168893337249756,
        0.4394548535346985,
        0.376162052154541,
        0.4102659821510315,
        0.45982789993286133,
        0.5143623352050781,
        0.5334835052490234,
        0.48113757371902466,
        0.43681275844573975,
        0.5515683889389038,
        0.5032094717025757,
        0.3962480425834656,
        0.4718160629272461,
        0.5212171077728271,
        0.4937206506729126,
        0.4178311824798584,
        0.4345167279243469,
        0.44230496883392334,
        0.49924153089523315,
        0.4944336414337158,
        0.38995468616485596,
        0.396756112575531,
        0.4077361226081848,
        0.4501380920410156,
        0.5010354518890381,
        0.6009927988052368,
        0.6076717376708984,
        0.6241118907928467,
        0.661685585975647,
        0.6523404121398926,
        0.6280809640884399,
        0.5808361768722534,
        0.5755419731140137,
        0.6028266549110413,
        0.6210757493972778,
        0.6796658039093018,
        0.6565912961959839,
        0.6447793245315552,
        0.6341944336891174,
        0.6416847705841064,
        0.6302982568740845,
        0.6484963893890381,
        0.6210867166519165,
        0.6097471714019775,
        0.6416811943054199,
        0.6822350025177002,
        0.6719614863395691,
        0.624585747718811,
        0.6140977740287781,
        0.6472734212875366,
        0.6595088243484497,
        0.6832777261734009,
        0.67039954662323,
        0.6652072668075562,
        0.6413524746894836,
        0.6533533930778503,
        0.6771233081817627,
        0.6885378360748291,
        0.6867063641548157,
        0.6607794761657715,
        0.671545147895813,
        0.6468799114227295,
        0.6422417163848877,
        0.6058417558670044,
        0.6362690329551697,
        0.6491012573242188,
        0.6385080218315125,
        0.6685402393341064,
        0.6629499197006226,
        0.6416828632354736,
        0.6606359481811523,
        0.667761504650116,
        0.6712510585784912,
        0.6506071090698242,
        0.6699576377868652,
        0.6465436816215515,
        0.626915693283081
    ],