{
    "num_conv_blocks": 4,
    "initial_channels": 64,
    "dropout_rate": 0.33,
    "learning_rate": 0.0001,
    "best_test_r2": 0.8363878130912781,
    "best_test_loss": 7.102690696716309,
    "final_train_r2": 0.6039844751358032,
    "train_r2_history": [
        -0.2828465700149536,
        -0.10298395156860352,
        -0.006515979766845703,
        0.03811609745025635,
        0.09574079513549805,
        0.12998002767562866,
        0.10840243101119995,
        0.2664335370063782,
        0.12507295608520508,
        0.1751459836959839,
        0.13622313737869263,
        0.18476402759552002,
        0.2250441312789917,
        0.30211931467056274,
        0.3593916893005371,
        0.05282706022262573,
        0.262620210647583,
        0.19274604320526123,
        0.2634385824203491,
        0.12897759675979614,
        0.18740153312683105,
        0.22064822912216187,
        0.24529176950454712,
        0.32000839710235596,
        0.40612101554870605,
        0.2664622664451599,
        0.28496652841567993,
        0.3818317651748657,
        0.4043523073196411,
        0.4147835373878479,
        0.3459845781326294,
        0.3657931089401245,
        0.2536729574203491,
        0.34111326932907104,
        0.44382715225219727,
        0.4184209108352661,
        0.33860188722610474,
        0.41135478019714355,
        0.5312767028808594,
        0.32067370414733887,
        0.49359071254730225,
        0.4610599875450134,
        0.5207129716873169,
        0.1882064938545227,
        0.49818235635757446,
        0.5630391836166382,
        0.4453345537185669,
        0.41857093572616577,
        0.430492103099823,
        0.5020437240600586,
        0.5908870697021484,
        0.45077866315841675,
        0.5563755035400391,
        0.5008232593536377,
        0.4143741726875305,
        0.5340273976325989,
        0.5724295377731323,
        0.4475637674331665,
        0.4414236545562744,
        0.4600629210472107,
        0.607520580291748,
        0.5354828834533691,
        0.533958911895752,
        0.6006416082382202,
        0.47104573249816895,
        0.5886310935020447,
        0.49531686305999756,
        0.5687681436538696,
        0.5642386674880981,
        0.5784314870834351,
        0.5296574831008911,
        0.4131075143814087,
        0.3955746293067932,
        0.5282818078994751,
        0.5811786651611328,
        0.555816113948822,
        0.6611252427101135,
        0.5341126918792725,
        0.6567503809928894,
        0.6187732219696045,
        0.5394048690795898,
        0.6102790832519531,
        0.6506320834159851,
        0.4348800778388977,
        0.5444117784500122,
        0.6121320128440857,
        0.5344959497451782,
        0.5225094556808472,
        0.43311578035354614,
        0.5969082117080688,
        0.47583693265914917,
        0.5866904258728027,
        0.5766499042510986,
        0.6842100024223328,
        0.5959296822547913,
        0.6039844751358032
    ],
    "test_r2_history": [
        -0.35659849643707275,
        -0.292272686958313,
        -0.15722382068634033,
        -0.0197446346282959,
        -0.0060269832611083984,
        -0.13336265087127686,
        -0.11445009708404541,
        -0.1099553108215332,
        -0.05705606937408447,
        0.03372335433959961,
        0.07222163677215576,
        0.23166191577911377,
        0.1862214207649231,
        0.5716068744659424,
        0.3353421092033386,
        -0.1091909408569336,
        -0.016237616539001465,
        0.25300532579421997,
        0.3934788703918457,
        0.4815082550048828,
        0.3747704029083252,
        0.3943098187446594,
        0.44453948736190796,
        0.5548602938652039,
        0.6112461090087891,
        0.5771293640136719,
        0.7019813656806946,
        0.7485364675521851,
        0.7477346658706665,
        0.7461159229278564,
        0.7156776189804077,
        0.7010585069656372,
        0.6079063415527344,
        0.5956203937530518,
        0.6452646255493164,
        0.6441128849983215,
        0.6920920610427856,
        0.6905745267868042,
        0.697020411491394,
        0.7118719816207886,
        0.7211878299713135,
        0.7210005521774292,
        0.7502002716064453,
        0.6932777762413025,
        0.7189457416534424,
        0.737852931022644,
        0.7587456703186035,
        0.7769355177879333,
        0.760120689868927,
        0.7486408948898315,
        0.742703914642334,
        0.7686338424682617,
        0.7657684087753296,
        0.7783347368240356,
        0.7442312240600586,
        0.7559891939163208,
        0.7662050724029541,
        0.7770618796348572,
        0.7601874470710754,
        0.7308133244514465,
        0.7576138973236084,
        0.7572141885757446,
        0.7596305012702942,
        0.7703386545181274,
        0.7838735580444336,
        0.770435631275177,
        0.7924154996871948,
        0.7817515134811401,
        0.7944871187210083,
        0.7909626960754395,
        0.787934422492981,
        0.7819351553916931,
        0.7950402498245239,
        0.7777154445648193,
        0.7985203862190247,
        0.7936537265777588,
        0.8363878130912781,
        0.8331609964370728,
        0.8131974339485168,
        0.8011794686317444,
        0.8192155957221985,
        0.7789351940155029,
        0.786299467086792,
        0.7911472320556641,
        0.7889373898506165,
        0.7850106358528137,
        0.8003803491592407,
        0.7632452249526978,
        0.745389997959137,
        0.7561225295066833,
        0.7889654636383057,
        0.8102062344551086,
        0.8111086487770081,
        0.7993853688240051,
        0.7902143001556396,
        0.8018242716789246
    ],