{
    "num_conv_blocks": 4,
    "initial_channels": 64,
    "dropout_rate": 0.33,
    "learning_rate": 0.0001,
    "best_test_r2": 0.47253453731536865,
    "best_test_loss": 19.56039047241211,
    "final_train_r2": 0.3755919337272644,
    "train_r2_history": [
        -2.4547014236450195,
        -1.4115734100341797,
        -0.5204495191574097,
        -0.08646273612976074,
        0.18122857809066772,
        0.25465935468673706,
        0.04828965663909912,
        0.2569846510887146,
        0.1280561089515686,
        0.3676648736000061,
        0.3034815788269043,
        0.03294515609741211,
        0.35729533433914185,
        0.30541133880615234,
        0.33219295740127563,
        -0.022491931915283203,
        0.12419891357421875,
        0.03376728296279907,
        0.20670086145401,
        0.3301761746406555,
        0.4593794345855713,
        0.343936026096344,
        0.2680020332336426,
        0.23401188850402832,
        0.22366756200790405,
        0.33997100591659546,
        0.4513959288597107,
        0.23861831426620483,
        0.08697235584259033,
        0.2689635753631592,
        0.31909382343292236,
        0.26539260149002075,
        0.5401533246040344,
        0.3362451195716858,
        0.36091548204421997,
        0.4120568633079529,
        0.4883763790130615,
        0.34245210886001587,
        0.4209151864051819,
        0.27400368452072144,
        0.3755919337272644
    ],
    "test_r2_history": [
        -4.564253807067871,
        -4.217968463897705,
        -3.7368240356445312,
        -2.971322774887085,
        -1.6173577308654785,
        -0.6440659761428833,
        -0.21416819095611572,
        -0.09507691860198975,
        -0.06365859508514404,
        0.23259282112121582,
        0.22923552989959717,
        0.3923115134239197,
        0.3534783124923706,
        0.28167951107025146,
        0.33234190940856934,
        0.19732123613357544,
        0.07458597421646118,
        0.07343655824661255,
        0.27231407165527344,
        0.4007877707481384,
        0.4474659562110901,
        0.47253453731536865,
        0.41503000259399414,
        0.34982234239578247,
        0.40454238653182983,
        0.44211626052856445,
        0.3431634306907654,
        0.3824785351753235,
        0.4182232618331909,
        0.4081001877784729,
        0.3585124611854553,
        0.3004477024078369,
        0.2235366702079773,
        0.21679198741912842,
        0.23051273822784424,
        0.23421311378479004,
        0.24071747064590454,
        0.22762531042099,
        0.2146240472793579,
        0.24975740909576416,
        0.24027758836746216
    ],
    "train_loss_history": [
        267.6769027709961,
        186.0317751566569,
        114.51962232589722,
        81.65796740849812,
        65.01031732559204,
        60.887274424235024,
        74.68285846710205,
        56.045498530069985,
        69.00694688161214,
        51.12042427062988,
        54.74331251780192,
        76.07993984222412,
        50.35074806213379,
        53.50376955668131,
        67.56093247731526,
        77.68665424982707,
        67.49794022242229,
        73.07696469624837,
        59.24302017688751,
        52.73406092325846,
        41.18732229868571,
        50.10403490066528,
        57.20107873280843,
        60.72707939147949,
        59.1550547281901,
        53.87481212615967,
        44.98227341969808,
        58.82536522547404,
        68.40673279762268,
        59.652602195739746,
        53.08134841918945,
        56.14935922622681,
        36.75982856750488,
        52.97271251678467,
        50.420747915903725,
        44.86775493621826,
        38.19234426816305,
        50.66453170776367,
        51.13491725921631,
        55.70287974675497,
        47.60763088862101
    ],
    "test_loss_history": [
        206.3433380126953,
        193.5017547607422,
        175.65916442871094,
        147.27151489257812,
        97.0614242553711,
        60.968109130859375,
        45.02589797973633,
        40.60955810546875,
        39.44444274902344,
        28.458328247070312,
        28.582826614379883,
        22.535362243652344,
        23.97544288635254,
        26.638010025024414,
        24.759260177612305,
        29.766332626342773,
        34.31781768798828,
        34.36043930053711,
        26.98531723022461,
        22.221031188964844,
        20.49003028869629,
        19.56039047241211,
        21.6928768157959,
        24.11101722717285,
        22.081798553466797,
        20.68841552734375,
        24.357959747314453,
        22.900007247924805,
        21.5744571685791,
        21.949861526489258,
        23.788759231567383,
        25.942018508911133,
        28.794166564941406,
        29.044282913208008,
        28.53546714782715,
        28.398244857788086,
        28.15703582763672,
        28.642547607421875,
        29.124683380126953,
        27.82180404663086,
        28.173349380493164
    ]
}