{
    "num_conv_blocks": 3,
    "initial_channels": 32,
    "dropout_rate": 0.33,
    "learning_rate": 0.001,
    "best_test_r2": 0.6818543672561646,
    "best_test_loss": 11.7980318069458,
    "final_train_r2": 0.6297178268432617,
    "train_r2_history": [
        -1.106447696685791,
        -0.08770310878753662,
        -0.08070182800292969,
        -0.025149822235107422,
        -0.29807186126708984,
        0.316672146320343,
        0.2761976718902588,
        -0.18792200088500977,
        -0.025729060173034668,
        -0.1071016788482666,
        0.04864621162414551,
        -0.07367372512817383,
        0.28010672330856323,
        0.35669344663619995,
        0.07950395345687866,
        -0.0722959041595459,
        0.18822616338729858,
        0.5931154489517212,
        0.4283205270767212,
        0.08785778284072876,
        0.1473594307899475,
        0.10498446226119995,
        0.4392091631889343,
        0.4645518660545349,
        0.1575438380241394,
        0.46386027336120605,
        0.27005285024642944,
        0.22181135416030884,
        0.14334911108016968,
        0.4552799463272095,
        0.47598254680633545,
        0.4970851540565491,
        0.50453782081604,
        0.3781743049621582,
        0.4346541166305542,
        0.5138446092605591,
        0.3238612413406372,
        0.4550364017486572,
        0.569282054901123,
        0.4351968765258789,
        0.508244514465332,
        0.4499475955963135,
        0.4055136442184448,
        0.5318943858146667,
        0.5987032651901245,
        0.5965304374694824,
        0.26606911420822144,
        0.6605229377746582,
        0.49644404649734497,
        0.6595146656036377,
        0.4874117374420166,
        0.42789602279663086,
        0.6858543753623962,
        0.6297178268432617
    ],
    "test_r2_history": [
        -2.8736376762390137,
        -1.156963586807251,
        -0.738337516784668,
        -0.19459402561187744,
        0.1921842098236084,
        -0.08642959594726562,
        0.2779589891433716,
        0.34371012449264526,
        0.17332476377487183,
        -0.5980437994003296,
        -0.1408674716949463,
        0.2600908875465393,
        0.39410704374313354,
        0.595086932182312,
        -3.143204689025879,
        -11.729329109191895,
        -9.275385856628418,
        -3.156111717224121,
        0.2849655747413635,
        0.08698445558547974,
        0.41321033239364624,
        0.38640183210372925,
        0.3014432191848755,
        0.5962658524513245,
        0.5448616743087769,
        0.5007749795913696,
        0.5311180353164673,
        0.5917806625366211,
        0.6201039552688599,
        0.5752311944961548,
        0.5998814105987549,
        0.48580265045166016,
        0.5815189480781555,
        0.6579313278198242,
        0.6818543672561646,
        0.6680883169174194,
        0.6400639414787292,
        0.5206888914108276,
        0.5121939778327942,
        0.4960879683494568,
        0.5042392015457153,
        0.5901200771331787,
        0.5714191198348999,
        0.5284631252288818,
        0.40279024839401245,
        0.5310720205307007,
        0.5614955425262451,
        0.5303550958633423,
        0.5161373615264893,
        0.5147331953048706,
        0.458465039730072,
        0.3631235361099243,
        0.360698938369751,
        0.4077153205871582
    ],
    "train_loss_history": [
        179.35754172007242,
        82.56548706690471,
        83.46098486582439,
        85.94198163350423,
        104.31692632039388,
        53.196712493896484,
        61.68486086527506,
        90.54680315653484,
        82.06893634796143,
        83.51172494888306,
        72.51772101720174,
        84.58993657430013,
        60.41314506530762,
        57.00999975204468,
        93.99910704294841,
        83.1758960088094,
        61.999569257100426,
        34.276057640711464,
        48.005489349365234,
        74.76616795857747,
        69.26203568776448,
        76.62514940897624,
        45.69949531555176,
        63.32120100657145,
        75.50341669718425,
        46.525563875834145,
        60.3091147740682,
        68.27987511952718,
        65.8187198638916,
        41.9335044225057,
        45.13996505737305,
        41.001683394114174,
        38.79202810923258,
        48.39217360814413,
        42.958767890930176,
        41.416854540506996,
        55.04204559326172,
        41.24542999267578,
        33.507681369781494,
        42.3843248685201,
        41.550516764322914,
        43.79389524459839,
        47.63380114237467,
        35.09259124596914,
        32.609902222951256,
        30.763597806294758,
        55.3848237991333,
        27.000595569610596,
        39.78781827290853,
        25.293046693007152,
        38.65544366836548,
        42.97883860270182,
        23.58292595545451,
        28.233744303385418
    ],
    "test_loss_history": [
        143.64898681640625,
        79.98827362060547,
        64.46406555175781,
        44.30001449584961,
        29.956829071044922,
        40.28887939453125,
        26.775983810424805,
        24.337682723999023,
        30.656208038330078,
        59.26144790649414,
        42.30763244628906,
        27.4385986328125,
        22.46877670288086,
        15.015689849853516,
        153.6455535888672,
        472.0511169433594,
        381.04974365234375,
        154.12417602539062,
        26.516149520874023,
        33.858028411865234,
        21.760356903076172,
        22.754518508911133,
        25.905099868774414,
        14.971972465515137,
        16.878231048583984,
        18.513132095336914,
        17.387897491455078,
        15.138301849365234,
        14.08796501159668,
        15.7520170211792,
        14.83789348602295,
        19.068359375,
        15.518841743469238,
        12.685185432434082,
        11.7980318069458,
        12.308526992797852,
        13.347774505615234,
        17.774648666381836,
        18.089672088623047,
        18.68694305419922,
        18.38466453552246,
        15.199880599975586,
        15.89338493347168,
        17.486351013183594,
        22.146772384643555,
        17.389604568481445,
        16.261388778686523,
        17.41619110107422,
        17.943439483642578,
        17.99551010131836,
        20.08214569091797,
        23.617761611938477,
        23.707674026489258,
        21.964130401611328
    ]
}