{
    "num_conv_blocks": 4,
    "initial_channels": 32,
    "dropout_rate": 0.33,
    "learning_rate": 0.0001,
    "best_test_r2": -0.0397343635559082,
    "best_test_loss": 4.093684196472168,
    "final_train_r2": -0.1601572036743164,
    "train_r2_history": [
        -2.7732865810394287,
        -1.1655099391937256,
        -0.411277174949646,
        -0.3835427761077881,
        -0.2586413621902466,
        -0.328332781791687,
        -0.21104836463928223,
        -0.13828933238983154,
        -0.3160591125488281,
        -0.09831094741821289,
        0.11830794811248779,
        -0.10592269897460938,
        0.03527259826660156,
        -0.019464731216430664,
        -0.10484111309051514,
        -0.0905768871307373,
        0.19629061222076416,
        0.0823240876197815,
        0.04703754186630249,
        0.06634610891342163,
        -0.007980704307556152,
        0.038345158100128174,
        -0.016088366508483887,
        -0.15107429027557373,
        -0.0014754533767700195,
        0.07515221834182739,
        -0.1601572036743164
    ],
    "test_r2_history": [
        -1.707331657409668,
        -1.4652595520019531,
        -1.1196463108062744,
        -0.7687840461730957,
        -0.5068676471710205,
        -0.2377692461013794,
        -0.10817587375640869,
        -0.0397343635559082,
        -0.04952895641326904,
        -0.11094522476196289,
        -0.2096642255783081,
        -0.2713063955307007,
        -0.2911703586578369,
        -0.2506248950958252,
        -0.20553576946258545,
        -0.17084908485412598,
        -0.180558443069458,
        -0.19536912441253662,
        -0.2627828121185303,
        -0.25534725189208984,
        -0.24184978008270264,
        -0.21264207363128662,
        -0.21955454349517822,
        -0.21204626560211182,
        -0.20688629150390625,
        -0.16560649871826172,
        -0.14925646781921387
    ],
    "train_loss_history": [
        5.494366685549418,
        3.127923975388209,
        2.0452240829666457,
        2.018843710422516,
        1.8546974261601765,
        1.9605187326669693,
        1.764214776456356,
        1.8229640523592632,
        1.9430634677410126,
        1.6584988633791606,
        1.3119040131568909,
        1.594599491606156,
        1.42835829158624,
        1.5388865768909454,
        1.617669701576233,
        1.5758707001805305,
        1.171503762404124,
        1.4589888056119282,
        1.4109332412481308,
        1.4330542385578156,
        1.4633877351880074,
        1.3786006857020159,
        1.473878100514412,
        1.6862597465515137,
        1.4993979682524998,
        1.392850895722707,
        1.759220540523529
    ],
    "test_loss_history": [
        10.659415245056152,
        9.706320762634277,
        8.34555721282959,
        6.9641289710998535,
        5.932900905609131,
        4.8733954429626465,
        4.363154888153076,
        4.093684196472168,
        4.1322479248046875,
        4.374059200286865,
        4.762739181518555,
        5.005439758300781,
        5.083648681640625,
        4.924010753631592,
        4.746484756469727,
        4.609914779663086,
        4.6481428146362305,
        4.706456184387207,
        4.971879959106445,
        4.942604064941406,
        4.889461517333984,
        4.7744646072387695,
        4.801679611206055,
        4.7721171379089355,
        4.75180196762085,
        4.589273452758789,
        4.524898529052734
    ]
}