{
    "num_conv_blocks": 3,
    "initial_channels": 16,
    "dropout_rate": 0.33,
    "learning_rate": 0.001,
    "best_test_r2": -0.19680821895599365,
    "best_test_loss": 4.712121963500977,
    "final_train_r2": 0.047561824321746826,
    "train_r2_history": [
        -1.3278520107269287,
        -0.16762137413024902,
        -1.1335334777832031,
        -0.35864126682281494,
        -0.33262932300567627,
        -0.30489957332611084,
        -0.18826937675476074,
        -0.21291661262512207,
        -0.5576374530792236,
        -0.7265347242355347,
        -0.2875910997390747,
        -0.06903982162475586,
        -0.43267154693603516,
        -0.7633472681045532,
        -0.331631064414978,
        -0.39002108573913574,
        -0.23013556003570557,
        -0.37411630153656006,
        -0.316774845123291,
        0.12921375036239624,
        -0.06066548824310303,
        -0.07025086879730225,
        -0.6193103790283203,
        0.04414588212966919,
        -0.37870192527770996,
        -0.199043869972229,
        -0.5213398933410645,
        -0.32789337635040283,
        -0.30039358139038086,
        -0.1866142749786377,
        -0.2635805606842041,
        0.14143872261047363,
        0.10300689935684204,
        0.047561824321746826
    ],
    "test_r2_history": [
        -1.3071942329406738,
        -1.0916523933410645,
        -1.0169768333435059,
        -0.7199023962020874,
        -0.5297142267227173,
        -0.4141792058944702,
        -0.28892242908477783,
        -0.6335901021957397,
        -0.5794721841812134,
        -0.45135390758514404,
        -0.21927118301391602,
        -0.29313695430755615,
        -0.5034569501876831,
        -0.43212592601776123,
        -0.19680821895599365,
        -0.32633209228515625,
        -0.5293235778808594,
        -0.5633283853530884,
        -0.3541945219039917,
        -0.4411489963531494,
        -0.5083857774734497,
        -0.42405402660369873,
        -0.5230101346969604,
        -0.47634804248809814,
        -0.4346179962158203,
        -0.4368710517883301,
        -0.5476647615432739,
        -0.5147411823272705,
        -0.4769706726074219,
        -0.4212394952774048,
        -0.3506568670272827,
        -0.3180142641067505,
        -0.3340940475463867,
        -0.31981360912323
    ],
    "train_loss_history": [
        3.4096319874127707,
        1.947753667831421,
        3.1597531040509543,
        2.026433438062668,
        2.203326185544332,
        1.884266085922718,
        1.8314934968948364,
        1.8148705462614696,
        2.277114361524582,
        2.539944770435492,
        2.3956127911806107,
        1.5786841412385304,
        2.1174844950437546,
        2.543653925259908,
        1.9396195858716965,
        2.4983069698015847,
        1.8645707269509633,
        1.9834958190719287,
        2.044938007990519,
        1.33319953083992,
        1.6166733105977376,
        1.5440572798252106,
        2.338790789246559,
        1.376901847620805,
        2.0273831635713577,
        1.8551718592643738,
        2.2420379519462585,
        1.9104596227407455,
        1.874694789449374,
        1.75395671526591,
        1.8204998125632603,
        1.3615396171808243,
        1.3795856535434723,
        1.4518495202064514
    ],
    "test_loss_history": [
        9.083979606628418,
        8.235339164733887,
        7.9413228034973145,
        6.771670341491699,
        6.022853374481201,
        5.56796407699585,
        5.074797630310059,
        6.431838035583496,
        6.218762397766113,
        5.714329719543457,
        4.800563335418701,
        5.091391086578369,
        5.9194722175598145,
        5.63862419128418,
        4.712121963500977,
        5.222088813781738,
        6.021315574645996,
        6.1551995277404785,
        5.331789970397949,
        5.6741509437561035,
        5.938878059387207,
        5.6068434715271,
        5.996457099914551,
        5.812737941741943,
        5.648437023162842,
        5.6573076248168945,
        6.093529224395752,
        5.963901042938232,
        5.815188884735107,
        5.595762252807617,
        5.317862033843994,
        5.189339637756348,
        5.252648830413818,
        5.19642448425293
    ]
}