{
    "num_conv_blocks": 4,
    "initial_channels": 16,
    "dropout_rate": 0.33,
    "learning_rate": 0.0001,
    "best_test_r2": 0.09070473909378052,
    "best_test_loss": 3.224712610244751,
    "final_train_r2": -6.169535160064697,
    "train_r2_history": [
        -219.9083251953125,
        -208.51083374023438,
        -194.17074584960938,
        -178.19667053222656,
        -158.9333953857422,
        -132.4193115234375,
        -104.40270233154297,
        -75.89288330078125,
        -56.6411247253418,
        -35.53299331665039,
        -21.64548683166504,
        -10.060750961303711,
        -8.831186294555664,
        -8.053613662719727,
        -6.950913906097412,
        -7.476963043212891,
        -8.776424407958984,
        -6.381980895996094,
        -7.507076263427734,
        -9.682722091674805,
        -6.499888896942139,
        -6.280742168426514,
        -8.238330841064453,
        -5.965233325958252,
        -6.085922718048096,
        -7.086855888366699,
        -8.864605903625488,
        -7.221977233886719,
        -9.862061500549316,
        -6.15375280380249,
        -7.095549583435059,
        -9.17680835723877,
        -8.341265678405762,
        -9.046991348266602,
        -8.53646183013916,
        -7.899816513061523,
        -8.982988357543945,
        -8.578499794006348,
        -5.576696872711182,
        -6.976468086242676,
        -4.838863372802734,
        -9.981075286865234,
        -3.778463840484619,
        -5.878352642059326,
        -5.465140342712402,
        -9.630428314208984,
        -5.930836200714111,
        -5.277472496032715,
        -7.43187141418457,
        -8.651030540466309,
        -5.3621907234191895,
        -4.051423072814941,
        -7.600372314453125,
        -6.424161911010742,
        -3.761596202850342,
        -4.304798126220703,
        -5.2800679206848145,
        -8.408923149108887,
        -6.559575080871582,
        -7.694868087768555,
        -8.939396858215332,
        -5.230192184448242,
        -6.816036224365234,
        -6.169535160064697
    ],
    "test_r2_history": [
        -242.01504516601562,
        -239.4310760498047,
        -235.0673828125,
        -228.5462646484375,
        -218.764404296875,
        -204.28118896484375,
        -181.4082794189453,
        -152.0391082763672,
        -115.51764678955078,
        -75.08226776123047,
        -39.50605392456055,
        -21.227031707763672,
        -13.885025978088379,
        -13.138763427734375,
        -18.154239654541016,
        -20.07062530517578,
        -16.366514205932617,
        -12.3229398727417,
        -8.620773315429688,
        -7.359046936035156,
        -6.96693229675293,
        -5.072072505950928,
        -4.795921325683594,
        -3.236980438232422,
        -2.5881478786468506,
        -2.2390618324279785,
        -1.464728832244873,
        -0.9836558103561401,
        -1.8533942699432373,
        -3.0681777000427246,
        -3.660097599029541,
        -4.350253105163574,
        -5.430891990661621,
        -6.5928544998168945,
        -5.291387557983398,
        -4.4534831047058105,
        -3.783562660217285,
        -2.5051345825195312,
        -1.4462924003601074,
        -1.8051891326904297,
        -1.2385292053222656,
        -0.4894787073135376,
        -0.0687861442565918,
        0.031183719635009766,
        0.09070473909378052,
        -0.06447553634643555,
        -0.3106346130371094,
        -0.2945448160171509,
        -0.6667892932891846,
        -0.8989080190658569,
        -1.2810969352722168,
        -1.0359752178192139,
        -0.8297245502471924,
        -1.0317158699035645,
        -1.2664096355438232,
        -0.9123070240020752,
        -0.7111833095550537,
        -0.6646496057510376,
        -0.6656322479248047,
        -0.4234403371810913,
        -0.7555007934570312,
        -0.9837057590484619,
        -1.1445834636688232,
        -0.9408742189407349
    ],
    "train_loss_history": [
        861.7734171549479,
        815.5473937988281,
        761.9196980794271,
        689.3066609700521,
        626.560780843099,
        521.2039184570312,
        412.67723083496094,
        294.8833821614583,
        213.0823974609375,
        126.74949137369792,
        81.37502479553223,
        41.569968700408936,
        41.53656609853109,
        47.212581157684326,
        29.766196886698406,
        31.52542559305827,
        34.55796162287394,
        25.912336349487305,
        31.403817812601726,
        38.27327044804891,
        28.695276896158855,
        27.11592451731364,
        33.576290448506676,
        26.80240313212077,
        28.60765806833903,
        38.27408186594645,
        34.70805676778158,
        34.2675085067749,
        37.356937646865845,
        25.356000582377117,
        36.70943387349447,
        35.00645534197489,
        37.62257925669352,
        35.97090848286947,
        34.13317362467448,
        30.273300789296627,
        36.01779429117838,
        33.81211201349894,
        23.299484332402546,
        31.920027414957683,
        20.759686787923176,
        42.173519134521484,
        26.893404483795166,
        27.00829569498698,
        22.910490194956463,
        39.04895861943563,
        24.37813925743103,
        27.0163311958313,
        31.865169843037922,
        44.30103588104248,
        27.876442591349285,
        18.000205596288044,
        41.23750607172648,
        26.05848002433777,
        17.478541056315105,
        18.05492542932431,
        25.119946161905926,
        32.68208249409994,
        25.935667137304943,
        35.63505776723226,
        35.591873486836754,
        28.989733695983887,
        27.74445629119873,
        28.22629515329997
    ],
    "test_loss_history": [
        861.8253784179688,
        852.6615600585938,
        837.1862182617188,
        814.0598754882812,
        779.3695678710938,
        728.006591796875,
        646.8903198242188,
        542.7359008789062,
        413.2166748046875,
        269.817138671875,
        143.65013122558594,
        78.82565307617188,
        52.788063049316406,
        50.14152908325195,
        67.9283447265625,
        74.7245864868164,
        61.58837890625,
        47.248294830322266,
        34.11898422241211,
        29.644412994384766,
        28.25382423400879,
        21.53392219543457,
        20.554584503173828,
        15.025971412658691,
        12.72496223449707,
        11.48696517944336,
        8.74088191986084,
        7.034811019897461,
        10.119241714477539,
        14.42733383178711,
        16.526508331298828,
        18.97406578063965,
        22.80643081665039,
        26.92719841003418,
        22.311697006225586,
        19.340158462524414,
        16.964365005493164,
        12.430563926696777,
        8.675498962402344,
        9.948286056518555,
        7.938690662384033,
        5.2822675704956055,
        3.790329694747925,
        3.4357972145080566,
        3.224712610244751,
        3.7750420570373535,
        4.648017883300781,
        4.590956687927246,
        5.9110798835754395,
        6.734261989593506,
        8.089651107788086,
        7.220355987548828,
        6.488911151885986,
        7.205250263214111,
        8.037564277648926,
        6.781781196594238,
        6.06851863861084,
        5.903491497039795,
        5.906975269317627,
        5.048070430755615,
        6.225684642791748,
        7.034988880157471,
        7.605523586273193,
        6.883091449737549
    ]
}