{
    "num_conv_blocks": 3,
    "initial_channels": 32,
    "dropout_rate": 0.33,
    "learning_rate": 0.001,
    "best_test_r2": -0.04498171806335449,
    "best_test_loss": 4.114344596862793,
    "final_train_r2": 0.2666645050048828,
    "train_r2_history": [
        -3.175204277038574,
        -0.8463541269302368,
        -0.7088785171508789,
        -0.38540565967559814,
        -0.5026904344558716,
        -0.2709507942199707,
        -0.6325086355209351,
        -0.03597426414489746,
        -0.24087679386138916,
        -0.3963918685913086,
        -0.26613521575927734,
        -0.47136473655700684,
        -0.445420503616333,
        -0.19621992111206055,
        -0.13992345333099365,
        -0.15554726123809814,
        -0.0426257848739624,
        -0.08773279190063477,
        -0.2254241704940796,
        -0.12343573570251465,
        -0.3553352355957031,
        0.018469631671905518,
        -0.2913728952407837,
        0.01958400011062622,
        0.000550389289855957,
        0.09069448709487915,
        -0.022181987762451172,
        -0.19683372974395752,
        0.0979568362236023,
        -0.07082200050354004,
        -0.03535878658294678,
        -0.11083829402923584,
        0.16564738750457764,
        -0.00015413761138916016,
        0.15577274560928345,
        0.27967071533203125,
        0.05495840311050415,
        -0.13447439670562744,
        -0.03277266025543213,
        0.30270856618881226,
        -0.059795260429382324,
        -0.08263933658599854,
        0.05778849124908447,
        0.20151275396347046,
        0.12014645338058472,
        0.20846712589263916,
        -0.21807682514190674,
        0.021748602390289307,
        -0.11984848976135254,
        0.2382487654685974,
        0.28190386295318604,
        -0.09626734256744385,
        0.11966335773468018,
        0.20864075422286987,
        0.052618980407714844,
        0.08747369050979614,
        -0.09927737712860107,
        0.03393608331680298,
        0.16566812992095947,
        0.4036281704902649,
        0.2528253197669983,
        0.06376206874847412,
        0.10821402072906494,
        0.12451368570327759,
        0.03664886951446533,
        0.03915607929229736,
        0.2666645050048828
    ],
    "test_r2_history": [
        -1.0782864093780518,
        -0.7100265026092529,
        -0.31903278827667236,
        -0.5152088403701782,
        -0.3258178234100342,
        -0.1921771764755249,
        -0.2926909923553467,
        -0.6049857139587402,
        -0.930387020111084,
        -0.8551266193389893,
        -0.6203172206878662,
        -0.6360349655151367,
        -0.44573676586151123,
        -0.24854779243469238,
        -0.15316402912139893,
        -0.31302404403686523,
        -0.5222885608673096,
        -0.5377346277236938,
        -0.36249399185180664,
        -0.16857266426086426,
        -0.10528063774108887,
        -0.08960199356079102,
        -0.13022947311401367,
        -0.15867066383361816,
        -0.09354293346405029,
        -0.13664329051971436,
        -0.26766443252563477,
        -0.3043442964553833,
        -0.25698375701904297,
        -0.16610240936279297,
        -0.05686140060424805,
        -0.09661495685577393,
        -0.12495648860931396,
        -0.1719369888305664,
        -0.14847588539123535,
        -0.1579759120941162,
        -0.1544269323348999,
        -0.17742693424224854,
        -0.20395076274871826,
        -0.23295140266418457,
        -0.22409749031066895,
        -0.20771455764770508,
        -0.12443351745605469,
        -0.09362208843231201,
        -0.0733187198638916,
        -0.06827974319458008,
        -0.04869282245635986,
        -0.04498171806335449,
        -0.05732083320617676,
        -0.06864452362060547,
        -0.10602915287017822,
        -0.07186472415924072,
        -0.06201732158660889,
        -0.10065460205078125,
        -0.06719732284545898,
        -0.09934484958648682,
        -0.12034463882446289,
        -0.058824777603149414,
        -0.08095502853393555,
        -0.10870969295501709,
        -0.12702405452728271,
        -0.14527010917663574,
        -0.12448132038116455,
        -0.15686047077178955,
        -0.13423800468444824,
        -0.12558341026306152,
        -0.08480298519134521
    ],
    "train_loss_history": [
        7.087679425875346,
        2.7091843535502753,
        2.841256022453308,
        2.144814779361089,
        2.154469207705309,
        1.8350732972224553,
        2.4047604401906333,
        1.531174863378207,
        2.0222681760787964,
        2.0334956298271814,
        1.9204180439313252,
        2.139540784060955,
        2.164282431205114,
        1.7750444809595745,
        1.6983661254247029,
        1.8583991626898448,
        1.5839045246442158,
        1.5953451444705327,
        1.9770241677761078,
        1.6232240324219067,
        1.9729176759719849,
        1.4862689475218456,
        1.8715907111763954,
        1.4213937272628148,
        1.4777905195951462,
        1.6251940180857976,
        1.5354389448960621,
        1.784137596686681,
        1.309808999300003,
        1.5455075080196063,
        1.554553618033727,
        1.8329763809839885,
        1.202941507101059,
        1.4358101931090157,
        1.2129747280851007,
        1.0624292244513829,
        1.4014410972595215,
        1.7158532341321309,
        1.5606077512105305,
        1.015647651006778,
        1.5405118068059285,
        1.569547062118848,
        1.3514717820410926,
        1.2166943152745564,
        1.3087134808301926,
        1.1380315472682316,
        2.0679698487122855,
        1.4375830342372258,
        1.7198986609776814,
        1.1862447361151378,
        1.0325624474013846,
        1.6458791494369507,
        1.3221842000881832,
        1.158178262412548,
        1.4450859526793163,
        1.4503136277198792,
        1.7191265026728313,
        1.474710042277972,
        1.231201410293579,
        0.8976570020119349,
        1.15405935049057,
        1.360455609858036,
        1.4030288259188335,
        1.2699978748957317,
        1.4401375701030095,
        1.5117417474587758,
        1.058935862655441
    ],
    "test_loss_history": [
        8.182714462280273,
        6.732786178588867,
        5.193349838256836,
        5.965743064880371,
        5.220064163208008,
        4.6938886642456055,
        5.089635848999023,
        6.319215297698975,
        7.600398063659668,
        7.304080009460449,
        6.379579067230225,
        6.441463947296143,
        5.69221305847168,
        4.915833950042725,
        4.540284633636475,
        5.16969108581543,
        5.993617534637451,
        6.054431438446045,
        5.364466190338135,
        4.600951671600342,
        4.3517560958862305,
        4.29002571105957,
        4.449985504150391,
        4.561965465545654,
        4.305541515350342,
        4.47523832321167,
        4.991099834442139,
        5.13551664352417,
        4.949048042297363,
        4.591226100921631,
        4.1611175537109375,
        4.3176374435424805,
        4.429224967956543,
        4.614198207855225,
        4.521826267242432,
        4.559230327606201,
        4.545256614685059,
        4.635813236236572,
        4.740244388580322,
        4.854426383972168,
        4.819566249847412,
        4.755063056945801,
        4.427165508270264,
        4.305853366851807,
        4.22591495513916,
        4.2060747146606445,
        4.128956317901611,
        4.114344596862793,
        4.16292667388916,
        4.207510471343994,
        4.354702949523926,
        4.220190048217773,
        4.181417942047119,
        4.333543300628662,
        4.201812744140625,
        4.328385829925537,
        4.41106653213501,
        4.168848037719727,
        4.255980014801025,
        4.365257263183594,
        4.43736457824707,
        4.509203910827637,
        4.427353858947754,
        4.554838180541992,
        4.4657673835754395,
        4.431692600250244,
        4.271130561828613
    ]
}