{
    "num_conv_blocks": 3,
    "initial_channels": 64,
    "dropout_rate": 0.33,
    "learning_rate": 0.0001,
    "best_test_r2": 0.36286723613739014,
    "best_test_loss": 2.259519100189209,
    "final_train_r2": -6.887142658233643,
    "train_r2_history": [
        -207.2932891845703,
        -147.74383544921875,
        -89.47100067138672,
        -36.02872848510742,
        -16.777729034423828,
        -20.12900733947754,
        -21.16228485107422,
        -12.337522506713867,
        -18.796213150024414,
        -18.507080078125,
        -12.7782564163208,
        -13.929193496704102,
        -14.774347305297852,
        -14.61186408996582,
        -12.871196746826172,
        -7.679718971252441,
        -9.669987678527832,
        -11.961739540100098,
        -11.831009864807129,
        -6.7619781494140625,
        -11.227190971374512,
        -10.507230758666992,
        -13.952852249145508,
        -9.838327407836914,
        -8.949286460876465,
        -12.339456558227539,
        -6.193450927734375,
        -13.435006141662598,
        -9.823938369750977,
        -10.204745292663574,
        -10.409576416015625,
        -10.040982246398926,
        -13.607336044311523,
        -8.319414138793945,
        -11.505809783935547,
        -9.759272575378418,
        -12.25909423828125,
        -9.596211433410645,
        -13.17229175567627,
        -10.876885414123535,
        -9.428845405578613,
        -10.59734058380127,
        -9.39307975769043,
        -7.603601455688477,
        -6.810074806213379,
        -5.9127678871154785,
        -12.747251510620117,
        -6.0824785232543945,
        -12.083215713500977,
        -13.130474090576172,
        -8.016092300415039,
        -13.529158592224121,
        -9.456517219543457,
        -14.097466468811035,
        -9.504831314086914,
        -9.672354698181152,
        -7.478849411010742,
        -12.556697845458984,
        -11.360239028930664,
        -11.666922569274902,
        -10.600483894348145,
        -11.34461498260498,
        -8.760100364685059,
        -12.16762638092041,
        -5.504846572875977,
        -7.439169883728027,
        -12.493664741516113,
        -9.465339660644531,
        -7.141589164733887,
        -11.051071166992188,
        -11.8386812210083,
        -11.979120254516602,
        -11.2196044921875,
        -11.037017822265625,
        -10.336349487304688,
        -9.03934097290039,
        -12.220474243164062,
        -8.534252166748047,
        -11.285765647888184,
        -7.733712196350098,
        -8.654722213745117,
        -11.065667152404785,
        -7.707667350769043,
        -6.757944583892822,
        -7.398013114929199,
        -8.958606719970703,
        -6.614102363586426,
        -11.223807334899902,
        -6.132052898406982,
        -11.69478702545166,
        -9.856046676635742,
        -8.951746940612793,
        -6.887142658233643
    ],
    "test_r2_history": [
        -237.3240509033203,
        -221.99253845214844,
        -190.22891235351562,
        -135.89186096191406,
        -73.66773223876953,
        -29.27338409423828,
        -14.712630271911621,
        -13.820666313171387,
        -25.508699417114258,
        -25.652517318725586,
        -17.854997634887695,
        -12.29172420501709,
        -4.58513069152832,
        -4.237354755401611,
        -3.9362287521362305,
        -5.175161361694336,
        -2.7173423767089844,
        -2.07572865486145,
        -1.1586825847625732,
        -1.406341314315796,
        -1.504106044769287,
        -9.362419128417969,
        -10.587861061096191,
        -12.164423942565918,
        -6.286957740783691,
        -1.110069751739502,
        -0.3574221134185791,
        -0.3696326017379761,
        -0.16058433055877686,
        -1.014113426208496,
        -1.9179408550262451,
        -2.0369462966918945,
        -1.8202075958251953,
        -1.8118691444396973,
        -0.3908243179321289,
        -0.09546303749084473,
        -0.18594872951507568,
        -0.17354023456573486,
        -0.5308747291564941,
        -0.5834435224533081,
        -0.6134781837463379,
        -0.26136088371276855,
        -0.249733567237854,
        0.1316642165184021,
        0.14044725894927979,
        0.15188032388687134,
        0.17616111040115356,
        0.055777132511138916,
        0.02674269676208496,
        0.06381165981292725,
        0.08760392665863037,
        -0.17216408252716064,
        -0.1968141794204712,
        0.11941182613372803,
        0.11199361085891724,
        0.2734566330909729,
        0.15180844068527222,
        0.22673606872558594,
        0.15309631824493408,
        0.2730717658996582,
        0.2706189751625061,
        0.13333934545516968,
        -0.004308104515075684,
        0.07687115669250488,
        0.18786680698394775,
        0.11479556560516357,
        0.2682366371154785,
        0.1667943000793457,
        0.057252347469329834,
        0.12305861711502075,
        0.17811018228530884,
        0.25683051347732544,
        0.2642541527748108,
        0.36286723613739014,
        0.2857702374458313,
        0.344896137714386,
        0.25887948274612427,
        0.17002171277999878,
        -0.003980755805969238,
        -0.11408257484436035,
        0.23447871208190918,
        0.20350414514541626,
        0.13167804479599,
        0.06741100549697876,
        0.08821320533752441,
        0.15194422006607056,
        0.21212327480316162,
        0.13033735752105713,
        0.19843369722366333,
        0.12661510705947876,
        -0.04311978816986084,
        0.10307580232620239,
        0.19844895601272583
    ],