{
    "num_conv_blocks": 2,
    "initial_channels": 32,
    "dropout_rate": 0.33,
    "learning_rate": 0.0001,
    "best_test_r2": -2.6063456535339355,
    "best_test_loss": 12.789496421813965,
    "final_train_r2": -13.559126853942871,
    "train_r2_history": [
        -199.74195861816406,
        -115.52012634277344,
        -58.150428771972656,
        -19.761831283569336,
        -18.438888549804688,
        -12.863027572631836,
        -12.529478073120117,
        -12.993393898010254,
        -20.698808670043945,
        -13.922477722167969,
        -9.379669189453125,
        -11.396075248718262,
        -13.35240650177002,
        -8.93713665008545,
        -14.087296485900879,
        -10.472357749938965,
        -8.643455505371094,
        -11.959525108337402,
        -15.17225456237793,
        -10.85460090637207,
        -9.54480266571045,
        -7.758579254150391,
        -15.35500717163086,
        -11.353489875793457,
        -11.364398956298828,
        -12.212359428405762,
        -11.605181694030762,
        -9.134923934936523,
        -10.321447372436523,
        -9.439516067504883,
        -10.609833717346191,
        -8.959808349609375,
        -6.644955635070801,
        -11.73000431060791,
        -8.339299201965332,
        -10.103837966918945,
        -7.103690147399902,
        -6.964443206787109,
        -12.357804298400879,
        -9.889456748962402,
        -13.559126853942871
    ],
    "test_r2_history": [
        -232.4755096435547,
        -198.21873474121094,
        -148.34974670410156,
        -94.27294158935547,
        -63.657737731933594,
        -52.18743896484375,
        -45.40354919433594,
        -38.9796142578125,
        -32.46092224121094,
        -24.72035026550293,
        -18.892976760864258,
        -12.85275650024414,
        -5.855640411376953,
        -3.509544849395752,
        -3.8714475631713867,
        -5.038261890411377,
        -7.582501411437988,
        -8.620314598083496,
        -10.894463539123535,
        -6.042932987213135,
        -4.021197319030762,
        -2.6063456535339355,
        -3.3777031898498535,
        -5.008065700531006,
        -6.292154788970947,
        -5.570523262023926,
        -4.739396572113037,
        -3.8947343826293945,
        -3.8869481086730957,
        -3.5764551162719727,
        -3.6490607261657715,
        -3.900789260864258,
        -3.6666460037231445,
        -3.5607123374938965,
        -3.9663805961608887,
        -4.070247650146484,
        -3.9498753547668457,
        -3.726053237915039,
        -3.446979522705078,
        -3.7260565757751465,
        -3.6778860092163086
    ],
    "train_loss_history": [
        750.1290283203125,
        415.8175811767578,
        210.56382369995117,
        93.87487729390462,
        71.62754440307617,
        58.33380921681722,
        50.80487187703451,
        52.534090995788574,
        119.5262082417806,
        66.12259101867676,
        35.64422885576884,
        47.38235282897949,
        50.77918211619059,
        37.594618479410805,
        64.3176368077596,
        43.19326686859131,
        33.36978133519491,
        52.72835222880045,
        59.29673703511556,
        49.17191982269287,
        39.8558603922526,
        32.27153078715006,
        66.02679093678792,
        50.57823848724365,
        43.75723648071289,
        52.198943773905434,
        48.18559773763021,
        45.46883455912272,
        42.57403246561686,
        41.96980349222819,
        48.14954821268717,
        43.21112187703451,
        32.4902556737264,
        43.904378255208336,
        35.17645994822184,
        41.92751248677572,
        33.7867800394694,
        27.833539485931396,
        47.08327595392863,
        42.23248736063639,
        53.238355000813804
    ],
    "test_loss_history": [
        827.9944458007812,
        706.5067138671875,
        529.6519775390625,
        337.87469482421875,
        229.3013458251953,
        188.6232452392578,
        164.56491088867188,
        141.78318786621094,
        118.66535949707031,
        91.21430969238281,
        70.5481948852539,
        49.12723159790039,
        24.312753677368164,
        15.992589950561523,
        17.276039123535156,
        21.414011001586914,
        30.436866760253906,
        34.11735534667969,
        42.18236541748047,
        24.976964950561523,
        17.807109832763672,
        12.789496421813965,
        15.525029182434082,
        21.306921005249023,
        25.860797882080078,
        23.30161476135254,
        20.354122161865234,
        17.35862159729004,
        17.331008911132812,
        16.22987937927246,
        16.487367630004883,
        17.380096435546875,
        16.549732208251953,
        16.174049377441406,
        17.612707138061523,
        17.981060028076172,
        17.554174423217773,
        16.760414123535156,
        15.770709991455078,
        16.760425567626953,
        16.589595794677734
    ]
}