{
    "num_conv_blocks": 2,
    "initial_channels": 32,
    "dropout_rate": 0.33,
    "learning_rate": 0.0001,
    "best_test_r2": 0.4169943928718567,
    "best_test_loss": 21.62002944946289,
    "final_train_r2": 0.20109248161315918,
    "train_r2_history": [
        -2.3624439239501953,
        -1.0248751640319824,
        -0.351678729057312,
        0.05475360155105591,
        0.05989110469818115,
        0.04991215467453003,
        -0.06390631198883057,
        0.2834097146987915,
        0.2310187816619873,
        0.015612661838531494,
        0.07113772630691528,
        -0.051162004470825195,
        -0.09948670864105225,
        0.17544621229171753,
        0.2512023448944092,
        0.3178611397743225,
        0.28728151321411133,
        0.37240660190582275,
        0.38239777088165283,
        0.359131395816803,
        -0.040322065353393555,
        0.17166495323181152,
        0.23957282304763794,
        0.21954697370529175,
        0.451640248298645,
        0.23026186227798462,
        0.2555508017539978,
        0.49131786823272705,
        0.3161851167678833,
        -0.15542495250701904,
        0.3060324192047119,
        0.30393141508102417,
        0.2816505432128906,
        0.4627373218536377,
        0.243377685546875,
        0.24618756771087646,
        -0.020580172538757324,
        0.4447292685508728,
        0.3802555203437805,
        0.20432299375534058,
        0.36830639839172363,
        0.443014919757843,
        0.20109248161315918
    ],
    "test_r2_history": [
        -4.43331241607666,
        -3.949618339538574,
        -3.4146885871887207,
        -2.880429267883301,
        -2.3512957096099854,
        -1.7390434741973877,
        -1.7108497619628906,
        -1.338585376739502,
        -0.7186710834503174,
        -0.3135871887207031,
        -0.17391836643218994,
        -0.09903287887573242,
        -0.025552988052368164,
        0.14255291223526,
        0.1855860948562622,
        0.27412474155426025,
        0.21111929416656494,
        0.19604235887527466,
        0.21245884895324707,
        0.15136206150054932,
        0.1593875288963318,
        0.347953736782074,
        0.384390652179718,
        0.4169943928718567,
        0.3998017907142639,
        0.40850669145584106,
        0.36603909730911255,
        0.32668668031692505,
        0.3376528024673462,
        0.3309714198112488,
        0.30796754360198975,
        0.33344733715057373,
        0.36489009857177734,
        0.3500669598579407,
        0.33326655626296997,
        0.34667909145355225,
        0.35689353942871094,
        0.37280815839767456,
        0.3957914710044861,
        0.40082693099975586,
        0.3912113308906555,
        0.3880702257156372,
        0.3859243392944336
    ],
    "train_loss_history": [
        263.5707753499349,
        150.1242711544037,
        106.76465797424316,
        70.09385540088017,
        75.03452905019124,
        85.28418159484863,
        85.40576203664143,
        56.76226933797201,
        58.35651032129923,
        80.52053928375244,
        74.90412934621175,
        78.80819161732991,
        82.91116348902385,
        64.09437211354573,
        56.97252655029297,
        54.669880867004395,
        53.94200611114502,
        49.715524991353355,
        53.30854288736979,
        48.33257738749186,
        77.8275978565216,
        61.38801062107086,
        56.70022853215536,
        70.96920235951741,
        41.23249816894531,
        62.47300624847412,
        59.8304697672526,
        40.63228511810303,
        51.14674739042918,
        86.75804646809895,
        51.92459805806478,
        55.15964730580648,
        55.723941485087074,
        41.20798762639364,
        57.71883980433146,
        56.605656703313194,
        77.95737838745117,
        41.540272076924644,
        49.16553147633871,
        59.66923793156942,
        48.18476549784342,
        42.35518900553385,
        60.041821241378784
    ],
    "test_loss_history": [
        201.48756408691406,
        183.5503692626953,
        163.7131805419922,
        143.90086364746094,
        124.27860260009766,
        101.57398986816406,
        100.52847290039062,
        86.72349548339844,
        63.7347526550293,
        48.71273422241211,
        43.53328323364258,
        40.75625228881836,
        38.031341552734375,
        31.797348022460938,
        30.201515197753906,
        26.918170928955078,
        29.25464630126953,
        29.81376075744629,
        29.204971313476562,
        31.470664978027344,
        31.17305564880371,
        24.180316925048828,
        22.829097747802734,
        21.62002944946289,
        22.25759506225586,
        21.934785842895508,
        23.509639739990234,
        24.968982696533203,
        24.56230926513672,
        24.810083389282227,
        25.66315269470215,
        24.7182674407959,
        23.5522518157959,
        24.101951599121094,
        24.7249698638916,
        24.227582931518555,
        23.84879493713379,
        23.25861930847168,
        22.406314849853516,
        22.21957778930664,
        22.57615852355957,
        22.692646026611328,
        22.772226333618164
    ]
}