{
    "num_conv_blocks": 3,
    "initial_channels": 64,
    "dropout_rate": 0.33,
    "learning_rate": 0.0001,
    "best_test_r2": 0.48418891429901123,
    "best_test_loss": 1.8292657136917114,
    "final_train_r2": -8.190765380859375,
    "train_r2_history": [
        -207.49794006347656,
        -151.35475158691406,
        -91.2414779663086,
        -37.214698791503906,
        -11.972085952758789,
        -10.100015640258789,
        -14.371389389038086,
        -10.876898765563965,
        -14.507858276367188,
        -15.0633544921875,
        -9.827407836914062,
        -9.83024787902832,
        -8.050481796264648,
        -11.988585472106934,
        -9.123929023742676,
        -9.346768379211426,
        -13.021804809570312,
        -8.718183517456055,
        -9.581711769104004,
        -10.259092330932617,
        -9.067341804504395,
        -9.585514068603516,
        -10.611298561096191,
        -14.617828369140625,
        -7.9126434326171875,
        -6.608072757720947,
        -5.641522407531738,
        -10.571691513061523,
        -8.262663841247559,
        -6.922584533691406,
        -7.475244522094727,
        -5.592635631561279,
        -7.836980819702148,
        -6.705832004547119,
        -6.475839138031006,
        -8.190765380859375
    ],
    "test_r2_history": [
        -236.88514709472656,
        -220.78793334960938,
        -186.3964385986328,
        -125.19847106933594,
        -52.443992614746094,
        -16.396268844604492,
        -12.08477783203125,
        -10.014893531799316,
        -10.25832462310791,
        -9.206289291381836,
        -13.099869728088379,
        -12.020440101623535,
        -9.847209930419922,
        -1.700425148010254,
        -0.05721080303192139,
        -1.402646780014038,
        0.48418891429901123,
        0.20172220468521118,
        -0.3227895498275757,
        -4.782617092132568,
        -2.779848575592041,
        -1.2616643905639648,
        -3.302175521850586,
        -3.762362480163574,
        -1.700664758682251,
        -0.447629451751709,
        -0.5865734815597534,
        -0.771599531173706,
        -0.6851742267608643,
        -0.9394574165344238,
        -1.4954867362976074,
        -1.915388822555542,
        -1.5714144706726074,
        -0.9174598455429077,
        -0.2850215435028076,
        -0.791297435760498
    ],
    "train_loss_history": [
        800.7293701171875,
        582.8772023518881,
        340.8223190307617,
        133.74199867248535,
        51.59657859802246,
        40.65481503804525,
        65.63309224446614,
        44.50506750742594,
        56.85131359100342,
        59.286879221598305,
        40.326670010884605,
        57.81722895304362,
        35.680342038472496,
        44.59475485483805,
        43.499308268229164,
        37.42546876271566,
        49.280754248301186,
        38.61500326792399,
        46.19585990905762,
        39.37383206685384,
        45.56669203440348,
        37.89089107513428,
        46.47340710957845,
        67.92069021860759,
        40.26474062601725,
        27.90429989496867,
        23.58712887763977,
        51.11593786875407,
        33.65074666341146,
        35.336811224619545,
        30.017192045847576,
        22.67675507068634,
        34.025674184163414,
        28.91817506154378,
        30.150204181671143,
        37.72103691101074
    ],
    "test_loss_history": [
        843.6327514648438,
        786.5457763671875,
        664.5802612304688,
        447.5486145019531,
        189.53309631347656,
        61.69390106201172,
        46.403690338134766,
        39.063072204589844,
        39.92637634277344,
        36.19544982910156,
        50.00359344482422,
        46.175514221191406,
        38.46840286254883,
        9.576750755310059,
        3.7492785453796387,
        8.520715713500977,
        1.8292657136917114,
        2.8310019969940186,
        4.691123008728027,
        20.507400512695312,
        13.404805183410645,
        8.020735740661621,
        15.25717544555664,
        16.889179229736328,
        9.57760238647461,
        5.133853912353516,
        5.626603126525879,
        6.282777309417725,
        5.9762797355651855,
        6.878066062927246,
        8.84996223449707,
        10.339096069335938,
        9.119231224060059,
        6.800054550170898,
        4.557183265686035,
        6.352633476257324
    ]
}