{
    "num_conv_blocks": 2,
    "initial_channels": 16,
    "dropout_rate": 0.33,
    "learning_rate": 0.001,
    "best_test_r2": 0.6374383568763733,
    "best_test_loss": 15.739435195922852,
    "final_train_r2": 0.5729622840881348,
    "train_r2_history": [
        -0.2938063144683838,
        -0.11421799659729004,
        -0.17083525657653809,
        -0.14808011054992676,
        0.014986515045166016,
        -0.0013537406921386719,
        -0.34166157245635986,
        0.1869763731956482,
        0.13800150156021118,
        -0.06677937507629395,
        0.04406166076660156,
        -0.10330033302307129,
        0.16654866933822632,
        0.3381577730178833,
        0.18679440021514893,
        0.1191169023513794,
        0.21052366495132446,
        -0.013795256614685059,
        -0.1801459789276123,
        0.010201811790466309,
        0.19588702917099,
        -0.0863182544708252,
        0.18951308727264404,
        0.03520989418029785,
        0.18295031785964966,
        0.17691391706466675,
        0.3511162996292114,
        0.23343968391418457,
        0.3652372360229492,
        0.2972103953361511,
        0.09706145524978638,
        0.39032500982284546,
        0.270269513130188,
        0.421075701713562,
        0.44373804330825806,
        0.19937598705291748,
        0.43990540504455566,
        0.3118129372596741,
        0.24452221393585205,
        0.4192151427268982,
        0.3624727129936218,
        0.3449872136116028,
        0.2981336712837219,
        0.45983201265335083,
        0.485895574092865,
        0.5412294864654541,
        0.4380861520767212,
        0.6204603910446167,
        0.4644371271133423,
        0.38712382316589355,
        0.3761506676673889,
        0.5180822610855103,
        0.3545041084289551,
        0.33693671226501465,
        0.35521548986434937,
        0.5207980275154114,
        0.5660049915313721,
        0.5164358615875244,
        0.5634949207305908,
        0.6064780950546265,
        0.7352717518806458,
        0.3912280201911926,
        0.49622398614883423,
        0.4855175018310547,
        0.5082275867462158,
        0.5729622840881348
    ],
    "test_r2_history": [
        -0.33099818229675293,
        -0.2784247398376465,
        -0.2256917953491211,
        -0.16689074039459229,
        -0.04099738597869873,
        0.050593674182891846,
        0.05241125822067261,
        0.0882989764213562,
        0.09178513288497925,
        0.030192673206329346,
        0.03595811128616333,
        0.06725108623504639,
        0.20153659582138062,
        0.28246599435806274,
        0.4109959602355957,
        0.17530012130737305,
        0.22062921524047852,
        0.12333440780639648,
        0.17062103748321533,
        0.1480492353439331,
        0.14823776483535767,
        0.21666944026947021,
        0.2719140648841858,
        0.2438448667526245,
        0.28247106075286865,
        0.2189989686012268,
        0.22681373357772827,
        0.3237040638923645,
        0.429676353931427,
        0.4667239189147949,
        0.45078158378601074,
        0.4087334871292114,
        0.4540327191352844,
        0.48368602991104126,
        0.5142602324485779,
        0.5375721454620361,
        0.5729232430458069,
        0.5811963081359863,
        0.5656396150588989,
        0.5635762214660645,
        0.5484225153923035,
        0.5557055473327637,
        0.5231907367706299,
        0.5604143738746643,
        0.5907459259033203,
        0.6209644079208374,
        0.6374383568763733,
        0.6204562187194824,
        0.6046395301818848,
        0.5957297086715698,
        0.556713342666626,
        0.5417673587799072,
        0.5466278791427612,
        0.5660881996154785,
        0.5770830512046814,
        0.5774238109588623,
        0.5836740732192993,
        0.5616791248321533,
        0.5181233882904053,
        0.5324785113334656,
        0.5238029956817627,
        0.5661205649375916,
        0.5748106241226196,
        0.5803893804550171,
        0.5889989137649536,
        0.5516345500946045
    ],
    "train_loss_history": [
        74.98458003997803,
        62.9702201684316,
        68.95071506500244,
        59.46051009496053,
        56.63175058364868,
        53.259581327438354,
        63.38943910598755,
        43.691983222961426,
        42.35059897104899,
        61.50739034016927,
        51.20049603780111,
        60.995965321858726,
        41.07756741841634,
        34.869112968444824,
        46.44348017374674,
        46.96824701627096,
        36.106476624806724,
        50.35169315338135,
        71.25663089752197,
        53.518349170684814,
        57.68085845311483,
        48.39393631617228,
        49.095638275146484,
        56.71437136332194,
        48.671414375305176,
        30.599385579427082,
        37.44382095336914,
        50.21906757354736,
        35.40795270601908,
        33.7564263343811,
        45.115031798680626,
        33.19334411621094,
        43.235440731048584,
        32.07113758722941,
        28.765140056610107,
        45.130452156066895,
        19.42410143216451,
        36.97542254130045,
        38.903720696767174,
        24.046422739823658,
        38.74927763144175,
        41.49662868181864,
        34.969742139180504,
        29.427596429983776,
        30.71228277683258,
        22.0449032386144,
        19.55390540758769,
        26.37743616104126,
        20.69928232828776,
        23.069791952768963,
        22.224645137786865,
        25.860086421171825,
        38.5596653620402,
        22.657667400936287,
        31.402742822964985,
        30.336474378903706,
        15.358014424641928,
        27.448894381523132,
        26.429846048355103,
        25.259511470794678,
        13.928340593973795,
        28.20348432660103,
        20.167508761088055,
        30.80392583211263,
        19.04176088174184,
        29.218596696853638
    ],
    "test_loss_history": [
        57.78096008300781,
        55.49864959716797,
        53.209415435791016,
        50.65675735473633,
        45.19151306152344,
        41.21538543701172,
        41.1364860534668,
        39.578529357910156,
        39.42719268798828,
        42.10103225708008,
        41.85073471069336,
        40.49225616455078,
        34.66269302368164,
        31.149404525756836,
        25.56969451904297,
        35.80166244506836,
        33.83384323120117,
        38.05758285522461,
        36.00478744506836,
        36.98466873168945,
        36.97648620605469,
        34.0057487487793,
        31.60748291015625,
        32.82601547241211,
        31.149181365966797,
        33.90462112426758,
        33.565364837646484,
        29.35918426513672,
        24.758747100830078,
        23.15044403076172,
        23.842533111572266,
        25.667911529541016,
        23.701393127441406,
        22.41408920288086,
        21.086811065673828,
        20.074798583984375,
        18.540145874023438,
        18.180999755859375,
        18.856338500976562,
        18.945920944213867,
        19.6037654876709,
        19.28759765625,
        20.69912338256836,
        19.083179473876953,
        17.766435623168945,
        16.45459747314453,
        15.739435195922852,
        16.47665786743164,
        17.16329002380371,
        17.550077438354492,
        19.24384880065918,
        19.892677307128906,
        19.681676864624023,
        18.836868286132812,
        18.35956382751465,
        18.34476661682129,
        18.073434829711914,
        19.02827262878418,
        20.919103622436523,
        20.295921325683594,
        20.672542572021484,
        18.835460662841797,
        18.458215713500977,
        18.216026306152344,
        17.842273712158203,
        19.464324951171875
    ]
}